question_id,judge,score,rationale
MS-PS1-002,OSS 120b,1,"The answer correctly explains that the subscript indicates the number of atoms of that element in a molecule, which fully addresses the question."
MS-PS1-001,OSS 120b,1,"The answer correctly explains that a chemical formula indicates the elements present and the relative number of atoms of each element, which fully addresses the question."
MS-PS1-001,Nemotron 3 Super 120b a12,1,"The answer correctly explains that a chemical formula identifies the elements present and the number of each atom in a basic unit of the substance, which aligns with the standard's focus on atomic composition."
MS-PS1-003,OSS 120b,1,"The answer correctly states that an atomic symbol is a one- or two-letter abbreviation that represents an element, which directly answers the question."
MS-PS1-001,Gemini Flash 3,1,"The answer accurately explains how a chemical formula identifies the types of elements and the number of atoms present in a substance, which directly addresses the core concepts of standard MS-PS1-1."
MS-PS1-003,Nemotron 3 Super 120b a12,1,"The answer correctly states that an atomic symbol is a one- or two‑letter abbreviation representing an element, which is accurate and sufficient for the middle‑school standard."
MS-PS1-002,Nemotron 3 Super 120b a12,0,"The answer correctly describes subscripts for molecules but omits that they also indicate the ratio of atoms in formula units for extended structures, making it incomplete for the standard."
MS-PS1-003,Gemini Flash 3,1,"The answer accurately defines the atomic symbol as a letter-based abbreviation for an element and provides correct examples, which is a fundamental prerequisite for modeling atomic composition."
MS-PS1-004,OSS 120b,1,"The answer correctly defines a chemical reaction, mentioning reactants turning into products with different properties, which aligns with the standard."
MS-PS1-004,Nemotron 3 Super 120b a12,1,"The answer correctly defines a chemical reaction as the transformation of reactants into new products with different properties, which aligns with the standard's focus on observing property changes to identify reactions."
MS-PS1-004,Gemini Flash 3,1,"The answer accurately defines a chemical reaction and highlights the change in properties, which is central to the MS-PS1-2 standard."
MS-PS1-005,Nemotron 3 Super 120b a12,1,The answer correctly defines a chemical property as how a substance changes into a different substance and provides appropriate examples.
MS-PS1-005,OSS 120b,1,The answer correctly defines a chemical property as a characteristic that describes how a substance can change into another substance and provides appropriate examples.
MS-PS1-006,OSS 120b,1,"The answer correctly defines a precipitate as a solid that forms and settles out of a liquid solution during a chemical reaction, which adequately addresses the question."
MS-PS1-002,Gemini Flash 3,1,"The answer correctly and clearly explains that a subscript indicates the number of atoms of a specific element within a chemical formula, which aligns with the requirements of MS-PS1-1."
MS-PS1-006,Nemotron 3 Super 120b a12,1,"The answer correctly defines a precipitate as a solid that forms and settles out of a liquid solution during a chemical reaction, which is accurate and sufficient for the middle-school standard."
MS-PS1-007,Nemotron 3 Super 120b a12,1,"The answer correctly distinguishes physical and chemical changes by noting that only chemical changes produce new substances with different properties, which satisfies MS-PS1-2."
MS-PS1-007,OSS 120b,1,"The answer correctly states that physical changes involve only form or appearance without new substances, whereas chemical changes produce new substances with different properties, fully addressing the difference."
MS-PS1-008,OSS 120b,1,"The answer correctly identifies petroleum, a natural resource, as the most common source of plastic."
MS-PS1-006,Gemini Flash 3,1,"The definition accurately identifies a precipitate as an insoluble solid formed during a chemical reaction, which is a key indicator of chemical change required by the standard."
MS-PS1-005,Gemini Flash 3,1,The answer accurately defines chemical properties by focusing on the formation of new substances and provides appropriate middle-school level examples.
MS-PS1-008,Nemotron 3 Super 120b a12,1,The answer correctly identifies petroleum (crude oil) as the primary natural resource for most plastics and provides sufficient detail for the middle‑school level.
MS-PS1-009,OSS 120b,1,"The answer correctly states that polyester is made from chemicals derived from petroleum, which adequately answers the question."
MS-PS1-009,Nemotron 3 Super 120b a12,1,"The answer correctly states that polyester is a synthetic fabric derived from petroleum-based chemicals, which aligns with the standard."
MS-PS1-007,Gemini Flash 3,1,"The answer accurately defines the core distinction between physical and chemical changes by focusing on the formation of new substances, which is central to the MS-PS1-2 standard."
MS-PS1-008,Gemini Flash 3,1,"The answer accurately identifies petroleum as the primary natural resource for plastic production, which correctly demonstrates the link between synthetic materials and natural resources as required by the standard."
MS-PS1-010,Nemotron 3 Super 120b a12,1,"The answer correctly defines thermal energy as the total kinetic energy of a substance's particles, which aligns with the MS-PS1-4 focus on particle motion and temperature changes."
MS-PS1-011,Nemotron 3 Super 120b a12,1,"The answer correctly identifies the term for the temperature at which a solid changes to a liquid as the melting point, which fully addresses the question."
MS-PS1-010,OSS 120b,1,"The answer correctly defines thermal energy as the total kinetic energy of a substance's particles, which is an appropriate and sufficient explanation for the standard."
MS-PS1-011,OSS 120b,1,The answer correctly identifies the term 'melting point' for the temperature where a solid becomes a liquid.
MS-PS1-010,Gemini Flash 3,1,"The definition accurately identifies thermal energy as the total kinetic energy of particles in a substance, which is appropriate and sufficient for the MS-PS1-4 standard."
MS-PS1-009,Gemini Flash 3,1,"The answer accurately identifies that polyester is a synthetic material derived from petroleum, a natural resource, which directly supports the primary requirement of MS-PS1-3."
MS-PS1-012,OSS 120b,1,"The answer correctly describes the denser, fixed arrangement of particles in a solid versus the sparse, freely moving arrangement in a gas, satisfying the standard."
MS-PS1-011,Gemini Flash 3,1,"The answer accurately identifies the melting point as the temperature where a solid transitions to a liquid, which is a core concept of phase changes in MS-PS1-4."
MS-PS1-012,Nemotron 3 Super 120b a12,1,"The answer correctly describes the arrangement and motion of particles in solids versus gases, meeting the standard's requirements."
MS-PS1-014,OSS 120b,1,"The answer accurately distinguishes heat as energy transfer and temperature as average kinetic energy, providing a correct and sufficient explanation."
MS-PS1-012,Gemini Flash 3,1,"The answer accurately describes the key differences in particle arrangement and motion between solids and gases, which is fundamental to the MS-PS1-4 standard."
MS-PS1-013,OSS 120b,1,The answer correctly identifies ammonium nitrate as the common chemical used in instant cold packs to absorb heat.
MS-PS1-013,Nemotron 3 Super 120b a12,1,The answer correctly identifies ammonium nitrate as the common household chemical used in instant cold packs and accurately describes its endothermic dissolution that absorbs heat.
MS-PS1-014,Nemotron 3 Super 120b a12,1,"The answer correctly distinguishes heat as the transfer of thermal energy and temperature as a measure of average kinetic energy, and notes heat flows from higher to lower temperature, which accurately answers the question."
MS-PS1-015,OSS 120b,1,"The answer correctly explains that the number (and arrangement) of atoms determines a molecule's identity, using a clear example, fulfilling the standard."
MS-PS1-013,Gemini Flash 3,1,"The answer correctly identifies ammonium nitrate and its endothermic property, which is the primary mechanism used in commercial instant cold packs to absorb thermal energy."
MS-PS1-015,Nemotron 3 Super 120b a12,1,"The answer correctly explains that the number and arrangement of atoms determines a molecule's chemical identity, illustrated by H₂O vs H₂O₂."
MS-PS1-016,OSS 120b,1,"The answer correctly explains that both atom types and their quantities are needed to uniquely identify a molecule, determine its formula, and understand its properties."
MS-PS1-014,Gemini Flash 3,1,"The answer accurately distinguishes between heat as the transfer of energy and temperature as the average kinetic energy of particles, which is foundational knowledge for understanding the thermal processes in standard MS-PS1-6."
MS-PS1-015,Gemini Flash 3,1,"The answer accurately explains that chemical identity depends on atomic composition and provides a clear, illustrative example suitable for the middle-school level."
MS-PS1-016,Gemini Flash 3,1,The answer accurately explains that both the identity and the quantity of atoms are necessary to define a specific molecule's chemical formula and unique properties.
MS-PS1-016,Nemotron 3 Super 120b a12,1,"The answer correctly explains that atomic identity and quantities uniquely determine a molecule's formula and properties, which aligns with the standard."
MS-PS1-017,Gemini Flash 3,1,"The answer correctly explains that during a phase change, thermal energy is used to overcome intermolecular attractions rather than increasing the kinetic energy of the particles."
MS-PS1-017,OSS 120b,1,"The answer correctly explains that the heat goes into breaking intermolecular bonds (latent heat) rather than increasing kinetic energy, so temperature remains constant during melting."
MS-PS1-018,Nemotron 3 Super 120b a12,1,"The answer correctly explains that gas particles possess more thermal energy and experience weaker intermolecular forces, causing them to move faster than the vibrating solids particles, which satisfies the standard's focus on particle motion and energy."
MS-PS1-017,Nemotron 3 Super 120b a12,1,"The answer correctly explains that added heat during melting goes into breaking intermolecular bonds rather than increasing particle kinetic energy, keeping temperature constant, which aligns with the standard's focus on particle motion, temperature, and state changes."
MS-PS1-019,OSS 120b,1,"The answer correctly explains that temperature reflects the average kinetic energy of particles, linking higher particle speeds to higher temperature, which aligns with the standard."
MS-PS1-018,OSS 120b,1,"The answer correctly explains that gas particles have higher thermal energy and weaker intermolecular forces, leading them to move faster than the vibrationally constrained particles in a solid."
MS-PS1-019,Gemini Flash 3,1,The answer accurately defines temperature as the average kinetic energy of particles and correctly explains the relationship between particle speed and temperature as required by the MS-PS1-4 standard.
MS-PS1-020,Nemotron 3 Super 120b a12,1,"The answer correctly distinguishes melting (particles moving past each other while staying close) from boiling (particles escaping all attractive forces), explaining why boiling requires more energy, which aligns with the standard."
MS-PS1-018,Gemini Flash 3,1,"The answer correctly identifies that higher thermal energy in gases results in greater kinetic energy and particle speed compared to solids, where lower energy and stronger attractive forces limit motion to vibrations."
MS-PS1-020,OSS 120b,1,"The answer correctly explains that melting requires only enough energy to loosen particles while retaining some attractions, whereas boiling must overcome all intermolecular forces, thus needing more energy."
MS-PS1-021,OSS 120b,1,"The answer correctly explains that atoms are conserved during chemical reactions, so mass remains unchanged, fully meeting the standard."
MS-PS1-022,Nemotron 3 Super 120b a12,1,"The answer correctly explains that counting atoms on both sides verifies no atoms are gained or lost, demonstrating conservation of mass as required by the standard."
MS-PS1-019,Nemotron 3 Super 120b a12,1,"The answer correctly explains that temperature measures the average kinetic energy of particles, which directly relates to their speed, thus addressing why temperature indicates how fast particles move."
MS-PS1-020,Gemini Flash 3,1,The answer accurately describes the difference in energy requirements based on the degree to which attractive forces must be overcome to transition between states of matter.
MS-PS1-022,Gemini Flash 3,1,"The answer accurately links the process of counting atoms to the Law of Conservation of Mass and the principle that atoms are neither created nor destroyed, directly fulfilling the standard's requirements."
MS-PS1-023,OSS 120b,1,"The answer correctly explains that the wood's atoms combine with oxygen to form gases, so the mass is conserved even though the wood appears to disappear."
MS-PS1-023,Nemotron 3 Super 120b a12,1,"The answer correctly explains that the wood's atoms combine with oxygen to form invisible gases, preserving total mass, which fully addresses the conservation‑of‑mass concept for the standard."
MS-PS1-022,OSS 120b,1,"The answer correctly explains that counting atoms verifies that atoms are neither created nor destroyed, demonstrating mass conservation."
MS-PS1-021,Nemotron 3 Super 120b a12,1,"The answer correctly explains that mass stays the same because atoms are neither created nor destroyed, only rearranged, which directly satisfies MS-PS1-5."
MS-PS1-023,Gemini Flash 3,1,The answer accurately explains that the wood's atoms are rearranged into invisible gases and emphasizes that total mass is conserved when accounting for both the oxygen consumed and the gases produced.
MS-PS1-021,Gemini Flash 3,1,"The answer accurately explains the conservation of mass by linking it to the conservation and rearrangement of atoms, which directly fulfills the requirements of the MS-PS1-5 standard."
MS-PS1-024,OSS 120b,1,"The answer correctly explains that a sealed container prevents atoms from escaping, allowing accurate before-and-after mass measurements to demonstrate mass conservation."
MS-PS1-024,Nemotron 3 Super 120b a12,1,"The answer correctly explains that a sealed container prevents atoms or gases from escaping, enabling accurate before-and-after mass measurements to demonstrate conservation of mass."
MS-PS1-025,OSS 120b,1,"The answer correctly explains that exposure to air triggers oxidation of iron, an exothermic reaction that releases heat, which fully addresses the question."
MS-PS1-026,OSS 120b,1,"The answer accurately explains that breaking the inner pouch mixes water with ammonium nitrate, causing an endothermic process that absorbs heat and makes the pack feel cold."
MS-PS1-025,Gemini Flash 3,1,"The answer accurately identifies the chemical process of oxidation and explains that the resulting release of thermal energy causes the temperature increase, which aligns with the requirements of the standard."
MS-PS1-027,Nemotron 3 Super 120b a12,1,"The answer correctly states that exothermic reactions release net energy, which transfers as heat to the surroundings, raising temperature."
MS-PS1-025,Nemotron 3 Super 120b a12,1,"The answer correctly explains that the hand warmer warms due to the exothermic oxidation of iron when exposed to air, which directly addresses the chemical process releasing thermal energy as required by the standard."
MS-PS1-026,Nemotron 3 Super 120b a12,1,"The reference answer correctly explains that breaking the water pouch allows water to dissolve ammonium nitrate, an endothermic process that absorbs thermal energy from the surroundings, causing the pack to feel cold, which satisfies MS‑PS1‑6."
MS-PS1-027,OSS 120b,1,"The answer correctly explains that exothermic reactions release energy as heat, raising temperature and causing the warmth felt."
MS-PS1-024,Gemini Flash 3,1,"The answer accurately explains that a sealed container prevents mass loss from escaping gases, which is the standard method for demonstrating the Law of Conservation of Mass in a school setting."
MS-PS1-029,OSS 120b,1,The answer correctly states that a water molecule contains three atoms—two hydrogen atoms and one oxygen atom—fulfilling the question and standard.
MS-PS1-028,OSS 120b,1,"The answer correctly explains that the endothermic reaction ceases when reactants are exhausted, stopping heat absorption, and that the pack then equilibrates with its surroundings, which is an appropriate complete explanation."
MS-PS1-027,Gemini Flash 3,1,"The answer accurately explains that the net release of energy from bond breaking and forming results in an increase in thermal energy in the surroundings, which is appropriate for the middle school level."
MS-PS1-028,Nemotron 3 Super 120b a12,1,"The answer correctly explains that the endothermic reaction ceases when reactants are exhausted, after which the pack warms via heat exchange with the surroundings."
MS-PS1-029,Nemotron 3 Super 120b a12,1,"The answer correctly identifies a water molecule as containing two hydrogen atoms and one oxygen atom, consistent with H₂O."
MS-PS1-028,Gemini Flash 3,1,"The answer correctly identifies that the cessation of the endothermic reaction due to reactant depletion, followed by thermal equilibration with the surroundings, causes the pack to warm up."
MS-PS1-030,OSS 120b,1,The answer correctly states that CO₂ consists of three atoms—one carbon and two oxygen—fulfilling the question and standard.
MS-PS1-029,Gemini Flash 3,1,"The answer accurately identifies the total number and types of atoms in a water molecule based on its chemical formula, directly addressing the requirements of MS-PS1-1 for a simple molecule."
MS-PS1-030,Nemotron 3 Super 120b a12,1,"The answer correctly states that CO₂ consists of one carbon and two oxygen atoms, totaling three atoms, which fully addresses the question."
MS-PS1-030,Gemini Flash 3,1,"The answer accurately identifies the specific types and total count of atoms in a carbon dioxide molecule, directly addressing the requirements of the standard and the question."
MS-PS1-031,Nemotron 3 Super 120b a12,1,"The answer correctly explains that differing atomic arrangements in the extended structures of diamond and graphite account for their different properties, aligning with the standard."
MS-PS1-031,OSS 120b,1,"The answer correctly explains that differing atomic arrangements (3D network vs. layered sheets) cause the distinct properties of diamond and graphite, satisfying the standard."
MS-PS1-026,Gemini Flash 3,1,"The answer accurately describes the components, the activation mechanism, and the endothermic process of absorbing thermal energy from the surroundings."
MS-PS1-031,Gemini Flash 3,1,"The answer accurately explains that different physical properties result from different spatial arrangements of the same atoms in extended structures, which is a core concept of the MS-PS1-1 standard."
MS-PS1-032,OSS 120b,1,"The answer correctly states that an O₂ molecule contains two bonded oxygen atoms while a single atom is solitary, addressing the structural difference."
MS-PS1-033,OSS 120b,1,"The answer correctly interprets the observed changes as evidence of a chemical reaction forming iron sulfide, a new substance with new properties."
MS-PS1-032,Gemini Flash 3,1,The answer accurately describes the structural difference between a molecule and an atom and correctly explains the meaning of the chemical subscript in accordance with the standard.
MS-PS1-034,OSS 120b,1,"The answer correctly identifies petroleum (crude oil) as the natural resource used to make synthetic rubber, fully addressing the question."
MS-PS1-032,Nemotron 3 Super 120b a12,1,"The answer correctly states that an O₂ molecule consists of two bonded oxygen atoms whereas a single oxygen atom is alone, adequately describing the structural difference for the standard."
MS-PS1-033,Nemotron 3 Super 120b a12,1,"The answer correctly identifies that heating iron and sulfur produces iron sulfide, a new substance with different properties, which aligns with the standard's focus on interpreting data to detect chemical reactions."
MS-PS1-034,Nemotron 3 Super 120b a12,1,"The answer correctly identifies petroleum (crude oil) as the natural resource used to make synthetic rubber and explains the process, meeting the standard's requirement."
MS-PS1-033,Gemini Flash 3,1,"The answer correctly identifies the formation of a new substance through a chemical reaction by comparing properties before and after heating, which aligns perfectly with MS-PS1-2."
MS-PS1-036,OSS 120b,1,"The answer correctly identifies petroleum (crude oil) as the natural resource needed to produce PVC, which directly answers the question."
MS-PS1-035,OSS 120b,1,"The answer correctly identifies wood/forests as the saved resource and petroleum as the resource used up, fully addressing the question."
MS-PS1-034,Gemini Flash 3,1,"The answer accurately identifies petroleum as the primary natural resource used to create synthetic rubber and describes the basic chemical process, which satisfies the requirements of standard MS-PS1-3."
MS-PS1-035,Nemotron 3 Super 120b a12,1,"The answer correctly states that using plastic desks saves trees (forest resources) and consumes petroleum, a nonrenewable fossil fuel, which fully addresses the question."
MS-PS1-035,Gemini Flash 3,1,"The answer accurately identifies the natural source of the synthetic material (petroleum) and the resource being replaced (trees), which directly addresses the core requirements of standard MS-PS1-3."
MS-PS1-037,OSS 120b,1,"The answer accurately describes particles gaining energy, vibrating faster, and breaking free to transition from solid to liquid, matching the standard."
MS-PS1-036,Gemini Flash 3,1,"The answer accurately identifies the natural resources (petroleum and salt) used to create PVC, which directly satisfies the requirement of standard MS-PS1-3."
MS-PS1-036,Nemotron 3 Super 120b a12,1,"The reference answer correctly identifies petroleum as the natural resource that must be extracted to produce PVC, noting also the role of salt, thus meeting the standard."
MS-PS1-038,OSS 120b,1,The answer correctly describes that heating increases molecular motion until the particles have enough energy to overcome intermolecular forces and transition from liquid to gas.
MS-PS1-037,Nemotron 3 Super 120b a12,1,"The answer correctly explains that added thermal energy makes ice particles vibrate faster and break free, describing the change in particle motion and state as required by the standard."
MS-PS1-038,Nemotron 3 Super 120b a12,1,"The answer correctly explains that added thermal energy increases molecular motion until molecules have enough energy to escape the liquid and become vapor, addressing particle motion, temperature, and state change as required by the standard."
MS-PS1-038,Gemini Flash 3,1,The answer accurately describes the increase in kinetic energy (motion) and the subsequent phase change from liquid to gas required by the standard.
MS-PS1-039,OSS 120b,1,"The answer accurately explains that removing thermal energy slows particle motion, allowing particles to lock into fixed positions and the wax to solidify, matching the standard."
MS-PS1-037,Gemini Flash 3,1,"The answer accurately describes the transfer of thermal energy, the increase in particle motion, and the transition from a solid to a liquid state as required by the MS-PS1-4 standard."
MS-PS1-039,Nemotron 3 Super 120b a12,1,"The answer correctly explains that removing thermal energy reduces particle motion, allowing them to lock into fixed positions, which matches the standard."
MS-PS1-040,Nemotron 3 Super 120b a12,1,"The answer correctly states that mass is conserved in combustion, identifies the gaseous products (CO₂ and H₂O) that account for the 'missing' mass, and notes the need to include oxygen from the air, fully addressing the standard."
MS-PS1-040,OSS 120b,1,"The answer correctly explains that mass is conserved, with the 'missing' mass appearing as gases, aligning with the standard's focus on mass conservation."
MS-PS1-039,Gemini Flash 3,1,"The answer accurately describes the relationship between thermal energy removal, the decrease in particle motion, and the transition to a fixed arrangement as required by the MS-PS1-4 standard."
MS-PS1-041,OSS 120b,1,"The answer correctly explains that rusting adds oxygen atoms, increasing the nail's mass, aligning with the conservation of atoms concept."
MS-PS1-043,Nemotron 3 Super 120b a12,1,"The total mass of reactants (2 g H₂ + 16 g O₂ = 18 g) equals the mass of water produced, consistent with mass conservation in chemical reactions."
MS-PS1-042,OSS 120b,1,"The answer correctly explains that mass is conserved in the sealed system, noting that wax atoms combine with oxygen to form CO₂ and H₂O, so total mass remains unchanged."
MS-PS1-040,Gemini Flash 3,1,The answer accurately explains the law of conservation of mass in an open system by identifying that the 'missing' mass is converted into gaseous products and accounts for the oxygen reactant.
MS-PS1-042,Gemini Flash 3,1,"The answer accurately applies the law of conservation of mass and explains the process in terms of atoms being rearranged but remaining within the closed system, which aligns perfectly with the MS-PS1-5 standard."
MS-PS1-042,Nemotron 3 Super 120b a12,1,"The answer correctly explains that mass is conserved because the wax atoms combine with the oxygen already present in the sealed jar to form CO₂ and H₂O, keeping all atoms inside, which satisfies MS-PS1-5."
MS-PS1-041,Nemotron 3 Super 120b a12,1,"The answer correctly states that rusting adds oxygen atoms from the air to the iron, increasing the nail's mass while conserving the total number of atoms involved."
MS-PS1-043,Gemini Flash 3,1,"The answer accurately applies the Law of Conservation of Mass by summing the masses of the reactants to determine the mass of the product, which is the core concept of standard MS-PS1-5."
MS-PS1-044,Nemotron 3 Super 120b a12,1,The answer correctly identifies the exothermic dissolution of calcium chloride as a source of heat suitable for a self-heating food package.
MS-PS1-041,Gemini Flash 3,1,"The answer accurately explains that the mass increases because oxygen atoms from the environment bond with the iron atoms, which directly applies the concept of mass conservation through the addition of atoms to the solid object."
MS-PS1-045,Nemotron 3 Super 120b a12,1,"The answer correctly explains that the hand warmer’s exothermic reaction releases heat while the cold pack’s endothermic reaction absorbs heat, directly addressing why one gets hot and the other cold."
MS-PS1-044,OSS 120b,0,"The answer merely states the reaction is exothermic without addressing practical feasibility, safety, or design considerations, so it is incomplete."
MS-PS1-044,Gemini Flash 3,1,"The answer correctly identifies the exothermic nature of the calcium chloride and water reaction and explains its practical application in a self-heating device, which aligns with the standard's focus on using chemical processes for design solutions."
MS-PS1-043,OSS 120b,1,"The answer correctly states that 18 g of water is produced, matching the total reactant mass and satisfying the conservation-of-mass principle."
MS-PS1-045,Gemini Flash 3,1,The answer accurately uses the terms exothermic and endothermic to describe the release and absorption of thermal energy in chemical processes as required by the standard.
MS-PS1-045,OSS 120b,1,"The answer correctly explains that the hand warmer’s exothermic reaction releases heat, while the cold pack’s endothermic reaction absorbs heat, fully addressing the question."
MS-PS1-046,Nemotron 3 Super 120b a12,1,"The answer correctly explains that the heat pack stopped producing heat because the reactants were completely used up, ending the exothermic reaction."
MS-PS2-001,OSS 120b,1,The answer accurately defines an action-reaction pair as the two equal and opposite forces that two interacting objects exert on each other.
MS-PS1-046,OSS 120b,1,"The answer correctly explains that the heat stopped because the reactants were exhausted, ending the exothermic reaction and halting heat production."
MS-PS2-002,OSS 120b,1,"The answer correctly states that the foot exerts an equal and opposite force on the ball, directly applying Newton's Third Law."
MS-PS2-001,Nemotron 3 Super 120b a12,1,"The answer correctly defines an action-reaction pair as two equal‑magnitude, opposite‑direction forces acting on two objects, which matches Newton’s Third Law."
MS-PS1-046,Gemini Flash 3,1,"The answer accurately explains that the depletion of reactants in an exothermic reaction stops the release of thermal energy, which is a core concept of the standard."
MS-PS2-001,Gemini Flash 3,1,"The answer accurately defines an action-reaction pair by specifying that the forces are equal in magnitude, opposite in direction, and occur between two different objects."
MS-PS2-002,Nemotron 3 Super 120b a12,1,"The answer correctly states that the foot exerts an equal and opposite force on the ball, which is Newton's third law reaction force, and is sufficient for the middle‑school standard."
MS-PS2-003,OSS 120b,1,The answer correctly defines momentum as mass times velocity and notes its role in describing how difficult it is to stop a moving object.
MS-PS2-004,OSS 120b,1,The answer correctly defines inertia as resistance to changes in motion and aligns with the relevant concept for the standard.
MS-PS2-004,Nemotron 3 Super 120b a12,1,"The answer correctly defines inertia as the resistance to change in motion and references Newton's first law, which is appropriate for the standard."
MS-PS2-005,Nemotron 3 Super 120b a12,1,"The answer correctly defines unbalanced forces as forces that do not cancel, resulting in a non‑zero net force that changes an object's motion, which aligns with the standard's focus on net force and motion."
MS-PS2-005,OSS 120b,1,"The answer correctly defines unbalanced forces as non-cancelling forces producing a net force that changes motion, which meets the question and standard requirements."
MS-PS2-002,Gemini Flash 3,1,The answer accurately applies Newton's Third Law by stating that the forces are equal in magnitude and opposite in direction.
MS-PS2-003,Nemotron 3 Super 120b a12,1,"The answer correctly defines momentum as mass × velocity and explains its physical meaning, which adequately addresses the question."
MS-PS2-006,OSS 120b,1,"The answer correctly states that the net force is found by subtracting the smaller magnitude from the larger and that it acts in the direction of the larger force, fully addressing the question."
MS-PS2-004,Gemini Flash 3,1,"The reference answer provides a correct and standard definition of inertia and its behavior, which is a foundational concept for understanding the relationship between force, mass, and motion described in MS-PS2-2."
MS-PS2-007,Nemotron 3 Super 120b a12,1,"The answer correctly states that acceleration decreases and explains it using Newton's Second Law, fully addressing the question."
MS-PS2-005,Gemini Flash 3,1,"The answer accurately defines unbalanced forces as those resulting in a non-zero net force and a subsequent change in motion, which is central to the MS-PS2-2 standard."
MS-PS2-007,OSS 120b,1,"The answer correctly states that acceleration decreases when mass increases while net force remains constant, referencing Newton's Second Law."
MS-PS2-003,Gemini Flash 3,1,The reference answer provides an accurate mathematical definition and conceptual explanation of momentum that is appropriate for middle-school students studying motion and collisions.
MS-PS2-007,Gemini Flash 3,1,"The answer correctly identifies the inverse relationship between mass and acceleration as defined by Newton's Second Law, which directly addresses the core concepts of the MS-PS2-2 standard."
MS-PS2-008,Nemotron 3 Super 120b a12,1,"The answer correctly states that the electric force decreases as distance increases, which aligns with Coulomb’s law and adequately addresses the question for the given standard."
MS-PS2-009,OSS 120b,1,The answer correctly states that magnetic force increases (gets stronger) as the magnets are brought closer together.
MS-PS2-008,Gemini Flash 3,1,"The answer accurately describes the inverse relationship between distance and electric force, which is a fundamental factor required by the MS-PS2-3 standard."
MS-PS2-006,Nemotron 3 Super 120b a12,1,"The answer correctly describes how to calculate net force for two opposite forces by subtracting the smaller from the larger and stating the direction, which is appropriate for the standard."
MS-PS2-009,Gemini Flash 3,1,"The answer accurately describes the relationship between distance and magnetic force strength, which is a primary factor addressed in the MS-PS2-3 standard."
MS-PS2-008,OSS 120b,1,"The answer correctly states that the electric force decreases (gets weaker) as the separation between charged objects increases, which directly addresses the question."
MS-PS2-006,Gemini Flash 3,1,The answer accurately describes the standard method for calculating net force and determining its direction when two forces act in opposite directions at the middle school level.
MS-PS2-011,Nemotron 3 Super 120b a12,1,"The answer correctly identifies mass as the property determining gravitational pull and notes that greater mass increases the pull, which satisfies the question and aligns with the standard."
MS-PS2-010,Nemotron 3 Super 120b a12,1,"The answer correctly states that gravity acts over a distance without contact, which directly answers the question and supports the evidence needed for the standard."
MS-PS2-009,Nemotron 3 Super 120b a12,1,"The answer correctly states that magnetic force increases as the distance between magnets decreases, directly answering the question."
MS-PS2-010,OSS 120b,0,"While correct that gravity is a non-contact force, the answer omits the required explanation that gravity is always attractive and depends on the masses of the objects, which is needed for the standard."
MS-PS2-011,OSS 120b,1,"The answer correctly identifies mass as the property determining the strength of gravitational attraction, which directly addresses the question."
MS-PS2-012,Nemotron 3 Super 120b a12,1,"Weight is a force, and the SI unit for force is the newton (N), which correctly answers the question."
MS-PS2-011,Gemini Flash 3,1,The answer correctly identifies mass as the property determining gravitational pull and accurately describes the positive correlation between mass and gravitational force.
MS-PS2-012,OSS 120b,1,"The answer correctly states that weight (gravitational force) is measured in newtons, which fully addresses the question."
MS-PS2-013,Nemotron 3 Super 120b a12,1,"The answer accurately describes a gravitational field as the region around a mass where it exerts a non‑contact gravitational force on other masses, which aligns with the standard's focus on fields mediating forces at a distance."
MS-PS2-013,OSS 120b,1,"The answer correctly defines a gravitational field as the region around a mass that exerts a pull on other masses at a distance, meeting the standard."
MS-PS2-010,Gemini Flash 3,1,"The answer accurately identifies gravity as a non-contact force that acts over a distance, which is a fundamental characteristic of gravitational interactions defined in MS-PS2-4."
MS-PS2-012,Gemini Flash 3,1,"The answer correctly identifies the Newton as the standard unit for measuring force, including weight, which is essential for understanding gravitational interactions described in the standard."
MS-PS2-014,Nemotron 3 Super 120b a12,1,"The answer correctly states that magnetic field strength diminishes with distance, which addresses the question and aligns with the standard’s focus on field behavior."
MS-PS2-013,Gemini Flash 3,1,"The answer accurately defines a gravitational field as the space around a mass where non-contact forces occur, which is the core concept required by the standard."
MS-PS2-014,OSS 120b,1,"The answer correctly states that magnetic field strength diminishes with distance, which directly addresses the question."
MS-PS2-015,OSS 120b,1,"The answer correctly explains that equal opposite forces arise from Newton's Third Law, which directly addresses why both objects exert the same magnitude of force on each other."
MS-PS2-015,Nemotron 3 Super 120b a12,1,"The answer correctly cites Newton's Third Law, stating that forces in an interaction are equal in magnitude and opposite in direction, which directly explains why colliding objects exert equal forces on each other."
MS-PS2-014,Gemini Flash 3,1,"The answer accurately describes the inverse relationship between distance and magnetic field strength, which is a fundamental property of non-contact force fields."
MS-PS2-017,Nemotron 3 Super 120b a12,1,"The answer correctly explains rocket propulsion using Newton's Third Law and notes that no external surface is needed, which fully addresses the question."
MS-PS2-016,OSS 120b,1,"The answer correctly applies Newton's Third Law (equal opposite forces) and explains that the smaller mass leads to greater acceleration and damage, adequately addressing the question."
MS-PS2-016,Nemotron 3 Super 120b a12,1,"The answer correctly states that equal and opposite forces act on both vehicles (Newton's Third Law) and that the smaller car's lower mass leads to greater acceleration and thus more damage, which fully addresses the question."
MS-PS2-017,OSS 120b,1,"The answer correctly explains that rocket propulsion works via expelling exhaust gases and Newton's Third Law, showing no external medium is needed."
MS-PS2-015,Gemini Flash 3,1,The answer accurately identifies Newton's Third Law as the governing principle and correctly describes the equal and opposite nature of force pairs during a collision.
MS-PS2-018,OSS 120b,1,"The answer correctly explains recoil using Newton's third law, providing an appropriate complete explanation for a middle‑school level."
MS-PS2-018,Nemotron 3 Super 120b a12,1,The answer correctly explains the cannon's recoil as an equal and opposite reaction force per Newton's third law.
MS-PS2-019,Nemotron 3 Super 120b a12,1,"The answer correctly describes the action‑reaction pair and identifies the reaction force as the cause of the swimmer's acceleration, fully addressing Newton's Third Law for this scenario."
MS-PS2-019,OSS 120b,1,"The answer correctly describes the equal and opposite forces between swimmer and wall that produce the swimmer's forward motion, satisfying the question."
MS-PS2-020,OSS 120b,1,"The answer correctly explains that a harder kick produces a larger reaction force from the rock, which increases pain, aligning with Newton's Third Law."
MS-PS2-018,Gemini Flash 3,1,"The answer accurately applies Newton's Third Law by explaining that the cannon and cannonball exert equal and opposite forces on each other, causing the observed recoil."
MS-PS2-019,Gemini Flash 3,1,"The answer accurately identifies the interaction between the swimmer and the wall as an action-reaction force pair, correctly applying Newton's Third Law to explain the resulting motion."
MS-PS2-017,Gemini Flash 3,1,"The answer correctly applies Newton's Third Law by identifying the interaction between the rocket and its exhaust gases as an action-reaction pair, which accurately explains propulsion in a vacuum."
MS-PS2-020,Nemotron 3 Super 120b a12,1,"The answer correctly applies Newton's Third Law to explain that the reaction force on the foot equals the action force, so a harder kick produces a larger reaction force and more pain."
MS-PS2-021,OSS 120b,1,"The answer correctly explains that greater mass (inertia) requires a larger net force to achieve the same change in motion, matching the requested explanation."
MS-PS2-021,Nemotron 3 Super 120b a12,1,"The answer correctly explains that a greater mass requires a larger net force to achieve the same change in motion, aligning with Newton's second law and the standard's emphasis on force, mass, and motion change."
MS-PS2-022,OSS 120b,1,"The answer correctly explains that lower mass yields higher acceleration for the same force, directly addressing the question and the standard."
MS-PS2-022,Nemotron 3 Super 120b a12,1,"The answer correctly applies Newton's second law (a = F/m) to explain that less mass yields greater acceleration for the same force, aligning with the standard."
MS-PS2-021,Gemini Flash 3,1,"The answer correctly identifies that greater mass requires more force to achieve the same change in motion, aligning with Newton's Second Law and the concept of inertia."
MS-PS2-023,OSS 120b,1,"The answer correctly explains that equal opposite forces produce a zero net force, so there is no change in motion, directly addressing the question."
MS-PS2-022,Gemini Flash 3,1,"The answer accurately applies Newton's second law by explaining that with a constant force, a smaller mass results in a greater acceleration."
MS-PS2-020,Gemini Flash 3,1,"The answer accurately applies Newton's Third Law to explain that the reaction force from the rock is equal to the force applied by the foot, directly addressing the physical mechanism of the collision."
MS-PS2-024,Nemotron 3 Super 120b a12,1,"The answer correctly states that acceleration follows the direction of the net force, aligning with Newton’s second law and the standard’s focus on force‑mass‑motion relationships."
MS-PS2-023,Nemotron 3 Super 120b a12,1,"The answer correctly explains that equal and opposite forces produce zero net force, resulting in no change in motion, which satisfies MS-PS2-2."
MS-PS2-024,OSS 120b,1,"The answer correctly states that acceleration is in the same direction as the net force, adequately addressing how the net force determines acceleration direction."
MS-PS2-025,Nemotron 3 Super 120b a12,1,"The answer correctly explains that greater mass requires greater force to change motion, aligning with the standard's focus on force, mass, and motion change."
MS-PS2-025,OSS 120b,1,"The answer correctly explains that the greater mass of the bowling ball gives it more inertia, requiring a larger force to stop it, which aligns with the standard."
MS-PS2-016,Gemini Flash 3,1,The answer correctly applies Newton's Third Law to establish equal forces and uses the relationship between mass and acceleration to explain why the smaller vehicle is more affected by the collision.
MS-PS2-024,Gemini Flash 3,1,"The answer correctly states that the direction of acceleration is the same as the direction of the net force, which directly answers the question."
MS-PS2-023,Gemini Flash 3,1,"The answer correctly explains that balanced forces result in a net force of zero, which, according to the principles of physics required by the standard, leads to no change in the object's motion."
MS-PS2-025,Gemini Flash 3,1,"The answer correctly explains the relationship between mass and the force required to change an object's motion, directly addressing the core concept of standard MS-PS2-2."
MS-PS2-026,OSS 120b,1,"The answer correctly explains that greater air resistance relative to the feather's low mass reduces its net downward force and acceleration, addressing the core concept of forces and mass affecting motion."
MS-PS2-026,Nemotron 3 Super 120b a12,1,"The answer correctly explains that air resistance creates an upward force that reduces net downward force more on the feather due to its low mass and shape, leading to slower acceleration."
MS-PS2-027,OSS 120b,1,"The answer correctly states that acceleration decreases when mass increases while net force remains constant, aligning with Newton's second law."
MS-PS2-027,Nemotron 3 Super 120b a12,1,"The answer correctly states that increasing mass reduces acceleration when net force is constant, aligning with Newton’s second law."
MS-PS2-028,OSS 120b,1,"The answer correctly explains that magnetic force (and the magnetic field) weakens with increased distance, which directly answers why the magnet’s pulling power decreases."
MS-PS2-026,Gemini Flash 3,1,"The answer accurately explains how air resistance acts as an opposing force to gravity, reducing the net force and resulting acceleration in accordance with the MS-PS2-2 standard."
MS-PS2-029,OSS 120b,1,"The answer correctly explains that a stronger magnet generates a stronger magnetic field, producing a greater force that can lift more paper clips."
MS-PS2-028,Nemotron 3 Super 120b a12,1,"The answer correctly explains that magnetic force decreases with distance, directly addressing the factor affecting magnetic force strength as required by the standard."
MS-PS2-027,Gemini Flash 3,1,"The answer accurately describes the inverse relationship between mass and acceleration when force is constant, which aligns with the core concepts of Newton's second law as required by standard MS-PS2-2."
MS-PS2-029,Nemotron 3 Super 120b a12,1,"The answer correctly explains that a stronger magnet creates a greater magnetic field and force, allowing it to lift more paper clips, which directly addresses the factor affecting magnetic force strength."
MS-PS2-028,Gemini Flash 3,1,"The answer accurately identifies distance as a key factor affecting the strength of magnetic forces, which is central to the MS-PS2-3 standard."
MS-PS2-030,Nemotron 3 Super 120b a12,1,"The answer correctly states that a charged comb creates an electric field that exerts an attractive electric force on neutral paper pieces, explaining the non‑contact pickup."
MS-PS2-031,OSS 120b,1,"The answer correctly explains that charge loss over time weakens the electric attraction, addressing the key factor affecting the force."
MS-PS2-030,Gemini Flash 3,1,"The answer accurately identifies that an electric field allows the electric force to act as a non-contact force, attracting the paper across a distance."
MS-PS2-032,Nemotron 3 Super 120b a12,1,"The answer correctly identifies that increasing distance (via a thicker book) weakens magnetic force, which adequately addresses the factor affecting magnetic strength for this standard."
MS-PS2-030,OSS 120b,1,The answer correctly explains that the comb’s electric field induces attraction of nearby neutral paper via electrostatic force across the gap.
MS-PS2-029,Gemini Flash 3,1,"The answer accurately explains that a stronger magnet has a more powerful field that exerts a greater force, which is the underlying physical reason it can lift more weight."
MS-PS2-031,Gemini Flash 3,1,The answer accurately identifies that the magnitude of charge is a factor affecting the strength of electric force and explains why the charge decreases over time.
MS-PS2-032,OSS 120b,1,"The answer correctly explains that increased distance due to the thicker book weakens the magnetic force, which adequately addresses the question."
MS-PS2-031,Nemotron 3 Super 120b a12,1,"The answer correctly explains that the balloon's charge dissipates over time, reducing the electric force and thus its attraction to the wall, which directly addresses the factor affecting force strength."
MS-PS2-033,OSS 120b,1,"The answer correctly explains that like poles repel and that the repulsive force increases as the magnets are brought closer, addressing the key factor affecting force strength."
MS-PS2-034,Nemotron 3 Super 120b a12,1,"The answer correctly explains that an electromagnet's magnetic field depends on moving charges (current), and removing the current eliminates the field, which aligns with the standard."
MS-PS2-032,Gemini Flash 3,1,"The answer accurately identifies distance as the primary factor affecting magnetic force strength, which directly addresses the scenario and the core concept of the standard."
MS-PS2-034,OSS 120b,1,"The answer correctly explains that the magnetic field disappears when the current stops, which is the key reason the electromagnet ceases to work."
MS-PS2-033,Nemotron 3 Super 120b a12,1,"The answer correctly states that like poles repel and that the repulsive force increases as the magnets are brought closer, addressing the factors affecting magnetic force strength."
MS-PS2-033,Gemini Flash 3,1,"The answer accurately identifies the repulsion of like poles and the inverse relationship between distance and magnetic force strength, which aligns with the requirements of the standard."
MS-PS2-034,Gemini Flash 3,1,"The answer accurately explains that moving electric charges create the magnetic field, and removing the current eliminates the field, which is a core concept for understanding the factors affecting electromagnetic strength."
MS-PS2-035,OSS 120b,0,"The answer merely states that gravity depends on mass without providing a supporting argument or evidence (e.g., Newton's law), so it is incomplete for the standard."
MS-PS2-035,Nemotron 3 Super 120b a12,1,"The reference answer correctly states that gravitational attraction depends on the masses of the objects involved, directly supporting the claim in the standard."
MS-PS2-035,Gemini Flash 3,1,"The answer accurately states that gravitational force depends on mass and that greater mass results in a stronger pull, which aligns directly with the requirements of MS-PS2-4."
MS-PS2-036,Nemotron 3 Super 120b a12,1,"The answer correctly states that gravitational force increases with the masses of the interacting objects, directly explaining why more massive stars exert a stronger pull on nearby objects."
MS-PS2-036,Gemini Flash 3,1,"The answer correctly identifies that gravitational force is directly proportional to mass, which accurately explains the phenomenon described in the question according to the standard."
MS-PS2-036,OSS 120b,1,"The answer correctly states that gravitational force depends on the masses of the objects, explaining why a more massive star pulls more strongly, which satisfies the standard."
MS-PS2-037,Gemini Flash 3,1,"The answer correctly explains that gravity is an attractive force pulling objects toward Earth's center, which accurately addresses the mechanism of why a ball falls back down according to the standard."
MS-PS2-039,Nemotron 3 Super 120b a12,1,"The answer correctly explains that a magnet's magnetic field exerts a force on another magnet at a distance, which aligns with the standard's focus on non‑contact forces via fields."
MS-PS2-037,Nemotron 3 Super 120b a12,0,"While the answer correctly describes Earth's attractive gravitational pull slowing and reversing the ball's motion, it does not mention that the gravitational force depends on the masses of the interacting objects, which is required by the standard."
MS-PS2-038,OSS 120b,1,"The answer correctly explains that gravity attracts all masses and that despite larger force on heavier objects, acceleration is mass‑independent, leading to equal fall rates absent air resistance."
MS-PS2-038,Nemotron 3 Super 120b a12,1,"The answer correctly explains that gravity attracts all masses and that the increased force on heavier objects is balanced by their greater inertia, resulting in the same acceleration for all objects, thus fully addressing why objects fall toward Earth regardless of mass."
MS-PS2-039,OSS 120b,1,"The answer correctly explains that a magnetic field extends into space and exerts a force on another magnet, accounting for the push/pull without contact."
MS-PS2-040,OSS 120b,1,"The answer correctly explains that Earth's gravitational field exerts a force without physical contact, meeting the standard."
MS-PS2-040,Nemotron 3 Super 120b a12,1,"The answer correctly explains that Earth's gravitational field exerts a force on mass without physical contact, which matches the standard's focus on field-mediated forces."
MS-PS2-039,Gemini Flash 3,1,"The answer correctly identifies the magnetic field as the mechanism that allows magnets to exert forces on each other without physical contact, which directly addresses the core concept of standard MS-PS2-5."
MS-PS2-038,Gemini Flash 3,1,The answer correctly identifies gravity as an attractive force and explains why objects fall at the same rate by addressing the proportional relationship between gravitational force and mass.
MS-PS2-037,OSS 120b,0,"The answer correctly describes gravity as an attractive force pulling the ball down, but it does not address the dependence of the gravitational force on the masses of the interacting objects, which is required by the standard."
MS-PS2-040,Gemini Flash 3,1,"The answer accurately identifies the gravitational field as the mechanism for the non-contact force, which is the core concept required by the MS-PS2-5 standard."
MS-PS2-041,OSS 120b,1,"The answer correctly explains that Earth's magnetic field acts on the magnetized needle, causing it to align north without contact."
MS-PS2-041,Gemini Flash 3,1,"The answer correctly identifies that a magnetic field exerts a non-contact force on the needle, which accurately explains how objects interact through fields as required by the MS-PS2-5 standard."
MS-PS2-043,OSS 120b,1,"The answer correctly explains that observable effects (iron filings, compass deflection) reveal an invisible magnetic field, meeting the standard."
MS-PS2-041,Nemotron 3 Super 120b a12,1,"The answer correctly explains that Earth's magnetic field, a non‑contact force, acts on the compass needle, aligning it northward."
MS-PS2-042,Gemini Flash 3,1,"The answer accurately explains that electric fields mediate the non-contact repulsive force between like-charged objects, which directly addresses the core requirement of standard MS-PS2-5."
MS-PS2-042,Nemotron 3 Super 120b a12,1,"The answer correctly states that each charged balloon creates an electric field that exerts a repulsive force on the other's charge, demonstrating a non‑contact force via fields as required by the standard."
MS-PS2-043,Nemotron 3 Super 120b a12,1,"The answer correctly explains that magnetic fields are detected via observable effects such as iron filings patterns or compass needle deflection, providing evidence of an invisible field."
MS-PS2-044,Nemotron 3 Super 120b a12,1,"The answer correctly applies Newton's Third Law by stating that cart B exerts an equal‑magnitude, opposite‑direction force of 20 N on cart A."
MS-PS2-044,OSS 120b,1,"The answer correctly applies Newton's Third Law, stating that cart B exerts an equal (20 N) and opposite force on cart A."
MS-PS2-045,Nemotron 3 Super 120b a12,1,"The answer correctly applies Newton's Third Law, stating that both vehicles experience equal-magnitude forces in opposite directions, which directly addresses the question."
MS-PS2-045,OSS 120b,1,"The answer correctly states that both vehicles experience equal magnitude forces in opposite directions, aligning with Newton's Third Law."
MS-PS2-042,OSS 120b,1,"The answer correctly explains that each balloon creates an electric field and that the repulsive force between like charges acts across the gap, meeting the standard."
MS-PS2-046,Nemotron 3 Super 120b a12,1,"The answer correctly applies Newton's third law (equal and opposite forces) and explains the resulting different motions using Newton's second law, fully addressing the question."
MS-PS2-046,OSS 120b,1,"The answer correctly states that the forces are equal and opposite despite mass differences, and explains the resulting difference in acceleration, fully addressing the question."
MS-PS2-043,Gemini Flash 3,1,"The answer correctly identifies observable evidence, such as iron filings and compass movement, that proves the existence of a magnetic field through non-contact forces as required by the standard."
MS-PS2-044,Gemini Flash 3,1,The answer accurately applies Newton's Third Law by stating that the reaction force is equal in magnitude and opposite in direction to the action force during a collision.
MS-PS2-045,Gemini Flash 3,1,"The answer correctly applies Newton's Third Law by stating that the forces exerted between the two objects are equal in magnitude and opposite in direction, regardless of their relative masses."
MS-PS2-046,Gemini Flash 3,1,"The answer correctly identifies that Newton's Third Law requires the forces to be equal in magnitude and opposite in direction, while also correctly noting that different masses result in different accelerations."
MS-PS2-047,OSS 120b,1,"The answer correctly states that both students experience equal and opposite forces, so the other student is also pushed backward, fulfilling the Newton's Third Law requirement."
MS-PS2-048,OSS 120b,1,"The answer correctly applies Newton's Third Law, stating the equal and opposite reaction force that decelerates the cue ball, which is the key concept required."
MS-PS2-049,OSS 120b,1,"The answer correctly identifies that the empty cart accelerates more due to its lower mass, consistent with F=ma."
MS-PS2-049,Nemotron 3 Super 120b a12,1,"The answer correctly applies Newton’s second law, explaining that equal force on a smaller mass produces greater acceleration, so the empty cart speeds up faster."
MS-PS2-047,Nemotron 3 Super 120b a12,1,"The answer correctly applies Newton's Third Law by stating that equal and opposite forces cause both students to move backward away from the impact, which fully addresses the question."
MS-PS2-049,Gemini Flash 3,1,"The answer correctly identifies the inverse relationship between mass and acceleration when force is held constant, which is a core component of the MS-PS2-2 standard."
MS-PS2-048,Nemotron 3 Super 120b a12,1,"The answer correctly describes the equal and opposite reaction force acting on the cue ball at impact, which aligns with Newton's Third Law."
MS-PS2-050,Nemotron 3 Super 120b a12,1,"The answer correctly states that, with equal force, the smaller mass (child) experiences greater acceleration, directly addressing the relationship between force, mass, and motion change."
MS-PS2-050,OSS 120b,1,"The answer correctly explains that, with equal applied force, the smaller mass (child) experiences greater acceleration, fully addressing the question."
MS-PS2-047,Gemini Flash 3,1,"The answer accurately applies Newton's Third Law by explaining that equal and opposite forces act on both students, causing them to move away from each other after the collision."
MS-PS2-048,Gemini Flash 3,1,The answer accurately applies Newton's Third Law by identifying the equal and opposite reaction force exerted on the cue ball and explaining how that force affects its motion.
MS-PS2-051,OSS 120b,1,"The answer correctly states that doubling the applied force doubles the acceleration, consistent with Newton's second law for constant mass."
MS-PS2-052,OSS 120b,1,"The answer correctly identifies friction and air resistance as the forces that decelerate the skateboarder, providing a suitable explanation for the motion change."
MS-PS2-050,Gemini Flash 3,1,"The answer correctly applies Newton's Second Law to explain that with a constant force, the object with smaller mass will have a larger acceleration."
MS-PS2-053,OSS 120b,1,"The answer correctly states that increasing distance reduces magnetic force, fully addressing the question."
MS-PS2-053,Nemotron 3 Super 120b a12,1,"The answer correctly states that magnetic force decreases with increasing distance, which directly addresses the factor affecting magnetic force strength as required by the standard."
MS-PS2-053,Gemini Flash 3,1,"The answer accurately describes the inverse relationship between distance and magnetic force strength, which is a core concept for this standard."
MS-PS2-054,OSS 120b,1,"The answer correctly explains that increased distance weakens the magnetic force, so the magnet likely will not hold the ten sheets."
MS-PS2-052,Nemotron 3 Super 120b a12,1,"The answer correctly identifies the forces opposing motion (rolling friction and air resistance) that create a net backward force, which explains the skateboarder's deceleration and aligns with the standard's emphasis on net force affecting motion."
MS-PS2-051,Nemotron 3 Super 120b a12,1,"The answer correctly states that, with mass unchanged, doubling the net force doubles the acceleration, which aligns with Newton’s second law and the standard’s focus on force-mass-acceleration relationships."
MS-PS2-052,Gemini Flash 3,1,"The answer correctly identifies the unbalanced forces (friction and air resistance) and explains how their sum creates a net force that changes the skateboarder's motion, which aligns with the core concept of the standard."
MS-PS2-054,Nemotron 3 Super 120b a12,1,"The answer correctly identifies that increasing the distance (by adding paper) weakens the magnetic force, making it insufficient to hold the added weight, which aligns with the standard’s focus on factors affecting magnetic force strength."
MS-PS2-055,OSS 120b,1,"The answer correctly states that replacing one magnet with a stronger one increases the magnetic attraction, aligning with the expected explanation of the factor affecting force."
MS-PS2-054,Gemini Flash 3,1,"The answer accurately identifies that increasing distance decreases the strength of the magnetic force, which is a key factor required by the MS-PS2-3 standard."
MS-PS2-055,Nemotron 3 Super 120b a12,1,"The answer correctly states that replacing a magnet with a stronger one increases the magnetic force, which aligns with the standard's focus on factors affecting magnetic force strength."
MS-PS2-051,Gemini Flash 3,0,"The answer is technically incorrect because it assumes the applied push is the only force acting on the box; if friction is present, doubling the push results in more than double the acceleration."
MS-PS2-056,OSS 120b,1,"The answer correctly predicts increased deflection due to a stronger magnetic field from higher current, addressing the factor affecting magnetic force."
MS-PS2-056,Nemotron 3 Super 120b a12,1,"The answer correctly states that increasing current strengthens the magnetic field around the wire, causing greater compass needle deflection, which addresses the factor affecting magnetic force strength."
MS-PS2-057,OSS 120b,1,"The answer correctly explains that halving the coil turns weakens the magnetic field, reducing the force and making the bell sound quieter or possibly not ring, which fully addresses the question."
MS-PS2-057,Nemotron 3 Super 120b a12,1,"The answer correctly explains that halving the coils weakens the electromagnet’s magnetic field, reducing the force that strikes the bell and thus making the sound weaker or silent."
MS-PS2-056,Gemini Flash 3,1,"The answer correctly identifies that increasing current increases the magnetic field strength and the resulting force on the compass needle, which aligns with the MS-PS2-3 standard regarding factors affecting force strength."
MS-PS2-058,OSS 120b,1,"The answer correctly states that, ignoring air resistance, both objects fall at the same rate and reach the ground simultaneously, providing an appropriate argument about gravitational acceleration being independent of mass."
MS-PS2-057,Gemini Flash 3,1,The answer correctly identifies that the number of coils is a factor in electromagnetic strength and accurately predicts that reducing coils weakens the resulting magnetic force.
MS-PS2-059,Nemotron 3 Super 120b a12,1,"The answer correctly states that doubling Earth's mass doubles the gravitational force on a person, aligning with the standard's focus on gravitational attraction depending on mass."
MS-PS2-055,Gemini Flash 3,1,"The answer correctly identifies that increasing the strength of one magnet increases the magnetic force, which accurately addresses a key factor affecting force strength as required by MS-PS2-3."
MS-PS2-058,Nemotron 3 Super 120b a12,1,"The answer correctly states that both balls hit the ground simultaneously because gravitational acceleration is independent of mass (ignoring air resistance), supporting the claim that gravitational interactions are attractive and depend on mass."
MS-PS2-058,Gemini Flash 3,1,"The answer accurately states that objects fall at the same rate regardless of mass in the absence of air resistance, which correctly addresses the question and aligns with middle school physics concepts related to gravity."
MS-PS2-059,OSS 120b,1,"The answer correctly states that surface gravity would double, showing understanding that gravitational force depends on mass."
MS-PS2-061,Nemotron 3 Super 120b a12,1,"The answer correctly explains that gravitational force depends on the masses of the objects, and since the baseball has more mass than the marble, Earth exerts a stronger pull on it, fulfilling the standard."
MS-PS2-060,OSS 120b,0,The answer correctly mentions the Sun’s strong attractive gravity but does not explain that the force depends on both the Sun’s and the planet’s masses nor fully articulate the balance of inertia and gravity required for orbital motion.
MS-PS2-059,Gemini Flash 3,1,"The answer correctly applies the principle that gravitational force is directly proportional to mass, accurately stating that doubling the Earth's mass would double the gravitational pull."
MS-PS2-060,Gemini Flash 3,1,"The answer correctly identifies that gravity is an attractive force and that its strength is dependent on the Sun's large mass, which aligns perfectly with the requirements of MS-PS2-4."
MS-PS2-061,OSS 120b,1,"The answer correctly attributes the stronger pull to the baseball’s greater mass, reflecting that gravitational force depends on the interacting masses."
MS-PS2-060,Nemotron 3 Super 120b a12,1,"The answer correctly explains that the Sun's large mass creates a strong gravitational attraction that keeps planets in orbit, satisfying the standard's claim about gravitational interactions being attractive and mass-dependent."
MS-PS2-062,Nemotron 3 Super 120b a12,1,"The answer correctly describes the electrostatic attraction via an electric field, demonstrating a non‑contact force as required by the standard."
MS-PS2-062,OSS 120b,1,"The answer correctly describes that the paper is attracted to the charged balloon and explains it by the balloon's electric field exerting a force without contact, fulfilling the standard."
MS-PS2-061,Gemini Flash 3,1,"The answer accurately explains that gravitational force increases with mass, directly addressing the core requirement of the MS-PS2-4 standard regarding the dependence of gravity on the masses of interacting objects."
MS-PS2-063,Gemini Flash 3,1,"The answer accurately explains that a magnetic field allows for a non-contact attractive force, which directly addresses the mechanism required by the standard."
MS-PS2-063,OSS 120b,1,"The answer correctly explains that the magnet’s invisible magnetic field exerts an attractive force through the air onto the metal door, allowing it to hold the paper without direct contact."
MS-PS2-062,Gemini Flash 3,1,"The answer accurately describes the observable phenomenon and correctly attributes it to an electric field exerting a non-contact force, which directly aligns with MS-PS2-5."
MS-PS2-063,Nemotron 3 Super 120b a12,1,"The answer correctly explains that the magnet's magnetic field acts through the air to attract the fridge door, demonstrating a non‑contact force as required by the standard."
MS-PS3-001,OSS 120b,1,"The answer correctly identifies joules (J) as the unit for kinetic energy, fully addressing the question."
MS-PS2-064,Nemotron 3 Super 120b a12,1,"The answer correctly states that the magnets will accelerate toward each other due to magnetic forces acting at a distance, which directly demonstrates the existence of a field between them as required by the standard."
MS-PS2-064,Gemini Flash 3,1,"The answer correctly identifies that the magnets will accelerate toward each other due to the attractive force exerted by their magnetic fields acting through space, which directly addresses the standard's focus on non-contact forces."
MS-PS3-001,Nemotron 3 Super 120b a12,1,"Kinetic energy is indeed measured in joules (J), which directly answers the question about its unit."
MS-PS2-064,OSS 120b,1,"The answer correctly states that the magnets accelerate toward each other due to magnetic attraction, demonstrating a force acting through the field before contact."
MS-PS3-002,OSS 120b,1,"The answer correctly explains that kinetic energy varies directly with mass (doubling mass doubles KE at constant speed), which fully addresses the meaning of proportionality."
MS-PS3-003,OSS 120b,1,"The answer correctly defines mass and explains its role in kinetic energy, meeting the standard's expectations."
MS-PS3-003,Nemotron 3 Super 120b a12,1,"The answer correctly defines mass, gives its unit, and explains its direct proportional relationship to kinetic energy when speed is constant, which fully addresses the question for the standard."
MS-PS3-002,Nemotron 3 Super 120b a12,1,"The answer correctly describes that kinetic energy is directly proportional to mass when speed is constant, which matches the standard's requirement to interpret the mass‑KE relationship."
MS-PS3-001,Gemini Flash 3,1,"The answer correctly identifies the joule as the standard unit of measurement for kinetic energy, which is a necessary component for interpreting and graphing energy data."
MS-PS3-002,Gemini Flash 3,1,"The answer accurately describes the direct, linear relationship between mass and kinetic energy as required by the MS-PS3-1 standard."
MS-PS3-003,Gemini Flash 3,1,The answer correctly defines mass and accurately describes its proportional relationship to kinetic energy as required by the MS-PS3-1 standard.
MS-PS3-004,OSS 120b,1,The answer correctly identifies gravitational potential energy as the primary form of energy at the top of the hill and explains why.
MS-PS3-004,Nemotron 3 Super 120b a12,1,"The answer correctly states that the roller coaster car mainly has gravitational potential energy due to its height, which matches the standard's concept of stored potential energy from changed object arrangement."
MS-PS3-005,OSS 120b,1,"The answer correctly defines thermal energy as the total kinetic energy of particles in random motion and links it to temperature, meeting the question's expectations."
MS-PS3-006,Nemotron 3 Super 120b a12,1,"The answer accurately defines conduction as thermal energy transfer through direct contact and particle collisions, which is correct and sufficiently complete for a middle‑school science benchmark."
MS-PS3-007,Nemotron 3 Super 120b a12,1,"The answer accurately defines convection as thermal energy transfer via fluid movement and explains the rising and sinking process, which is sufficient for a middle‑school level."
MS-PS3-004,Gemini Flash 3,1,"The answer correctly identifies gravitational potential energy and attributes it to the object's height, which aligns with the standard's focus on the arrangement of objects and stored energy."
MS-PS3-005,Nemotron 3 Super 120b a12,1,"The answer correctly defines thermal energy as the total kinetic energy of particles due to random motion and relates it to temperature, which is appropriate for middle‑school understanding."
MS-PS3-006,Gemini Flash 3,1,"The answer accurately defines conduction and its mechanism of particle collision, providing the necessary conceptual foundation for the MS-PS3-3 standard."
MS-PS3-008,Nemotron 3 Super 120b a12,1,"The answer correctly defines radiation as electromagnetic wave transfer of thermal energy that does not require a medium, which fully addresses the question."
MS-PS3-005,Gemini Flash 3,1,"The answer provides a scientifically accurate definition of thermal energy suitable for the middle school level by correctly linking particle motion, kinetic energy, and temperature."
MS-PS3-008,OSS 120b,1,"The answer accurately defines radiation as heat transfer via electromagnetic waves, notes it doesn't require a material medium, and distinguishes it from conduction and convection, meeting the standard."
MS-PS3-008,Gemini Flash 3,1,"The answer accurately defines radiation as energy transfer via electromagnetic waves and correctly notes that it does not require a medium, which is foundational for understanding thermal energy transfer under standard MS-PS3-3."
MS-PS3-009,Gemini Flash 3,1,"The answer accurately defines a thermal insulator and provides relevant examples, which is a foundational concept for designing devices that minimize thermal energy transfer under standard MS-PS3-3."
MS-PS3-007,Gemini Flash 3,1,"The answer provides a scientifically accurate and complete definition of convection, including the role of fluid movement and density differences, which is essential for understanding thermal energy transfer under this standard."
MS-PS3-007,OSS 120b,1,"The answer accurately defines convection as heat transfer through fluid motion with warm fluid rising and cool fluid sinking, matching the concept required."
MS-PS3-006,OSS 120b,1,"The answer correctly defines conduction as direct-contact thermal energy transfer via particle collisions, which sufficiently answers the question."
MS-PS3-009,OSS 120b,1,"The answer correctly defines a thermal insulator as a material that reduces heat transfer and provides appropriate examples, adequately addressing the question."
MS-PS3-010,OSS 120b,1,"The answer correctly defines a thermal conductor and provides appropriate examples, adequately addressing the question."
MS-PS3-011,OSS 120b,1,"The answer correctly defines temperature as the average kinetic energy of particles and lists the common units, providing an accurate and sufficient explanation."
MS-PS3-009,Nemotron 3 Super 120b a12,1,"The reference answer correctly defines a thermal insulator and provides appropriate examples, which fully answers the question for the given standard."
MS-PS3-011,Nemotron 3 Super 120b a12,1,"The answer correctly defines temperature as the average kinetic energy of particles and notes the standard units, providing a complete and accurate response suitable for middle-school level."
MS-PS3-010,Nemotron 3 Super 120b a12,1,"The answer accurately defines a thermal conductor and provides appropriate examples, meeting the middle-school level expectation."
MS-PS3-010,Gemini Flash 3,1,"The answer accurately defines a thermal conductor and provides relevant examples, which are foundational concepts for designing devices to manage thermal energy transfer as required by the standard."
MS-PS3-012,OSS 120b,1,"The answer correctly defines thermal equilibrium as equal temperature and the cessation of net heat flow between objects, which fully addresses the question."
MS-PS3-013,OSS 120b,1,"The answer correctly states that speeding up raises kinetic energy and that energy is transferred to the object, meeting the standard."
MS-PS3-013,Nemotron 3 Super 120b a12,1,"The answer correctly states that kinetic energy increases when an object speeds up and links this increase to energy being transferred to the object, satisfying the standard's claim."
MS-PS3-012,Nemotron 3 Super 120b a12,1,"The answer correctly defines thermal equilibrium as equal temperature and zero net heat flow, which aligns with the concept needed for investigating energy transfer and temperature changes."
MS-PS3-012,Gemini Flash 3,1,The answer accurately defines thermal equilibrium for the middle school level by stating that objects reach the same temperature and net heat transfer ceases.
MS-PS3-013,Gemini Flash 3,1,"The answer correctly identifies that kinetic energy increases as an object speeds up and accurately links this change to the transfer of energy to the object, satisfying the requirements of the standard."
MS-PS3-011,Gemini Flash 3,1,"The answer accurately defines temperature as the average kinetic energy of particles and lists the correct units of measurement, providing the necessary scientific foundation for the MS-PS3-3 standard."
MS-PS3-015,OSS 120b,1,"The answer correctly states that kinetic energy is transferred from the moving object to the stationary one, aligning with the standard."
MS-PS3-014,OSS 120b,1,"The answer correctly explains that the ball’s kinetic energy is transferred to the surroundings, primarily as thermal energy due to friction, which satisfies the standard."
MS-PS3-014,Nemotron 3 Super 120b a12,1,"The answer correctly identifies that the ball's kinetic energy is transferred to the surroundings as thermal energy through friction, which aligns with the claim that a change in kinetic energy involves energy transfer."
MS-PS3-014,Gemini Flash 3,1,"The answer accurately identifies that the ball's kinetic energy is transferred to the surroundings as thermal energy due to friction, which directly supports the claim required by MS-PS3-5."
MS-PS3-015,Nemotron 3 Super 120b a12,1,"The answer correctly states that kinetic energy is transferred from the moving object to the still object, aligning with the claim that a change in kinetic energy involves energy transfer."
MS-PS3-016,OSS 120b,1,"The answer correctly explains that kinetic energy depends on speed squared, so a slower car of equal mass has less kinetic energy, fulfilling the standard."
MS-PS3-015,Gemini Flash 3,1,"The answer accurately describes the transfer of energy and the resulting change in kinetic energy for both objects, which directly aligns with the requirements of MS-PS3-5."
MS-PS3-017,OSS 120b,1,"The answer correctly explains that kinetic energy depends on speed squared, making speed a far more significant factor than mass in crash severity."
MS-PS3-016,Nemotron 3 Super 120b a12,1,"The answer correctly states that kinetic energy depends on speed squared, so a slower car has less KE, which adequately addresses the question for the standard."
MS-PS3-018,OSS 120b,1,"The answer correctly explains that a heavier object has greater kinetic energy at the same speed, requiring more work (force over distance/time) to stop it."
MS-PS3-017,Nemotron 3 Super 120b a12,1,"The answer correctly explains that kinetic energy depends on the square of speed, so increases in speed greatly increase energy compared to changes in mass, addressing why speed is more critical in crashes."
MS-PS3-017,Gemini Flash 3,1,"The answer correctly identifies and explains the quadratic relationship between speed and kinetic energy, which is a core component of the MS-PS3-1 standard."
MS-PS3-016,Gemini Flash 3,1,"The reference answer accurately describes the proportional relationship between speed and kinetic energy and correctly identifies the squared relationship, which is a key component of the MS-PS3-1 standard."
MS-PS3-018,Nemotron 3 Super 120b a12,1,"The answer correctly explains that a heavier object has more kinetic energy at the same speed, requiring more work/force to stop, which aligns with the standard."
MS-PS3-019,OSS 120b,1,"The answer correctly explains that stretching changes particle arrangement, storing elastic potential energy, aligning with the standard's focus on arrangement change and energy storage."
MS-PS3-019,Nemotron 3 Super 120b a12,1,"The answer correctly explains that stretching changes particle arrangement, storing elastic potential energy, aligning with MS-PS3-2."
MS-PS3-020,OSS 120b,1,"The answer correctly explains that greater height increases the separation from Earth, resulting in higher gravitational potential energy, which aligns with the standard."
MS-PS3-018,Gemini Flash 3,1,The answer accurately identifies the proportional relationship between mass and kinetic energy as required by the standard and correctly explains the mechanical requirements for stopping an object with more energy.
MS-PS3-019,Gemini Flash 3,1,"The answer accurately explains how changing the arrangement of particles by stretching the band increases the stored elastic potential energy, directly addressing the core concept of standard MS-PS3-2."
MS-PS3-020,Nemotron 3 Super 120b a12,1,"The answer correctly states that increasing the separation between the book and Earth raises gravitational potential energy, which directly addresses the standard’s concept of varying potential energy with arrangement."
MS-PS3-021,OSS 120b,1,The answer correctly explains that work done against the repulsive magnetic force stores additional potential energy when like poles are forced closer together.
MS-PS3-021,Nemotron 3 Super 120b a12,1,"The answer correctly explains that doing work to overcome magnetic repulsion stores magnetic potential energy, directly addressing how changing the arrangement of interacting objects changes stored energy as required by the standard."
MS-PS3-022,OSS 120b,1,"The answer correctly explains that the highest point gives the greatest gravitational potential energy due to maximum distance from Earth, aligning with the standard."
MS-PS3-022,Nemotron 3 Super 120b a12,1,"The answer correctly explains that the roller coaster car's greatest height gives the car‑Earth system maximum gravitational potential energy, directly linking arrangement change to stored energy as required by the standard."
MS-PS3-020,Gemini Flash 3,1,"The answer accurately explains that gravitational potential energy depends on the distance between interacting objects in a system, which aligns perfectly with the MS-PS3-2 standard."
MS-PS3-021,Gemini Flash 3,1,"The answer correctly identifies that work is required to overcome the repulsive force between like poles, which increases the stored magnetic potential energy in the system."
MS-PS3-023,OSS 120b,1,"The answer correctly explains that increasing compression changes the spring's arrangement more, thereby storing greater elastic potential energy, matching the standard."
MS-PS3-022,Gemini Flash 3,1,"The answer correctly identifies that potential energy depends on the distance between objects in a system (the car and Earth), which directly addresses the core concept of standard MS-PS3-2."
MS-PS3-024,OSS 120b,1,"The answer correctly explains that the pendulum’s maximum height yields the greatest gravitational potential energy, directly addressing why the highest point has the most PE."
MS-PS3-023,Nemotron 3 Super 120b a12,1,"The answer correctly explains that greater compression changes the coil arrangement more, storing more elastic potential energy, which matches MS-PS3-2."
MS-PS3-023,Gemini Flash 3,1,"The answer accurately links the change in the arrangement of the spring's coils to the amount of potential energy stored, which directly addresses the core requirement of the MS-PS3-2 standard."
MS-PS3-025,Nemotron 3 Super 120b a12,1,"The answer correctly explains that increasing the ball‑Earth distance changes the system's arrangement, storing more gravitational potential energy as the ball rises."
MS-PS3-025,OSS 120b,1,"The answer correctly explains that increasing the ball‑Earth separation stores more gravitational potential energy, matching the standard’s focus on arrangement changes affecting stored energy."
MS-PS3-026,OSS 120b,1,"The answer correctly explains that metal's high thermal conductivity causes it to heat faster than wood, which is a poor conductor."
MS-PS3-024,Gemini Flash 3,1,"The answer correctly explains that gravitational potential energy is determined by the distance (height) between the pendulum bob and Earth, which directly aligns with the standard's focus on the arrangement of objects and stored energy."
MS-PS3-026,Nemotron 3 Super 120b a12,1,"The answer correctly explains that metal conducts heat better than wood, which accounts for the metal spoon heating up faster, meeting the standard's focus on thermal energy transfer principles."
MS-PS3-025,Gemini Flash 3,1,"The answer accurately explains how the change in the arrangement of the ball-Earth system (increased distance) results in more stored gravitational potential energy, directly aligning with standard MS-PS3-2."
MS-PS3-024,Nemotron 3 Super 120b a12,1,"The answer correctly links the pendulum's highest point to maximum height and thus maximum gravitational potential energy, addressing the standard's focus on how changing arrangement (height) alters stored potential energy."
MS-PS3-027,OSS 120b,1,"The answer correctly explains that additional insulation layers decrease the rate of thermal energy transfer, keeping the drink cold longer."
MS-PS3-027,Nemotron 3 Super 120b a12,1,"The answer correctly states that each insulation layer reduces the rate of thermal energy flow, and more layers decrease overall heat transfer, which explains why the drink stays cold longer."
MS-PS3-028,OSS 120b,1,"The answer correctly explains that the vacuum blocks conduction and convection while reflective surfaces limit radiation, covering all three heat‑transfer mechanisms and adequately addressing the question."
MS-PS3-026,Gemini Flash 3,1,The answer accurately identifies thermal conductivity as the principle explaining the difference in heat transfer rate between metal and wood.
MS-PS3-029,OSS 120b,1,"The answer correctly explains that oven mitts are insulating and reduce heat transfer, which directly addresses why they prevent burns."
MS-PS3-028,Nemotron 3 Super 120b a12,1,"The answer correctly states that the vacuum eliminates conduction and convection and the shiny surfaces reflect radiation, thereby reducing all three types of heat transfer to keep the liquid hot."
MS-PS3-027,Gemini Flash 3,1,"The answer accurately explains that insulation reduces the rate of thermal energy transfer between objects of different temperatures, which is the core scientific principle of the standard."
MS-PS3-029,Nemotron 3 Super 120b a12,1,"The answer correctly states that oven mitts are made of insulating, poorly conductive materials that slow heat transfer, which directly explains how they prevent burns."
MS-PS3-030,OSS 120b,1,"The answer correctly explains that trapped air is a poor conductor and that still air pockets reduce heat transfer, adequately addressing how it provides insulation."
MS-PS3-030,Nemotron 3 Super 120b a12,1,"The answer correctly explains that trapped air reduces heat transfer by being a poor conductor and limiting convection, which fully addresses how such materials act as insulators for the given standard."
MS-PS3-028,Gemini Flash 3,1,"The answer accurately explains how the vacuum and shiny surfaces minimize the three types of heat transfer (conduction, convection, and radiation), which aligns perfectly with the scientific principles required by standard MS-PS3-3."
MS-PS3-029,Gemini Flash 3,1,"The answer accurately applies the scientific principles of insulation and thermal conductivity to explain how a device minimizes heat transfer, which aligns with the core concepts of the standard."
MS-PS3-032,OSS 120b,1,"The answer correctly explains that the sleeping bag insulates by trapping air and reducing heat loss, which keeps body-generated warmth close despite not producing heat itself."
MS-PS3-030,Gemini Flash 3,1,The answer accurately identifies that trapped air functions as an insulator by being a poor conductor and minimizing convection through still air pockets.
MS-PS3-031,OSS 120b,0,"The answer correctly notes reflection of radiant energy but omits other important factors like reduced conduction and convection, making it incomplete for fully explaining how foil keeps a drink cold."
MS-PS3-031,Nemotron 3 Super 120b a12,1,"The answer correctly explains that aluminum foil reflects sunlight, reducing radiative heat transfer, which sufficiently addresses the question for the standard."
MS-PS3-032,Nemotron 3 Super 120b a12,1,"The answer correctly explains that the sleeping bag reduces thermal energy transfer by trapping air and limiting conduction/convection, which aligns with the principle of minimizing heat loss."
MS-PS3-031,Gemini Flash 3,1,"The answer correctly identifies that the reflective property of aluminum foil minimizes thermal energy transfer from radiation, which is the primary heat source when a drink is sitting in the sun."
MS-PS3-034,OSS 120b,1,"The answer correctly explains that water's high specific heat capacity lets it absorb a lot of heat with minimal temperature rise, making it an effective coolant."
MS-PS3-032,Gemini Flash 3,1,"The answer correctly identifies the scientific principles of insulation and minimized thermal energy transfer through trapped air and reduced conduction, accurately explaining how the device functions."
MS-PS3-033,OSS 120b,0,The answer omits the role of stirring (mechanical work and increased heat transfer) and therefore is incomplete.
MS-PS3-034,Nemotron 3 Super 120b a12,1,"The answer correctly explains water's high specific heat capacity and its effectiveness in absorbing thermal energy, which aligns with the standard's focus on energy transfer, type of matter, and temperature change."
MS-PS3-034,Gemini Flash 3,1,"The answer accurately identifies water's high specific heat capacity as the property that allows it to absorb significant thermal energy with minimal temperature change, directly addressing the relationship between energy transfer and type of matter specified in MS-PS3-4."
MS-PS3-035,OSS 120b,1,"The answer correctly explains that friction and air resistance transfer the swing's kinetic energy to thermal energy and sound, causing it to slow and stop, fulfilling the standard."
MS-PS3-035,Nemotron 3 Super 120b a12,1,"The answer correctly explains that friction and air resistance transfer kinetic energy away as thermal and sound energy, showing energy transfer causing the swing’s kinetic energy to decrease, which satisfies the standard."
MS-PS3-036,OSS 120b,1,"The answer correctly explains that a harder hit transfers more energy, increasing kinetic energy and speed, aligning with the standard."
MS-PS3-036,Nemotron 3 Super 120b a12,1,"The answer correctly explains that a harder hit transfers more energy (work) to the ball, increasing its kinetic energy and speed, while a softer hit transfers less energy, resulting in lower speed, which directly addresses the claim about energy transfer when kinetic energy changes."
MS-PS3-037,Nemotron 3 Super 120b a12,1,"Doubling speed multiplies kinetic energy by four because kinetic energy is proportional to the square of speed, which correctly addresses the relationship described in the standard."
MS-PS3-035,Gemini Flash 3,1,"The answer accurately explains that the reduction in kinetic energy is due to energy transfer to the environment via friction and air resistance, directly addressing the requirements of MS-PS3-5."
MS-PS3-036,Gemini Flash 3,1,"The answer correctly explains that the speed of the ball (kinetic energy) depends on the amount of energy transferred during the hit, which directly supports the MS-PS3-5 standard."
MS-PS3-037,Gemini Flash 3,1,"The answer correctly identifies the square relationship between speed and kinetic energy, accurately stating that doubling the speed results in quadrupling the energy."
MS-PS3-038,Nemotron 3 Super 120b a12,1,"The answer correctly states that doubling speed quadruples kinetic energy (KE ∝ v²), leading to four times the energy and thus greater damage, which accurately addresses the relationship between speed and kinetic energy."
MS-PS3-033,Nemotron 3 Super 120b a12,0,"The answer correctly describes energy transfer via particle collisions but fails to explain how stirring increases the rate of heat transfer, omitting a key reason why stirring makes the drink warmer."
MS-PS3-037,OSS 120b,1,"The answer correctly states that kinetic energy quadruples when speed is doubled, fully addressing the relationship."
MS-PS3-033,Gemini Flash 3,1,The answer accurately explains the transfer of thermal energy from the warmer surroundings to the cooler drink through particle collisions and correctly relates average kinetic energy to temperature.
MS-PS3-040,OSS 120b,1,"The answer correctly explains that trucks’ greater mass gives them higher kinetic energy at a given speed, so lower speed limits reduce crash severity and stopping difficulty."
MS-PS3-039,OSS 120b,1,The answer correctly identifies the harder‑kicked ball as having more kinetic energy and explains it using the relationship that KE increases with speed for equal masses.
MS-PS3-040,Nemotron 3 Super 120b a12,1,"The answer correctly links the greater mass of trucks to higher kinetic energy at a given speed and notes that increasing speed raises KE further, justifying lower speed limits, which directly addresses the KE-mass and KE-speed relationship required by the standard."
MS-PS3-038,OSS 120b,1,"The answer correctly explains that doubling speed quadruples kinetic energy, leading to significantly greater damage, which directly addresses the question."
MS-PS3-040,Gemini Flash 3,1,"The answer accurately explains the relationships between mass, speed, and kinetic energy as required by the standard to justify the difference in speed limits."
MS-PS3-041,OSS 120b,1,"The answer correctly identifies the top-of-hill position as having more gravitational potential energy and explains it by the greater distance from Earth's center, satisfying the standard."
MS-PS3-039,Nemotron 3 Super 120b a12,1,"The answer correctly states that the harder‑kicked ball has greater speed and thus greater kinetic energy, which adequately addresses the question about identical balls and aligns with the standard’s focus on KE’s dependence on speed."
MS-PS3-039,Gemini Flash 3,1,The reference answer accurately explains that a harder kick results in a higher speed and correctly identifies the direct relationship between increased speed and increased kinetic energy as required by the standard.
MS-PS3-042,OSS 120b,1,The answer correctly identifies the diver on the 10‑meter platform as having more gravitational potential energy and explains it by the greater distance from Earth.
MS-PS3-042,Nemotron 3 Super 120b a12,1,"The answer correctly states that the diver at the higher platform has more gravitational potential energy due to the greater separation in the diver‑Earth system, which satisfies the standard."
MS-PS3-038,Gemini Flash 3,1,"The answer accurately applies the kinetic energy formula (KE = 1/2mv²) to demonstrate that doubling the speed results in four times the energy, which directly addresses the standard's requirement for describing the relationship between speed and kinetic energy."
MS-PS3-041,Gemini Flash 3,1,The answer accurately identifies that potential energy increases with height and correctly links this to the arrangement of objects in the car-Earth system as required by the standard.
MS-PS3-041,Nemotron 3 Super 120b a12,1,"The answer correctly states that the car at the top has greater separation from Earth, which increases gravitational potential energy in the car‑Earth system, satisfying the standard."
MS-PS3-044,OSS 120b,1,"The answer accurately explains that raising the pendulum bob increases gravitational potential energy, reflecting the change in arrangement of the system."
MS-PS3-043,OSS 120b,1,The answer correctly identifies that the skier at the higher steep mountain has greater gravitational potential energy due to increased height.
MS-PS3-043,Nemotron 3 Super 120b a12,1,"The answer correctly explains that a greater height increases the distance between skier and Earth, resulting in more gravitational potential energy, which satisfies the standard’s requirement that arrangement changes affect stored potential energy."
MS-PS3-043,Gemini Flash 3,1,"The answer correctly identifies that a greater height increases the distance between the objects in the system, which correlates to more stored potential energy as required by the standard."
MS-PS3-044,Gemini Flash 3,1,The answer accurately explains that changing the physical arrangement by increasing the height of the bob relative to Earth increases the stored gravitational potential energy in accordance with the MS-PS3-2 standard.
MS-PS3-044,Nemotron 3 Super 120b a12,1,The answer correctly states that raising the pendulum bob increases gravitational potential energy due to the changed arrangement of the pendulum‑Earth system.
MS-PS3-045,OSS 120b,1,The answer correctly states that the potential energy increases as the repelling magnets are brought closer together.
MS-PS3-045,Nemotron 3 Super 120b a12,1,"The answer correctly explains that bringing like magnetic poles closer increases the system's magnetic potential energy because work is done against the repulsive force, which matches the standard's focus on how changing arrangement alters stored potential energy."
MS-PS3-046,OSS 120b,1,"The answer correctly states that gravitational potential energy decreases as the book falls closer to Earth, matching the expected explanation."
MS-PS3-042,Gemini Flash 3,1,"The answer correctly identifies the diver-Earth system and explains that a greater distance in the arrangement stores more potential energy, which directly aligns with the requirements of MS-PS3-2."
MS-PS3-045,Gemini Flash 3,1,"The answer accurately describes that potential energy increases when work is done to push two repelling magnetic poles closer together, correctly addressing the relationship between object arrangement and stored energy."
MS-PS3-046,Nemotron 3 Super 120b a12,1,"The answer correctly states that gravitational potential energy decreases as the book-Earth distance reduces, which aligns with the standard's focus on how changing arrangement alters stored potential energy."
MS-PS3-047,OSS 120b,1,"The answer correctly states that stretching the rubber band further increases its stored potential energy, aligning with the concept that changing the arrangement of interacting particles alters the system's stored energy."
MS-PS3-048,OSS 120b,1,"The answer correctly identifies foam as the better liner and explains that its low conductivity and trapped air reduce thermal energy transfer, aligning with the standard."
MS-PS3-046,Gemini Flash 3,1,"The answer accurately identifies that potential energy decreases as the distance between the book and Earth decreases, which directly addresses the core concepts of the MS-PS3-2 standard."
MS-PS3-047,Nemotron 3 Super 120b a12,1,"The answer correctly states that stretching the rubber band farther increases its elastic potential energy due to greater separation of interacting particles, aligning with MS‑PS3‑2."
MS-PS3-048,Nemotron 3 Super 120b a12,1,"The answer correctly states that foam is a poor conductor and traps air, which reduces thermal energy transfer, aligning with the principle of minimizing heat loss to keep food warm."
MS-PS3-049,OSS 120b,1,"The answer correctly identifies that oven mitts use insulating, low‑conductivity materials to slow heat transfer, adequately explaining their protective effect."
MS-PS3-048,Gemini Flash 3,1,The answer correctly identifies foam as an insulator and explains its role in minimizing thermal energy transfer by being a poor conductor and trapping air.
MS-PS3-050,OSS 120b,1,The answer correctly states that painting the interior black would improve heating by increasing absorption of radiant energy.
MS-PS3-049,Nemotron 3 Super 120b a12,1,"The answer correctly explains that oven mitts use insulating, low‑conductivity material to reduce heat transfer, which aligns with the standard's focus on minimizing thermal energy transfer."
MS-PS3-047,Gemini Flash 3,1,"The answer correctly identifies that potential energy increases with distance and links this to the change in the arrangement of interacting particles, which directly addresses the core concept of the MS-PS3-2 standard."
MS-PS3-051,OSS 120b,1,The answer correctly identifies that ice melts faster in the metal bowl due to metal's higher thermal conductivity compared to insulating foam.
MS-PS3-049,Gemini Flash 3,1,"The answer accurately explains that oven mitts use insulating materials to minimize thermal energy transfer via conduction, which directly aligns with the scientific principles specified in standard MS-PS3-3."
MS-PS3-050,Nemotron 3 Super 120b a12,1,"The answer correctly explains that painting the interior black increases absorption of radiant heat, thereby enhancing the cooker's ability to heat food, which aligns with maximizing thermal energy transfer."
MS-PS3-052,OSS 120b,1,"The answer correctly explains that metal conducts heat more readily than wood, causing more thermal energy to transfer to the hand and making the metal spoon feel hotter."
MS-PS3-051,Nemotron 3 Super 120b a12,1,"The reference answer correctly states that metal’s higher thermal conductivity transfers heat to the ice faster than foam’s insulating property, so the ice melts quicker in the metal bowl, which addresses the standard."
MS-PS3-052,Nemotron 3 Super 120b a12,1,"The answer correctly states that metal conducts heat more readily than wood, leading to greater energy transfer and higher felt temperature, which addresses the relationship between material type and energy transfer as required by the standard."
MS-PS3-051,Gemini Flash 3,1,The answer correctly identifies that the metal bowl facilitates faster melting due to higher thermal conductivity compared to the insulating properties of foam.
MS-PS3-050,Gemini Flash 3,1,"The answer correctly identifies that dark surfaces absorb more radiant energy than reflective surfaces, which is a key scientific principle for maximizing thermal energy transfer in a solar cooker design."
MS-PS3-053,OSS 120b,1,"The answer correctly identifies that water and oil have different capacities to absorb energy (specific heats), explaining why oil heats up more, which addresses the relationship among energy transferred, matter type, and temperature change."
MS-PS3-054,OSS 120b,1,"The answer correctly identifies that sand requires less energy per gram (has lower specific heat) to raise its temperature than water, explaining why it gets hotter."
MS-PS3-052,Gemini Flash 3,1,The answer accurately explains that the difference in temperature sensation is due to the different rates of thermal energy transfer (conductivity) between the two materials.
MS-PS3-053,Nemotron 3 Super 120b a12,1,"The answer correctly notes that water and oil have different abilities to absorb energy (specific heat), explaining why equal masses receiving the same energy show different temperature changes, which aligns with the standard's focus on energy transfer, matter type, mass, and temperature change."
MS-PS3-053,Gemini Flash 3,1,The answer accurately identifies that the difference in temperature change is due to the inherent properties of different materials (specific heat capacity) when mass and energy input are held constant.
MS-PS3-054,Gemini Flash 3,1,The answer correctly identifies that different materials require different amounts of energy to change temperature and accurately applies the concept of specific heat capacity to explain why sand heats up faster than water.
MS-PS3-055,OSS 120b,1,"The answer correctly identifies that energy is transferred to the skateboarder, explaining the conversion of gravitational potential energy to kinetic energy."
MS-PS3-055,Nemotron 3 Super 120b a12,1,"The answer correctly identifies that energy is transferred to the skateboarder as gravitational potential energy converts to kinetic energy, addressing the standard's requirement."
MS-PS3-057,OSS 120b,1,"The answer correctly explains that surface roughness affects friction, which transfers kinetic energy to heat at different rates, satisfying the standard."
MS-PS3-056,Nemotron 3 Super 120b a12,1,"The answer correctly identifies that the raindrop's kinetic energy is transferred to the water, producing ripples and a splash, which directly addresses the standard's claim about energy transfer when kinetic energy changes."
MS-PS3-057,Nemotron 3 Super 120b a12,1,"The answer correctly explains that greater friction on rough surfaces transfers kinetic energy to heat faster, while low friction on ice slows energy loss."
MS-PS3-056,OSS 120b,1,"The answer correctly explains that the raindrop's kinetic energy is transferred to the water, producing motion as ripples and a splash, which aligns with the standard."
MS-PS3-054,Nemotron 3 Super 120b a12,1,"The answer correctly identifies that sand and water have different specific heat capacities, explaining why equal energy input yields a larger temperature change in sand, which aligns with the standard’s focus on energy transferred, type of matter, mass, and temperature change."
MS-PS3-057,Gemini Flash 3,1,The answer correctly identifies friction as the mechanism for transferring kinetic energy away from the puck as heat and explains how the surface texture affects the rate of this energy transfer.
MS-PS4-001,Nemotron 3 Super 120b a12,1,"The answer correctly states that frequency is measured in hertz (Hz), defining one hertz as one wave cycle per second."
MS-PS3-056,Gemini Flash 3,1,"The answer correctly identifies that the raindrop's kinetic energy is transferred to the water in the puddle, resulting in observable kinetic energy in the form of ripples and splashes, which directly aligns with the requirements of the standard."
MS-PS3-058,OSS 120b,1,"The answer correctly explains that a higher drop gives the ball greater kinetic energy at impact, leading to more energy being transferred and returned, resulting in a higher bounce."
MS-PS4-001,OSS 120b,1,The answer correctly identifies hertz (Hz) as the unit of frequency and explains its definition.
MS-PS4-002,OSS 120b,0,"The answer only states qualitatively that higher amplitude means more energy, but does not provide the required mathematical relationship (energy ∝ amplitude²) required by the standard."
MS-PS4-001,Gemini Flash 3,1,The answer accurately identifies hertz as the unit of frequency and provides its correct definition in terms of cycles per second.
MS-PS3-055,Gemini Flash 3,1,The answer correctly identifies that the increase in kinetic energy signifies energy being transferred to the skateboarder and accurately describes the conversion from gravitational potential energy.
MS-PS3-058,Gemini Flash 3,1,"The answer correctly identifies that a higher drop results in more kinetic energy and explicitly links the change in kinetic energy to the transfer of energy during the collision, which aligns with the requirements of the standard."
MS-PS3-058,Nemotron 3 Super 120b a12,0,"The answer incorrectly suggests that more energy is transferred to the floor and then back into the ball to cause a higher bounce, when in fact the ball retains a fraction of its kinetic energy after some is lost as heat/sound, and greater initial height simply gives the ball more kinetic energy to "
MS-PS4-003,OSS 120b,1,"The answer correctly defines a longitudinal wave as one where the disturbance moves parallel to the direction of travel, providing a complete basic definition."
MS-PS4-002,Nemotron 3 Super 120b a12,0,The answer correctly states that greater amplitude means more energy but fails to include the mathematical relationship (energy ∝ amplitude²) required by the standard.
MS-PS4-004,OSS 120b,1,"The answer correctly explains that higher amplitude means larger displacement from the rest position and correctly links it to greater energy, fulfilling the standard."
MS-PS4-003,Nemotron 3 Super 120b a12,1,"The answer correctly defines a longitudinal wave as having disturbance (particle motion) parallel to the direction of wave travel and provides a suitable example, making it accurate and sufficiently complete for the question."
MS-PS4-004,Nemotron 3 Super 120b a12,1,"The answer correctly states that higher amplitude means greater displacement from the rest position and correctly links this to the wave carrying more energy, which satisfies the standard's focus on amplitude‑energy relationship."
MS-PS4-005,OSS 120b,1,"The answer correctly defines a mechanical wave as one that requires a material medium and cannot propagate in a vacuum, which adequately answers the question."
MS-PS4-004,Gemini Flash 3,1,The answer accurately defines amplitude as the distance from the rest position and correctly links higher amplitude to increased energy as required by the MS-PS4-1 standard.
MS-PS4-005,Nemotron 3 Super 120b a12,1,"The answer correctly states that a mechanical wave needs a medium and cannot travel through a vacuum, which is an accurate and sufficient definition for middle-school science."
MS-PS4-006,Nemotron 3 Super 120b a12,1,"The answer correctly describes wavelength as the distance between successive crests (or troughs), which is the standard measurement method."
MS-PS4-006,OSS 120b,1,The answer correctly and concisely states that wavelength is measured as the distance between consecutive crests or troughs on a wave diagram.
MS-PS4-005,Gemini Flash 3,1,The reference answer provides a scientifically accurate and concise definition of a mechanical wave suitable for middle-school level understanding.
MS-PS4-002,Gemini Flash 3,0,"The standard MS-PS4-1 specifically requires a mathematical representation of the relationship, which should state that a wave's energy is proportional to the square of its amplitude."
MS-PS4-007,Gemini Flash 3,1,The answer accurately reflects the mathematical relationship between wave energy and amplitude (E ∝ A²) as required by the standard.
MS-PS4-007,OSS 120b,1,"The answer correctly states that wave energy is proportional to the square of amplitude, so doubling amplitude quadruples the energy."
MS-PS4-008,OSS 120b,1,"The answer correctly defines transmission as a wave passing through the material and continuing beyond it, meeting the standard's requirement."
MS-PS4-003,Gemini Flash 3,1,"The answer provides a scientifically accurate definition and appropriate example of a longitudinal wave, which is a fundamental concept within the study of wave models addressed by the standard."
MS-PS4-007,Nemotron 3 Super 120b a12,1,"The answer correctly states that energy scales with the square of amplitude, so doubling amplitude quadruples energy, which matches the standard's expectation."
MS-PS4-006,Gemini Flash 3,1,"The answer accurately describes how to measure wavelength using standard reference points on a wave diagram, which is a fundamental part of the wave model described in the standard."
MS-PS4-009,OSS 120b,1,The answer correctly identifies reflection of light waves as the phenomenon that creates the image in a calm pond.
MS-PS4-008,Gemini Flash 3,1,"The answer accurately defines wave transmission as passing through a medium, which is the core concept required for the MS-PS4-2 standard at a middle-school level."
MS-PS4-008,Nemotron 3 Super 120b a12,1,"The answer correctly defines transmission as a wave passing through the material and continuing on the other side, which aligns with the standard’s concept of wave transmission."
MS-PS4-009,Nemotron 3 Super 120b a12,1,The answer correctly identifies reflection as the wave behavior and accurately describes how light waves bounce off the smooth water surface to form a visible reflection.
MS-PS4-011,OSS 120b,1,"The answer correctly defines refraction as the bending of a wave when it enters a material where its speed changes, meeting the standard's expectations."
MS-PS4-009,Gemini Flash 3,1,"The answer accurately identifies the wave behavior as reflection and explains the mechanism of light waves bouncing off a surface, which directly satisfies the requirements of the standard."
MS-PS4-012,Nemotron 3 Super 120b a12,1,"The answer correctly identifies soft, porous materials as good sound absorbers and explains they trap and convert sound energy rather than reflecting it."
MS-PS4-010,OSS 120b,1,"The answer correctly states that absorbed wave energy is transferred to the material, typically manifesting as heat, which directly addresses the question."
MS-PS4-010,Gemini Flash 3,1,"The answer accurately describes the transfer of energy to the material and the common conversion into thermal energy, which correctly addresses the concept of absorption in the MS-PS4-2 standard."
MS-PS4-012,OSS 120b,1,"The answer correctly identifies soft, porous materials (e.g., foam, carpet, curtains) as good sound absorbers and explains the mechanism, meeting the standard."
MS-PS4-013,OSS 120b,1,"The answer correctly defines an analog signal as a continuous, smoothly varying signal that can assume any value within a range, providing an accurate and sufficient response."
MS-PS4-012,Gemini Flash 3,1,The answer accurately identifies the characteristics of sound-absorbing materials and explains the process of energy conversion as required by the MS-PS4-2 standard.
MS-PS4-013,Nemotron 3 Super 120b a12,1,"The answer correctly defines an analog signal as a continuous, smoothly varying signal that can take any value within a range, and provides a suitable example appropriate for middle‑school level."
MS-PS4-014,OSS 120b,1,"The answer correctly defines a digital signal as using discrete binary values (0s and 1s) to encode information, which sufficiently answers the question."
MS-PS4-010,Nemotron 3 Super 120b a12,1,"The answer correctly explains that absorbed wave energy is transferred to the material, usually raising its temperature, which fully addresses the question for the standard."
MS-PS4-011,Nemotron 3 Super 120b a12,1,The answer correctly defines refraction as the bending of a wave when it passes into a material where its speed changes.
MS-PS4-013,Gemini Flash 3,1,"The answer accurately defines an analog signal as continuous and variable, providing a clear example that is appropriate for the middle school level and aligned with the requirements of the standard."
MS-PS4-014,Nemotron 3 Super 120b a12,1,"The answer correctly defines a digital signal as using two discrete values (0 and 1), which is accurate and sufficient for a middle‑school level question."
MS-PS4-015,Nemotron 3 Super 120b a12,1,"The answer correctly defines the binary number system and connects it to digital information storage and transmission, which satisfies the question and aligns with the standard."
MS-PS4-015,OSS 120b,1,"The answer correctly defines binary as a two-digit (0 and 1) system and links it to digital information, adequately addressing the question."
MS-PS4-016,Nemotron 3 Super 120b a12,1,"The answer accurately defines bandwidth as the data transmission rate of a channel, which is appropriate for the context of information transfer in the benchmark."
MS-PS4-016,OSS 120b,1,"The answer correctly defines bandwidth as the data capacity of a channel per unit time, which directly addresses the question."
MS-PS4-011,Gemini Flash 3,1,"The answer accurately defines refraction by identifying the bending of the wave and the change in speed when passing between materials, which aligns with the transmission behavior described in MS-PS4-2."
MS-PS4-014,Gemini Flash 3,1,"The definition correctly identifies that digital signals use discrete values, which is the foundational concept required for middle-schoolers to understand their reliability over analog signals."
MS-PS4-017,OSS 120b,1,"The answer correctly explains that larger amplitude means greater displacement of the medium, which requires more energy, adequately addressing the question."
MS-PS4-015,Gemini Flash 3,1,"The answer accurately defines the binary system and correctly identifies its role in digital information, which is a foundational concept for standard MS-PS4-3."
MS-PS4-018,OSS 120b,1,"The answer correctly explains that amplitude drops because the wave’s energy spreads out and is dissipated, linking energy loss to reduced amplitude."
MS-PS4-018,Nemotron 3 Super 120b a12,1,"The answer correctly explains that amplitude decreases due to energy loss from spreading and absorption, aligning with the standard’s focus on the relationship between wave amplitude and energy."
MS-PS4-017,Nemotron 3 Super 120b a12,1,"The answer correctly explains that greater amplitude means larger particle displacement, which requires more energy, aligning with the standard's conceptual understanding."
MS-PS4-016,Gemini Flash 3,1,"The definition provided is accurate and clearly explains bandwidth in terms of data transmission capacity over time, which is appropriate for the technical context of the standard."
MS-PS4-019,OSS 120b,1,"The answer correctly states that greater amplitude means more energy and a brighter appearance, which directly answers the question and aligns with the standard."
MS-PS4-020,OSS 120b,1,"The answer correctly explains that larger wave amplitudes indicate more ground movement and higher energy, which scientists use to calculate earthquake magnitude."
MS-PS4-018,Gemini Flash 3,1,"The answer accurately identifies both geometric spreading and energy absorption as the causes for decreased energy density, which directly relates to the reduction in wave amplitude as required by the standard."
MS-PS4-017,Gemini Flash 3,1,The answer accurately explains the physical relationship between wave displacement and energy transfer in a manner appropriate for middle school conceptual understanding.
MS-PS4-020,Nemotron 3 Super 120b a12,1,"The answer correctly explains that larger seismic wave amplitudes indicate greater ground motion and energy release, which scientists use to calculate earthquake magnitude, aligning with the standard’s focus on amplitude‑energy relationships."
MS-PS4-019,Gemini Flash 3,1,"The answer accurately describes the direct relationship between a light wave's amplitude, its energy, and its perceived brightness in accordance with the MS-PS4-1 standard."
MS-PS4-021,OSS 120b,1,"The answer correctly explains that sound is partially transmitted through the wall, with some absorption and reflection, allowing enough energy to reach the listener."
MS-PS4-020,Gemini Flash 3,1,"The answer accurately relates wave amplitude to the energy released by an earthquake, which directly addresses the core relationship defined in standard MS-PS4-1."
MS-PS4-022,OSS 120b,1,"The answer correctly explains that dark shirts absorb more solar radiation and convert it to heat while white shirts reflect it, matching the concept of wave absorption versus reflection."
MS-PS4-021,Nemotron 3 Super 120b a12,1,"The answer correctly states that sound waves are transmitted through the wall (with some absorption and reflection), which explains why you can hear speech from the next room, aligning with the standard."
MS-PS4-022,Nemotron 3 Super 120b a12,1,"The answer correctly explains that dark colors absorb more light energy (converting it to heat) while light colors reflect it, which aligns with the standard's focus on wave absorption and reflection by materials."
MS-PS4-019,Nemotron 3 Super 120b a12,1,"The answer correctly links larger amplitude to greater energy and brighter appearance, satisfying the standard’s requirement to relate wave amplitude to energy."
MS-PS4-023,OSS 120b,1,"The answer correctly explains that radio waves’ long wavelengths allow them to be transmitted through typical house materials without being fully absorbed or reflected, addressing the transmission aspect of the standard."
MS-PS4-022,Gemini Flash 3,1,"The answer accurately describes the phenomena of absorption and reflection in relation to light energy and heat, which is a core component of MS-PS4-2."
MS-PS4-021,Gemini Flash 3,1,"The answer accurately uses the concepts of transmission, absorption, and reflection to explain how sound travels through a wall, directly addressing the requirements of MS-PS4-2."
MS-PS4-023,Nemotron 3 Super 120b a12,1,"The answer correctly explains that radio waves' long wavelengths allow transmission through walls, aligning with the standard's focus on wave transmission through materials."
MS-PS4-024,Nemotron 3 Super 120b a12,1,"The answer correctly explains that analog signals accumulate noise that distorts their waveform, and since the information is encoded in the wave's exact shape, this distortion degrades the signal with distance."
MS-PS4-024,OSS 120b,1,"The answer correctly explains that noise and distortion alter the waveform shape over distance, degrading the analog signal's information."
MS-PS4-025,OSS 120b,1,"The answer correctly explains that digital conversion reduces noise and allows error checking/correction, making calls clearer than analog lines."
MS-PS4-023,Gemini Flash 3,1,"The answer accurately uses the core concepts of the standard—transmission, absorption, and reflection—to explain how radio waves interact with building materials at a level appropriate for middle school."
MS-PS4-026,OSS 120b,1,"The answer correctly explains that analog vinyl is directly affected by physical scratches, whereas digital CDs use error correction to tolerate damage, supporting the claim about digital reliability."
MS-PS4-024,Gemini Flash 3,1,"The answer accurately explains that noise distorts the continuous wave shape of analog signals, which directly impacts the information integrity as required by the standard."
MS-PS4-025,Nemotron 3 Super 120b a12,1,"The answer correctly explains that digital conversion reduces noise and allows error correction, aligning with the claim that digitized signals are more reliable than analog."
MS-PS4-025,Gemini Flash 3,1,"The answer correctly identifies that digital signals are more reliable because they are less susceptible to noise and allow for error correction, which directly supports the requirements of MS-PS4-3."
MS-PS4-027,OSS 120b,1,"The answer correctly explains that digital conversion involves sampling and compression into binary code, which makes files compact enough to fit on small devices."
MS-PS4-026,Nemotron 3 Super 120b a12,1,"The answer correctly explains that analog vinyl relies on exact groove shape while digital CDs use error‑correction to recover data, supporting the claim that digitized signals are more reliable than analog ones."
MS-PS4-028,OSS 120b,1,"The answer correctly explains that a higher sampling rate captures more detail and a low rate causes loss of rapid changes, leading to poorer audio quality."
MS-PS4-028,Nemotron 3 Super 120b a12,1,"The answer accurately explains that a higher sampling rate captures more detail and a too‑low rate misses rapid changes, causing distortion, which correctly addresses how sampling rate affects digitized sound quality."
MS-PS4-027,Nemotron 3 Super 120b a12,1,"The answer correctly describes sampling, binary encoding, and compression, showing how digital music becomes compact storage on a phone."
MS-PS4-026,Gemini Flash 3,1,"The answer correctly identifies the fundamental difference between analog and digital encoding and explains how error correction makes digital signals more reliable, directly supporting the standard MS-PS4-3."
MS-PS4-029,OSS 120b,1,"The answer correctly states that a harder pluck increases amplitude, and higher amplitude means more energy, explaining the louder sound."
MS-PS4-029,Nemotron 3 Super 120b a12,1,"The answer correctly states that plucking harder increases amplitude and energy, explaining the louder sound."
MS-PS4-030,OSS 120b,1,"The answer correctly states that larger amplitude means the waves carry more energy, addressing the relationship required by the standard."
MS-PS4-028,Gemini Flash 3,1,"The answer accurately describes the relationship between sampling rate and sound fidelity, providing the necessary qualitative technical information required by the standard."
MS-PS4-027,Gemini Flash 3,1,"The answer accurately explains how sampling, binary encoding, and compression allow audio data to be stored efficiently on small digital memory chips."
MS-PS4-029,Gemini Flash 3,1,"The answer accurately identifies the direct relationship between plucking force, amplitude, and energy, which fulfills the requirements of standard MS-PS4-1."
MS-PS4-030,Nemotron 3 Super 120b a12,1,"The answer correctly states that greater amplitude means greater energy carried by the wave, which aligns with the standard's focus on the amplitude‑energy relationship."
MS-PS4-031,OSS 120b,1,The answer correctly identifies that the larger-amplitude (shouting) wave carries more energy and explains the relationship between amplitude and energy as required.
MS-PS4-030,Gemini Flash 3,1,"The answer accurately states that increasing amplitude results in more energy, which correctly addresses the relationship required by the MS-PS4-1 standard."
MS-PS4-032,OSS 120b,1,"The answer correctly explains that larger amplitudes correspond to greater energy release, directly addressing the amplitude–energy relationship required by the standard."
MS-PS4-031,Gemini Flash 3,1,"The answer correctly identifies that larger amplitude correlates with higher energy, which accurately addresses the core requirement of the MS-PS4-1 standard."
MS-PS4-031,Nemotron 3 Super 120b a12,1,"The answer correctly states that shouting (larger amplitude) carries more energy, which aligns with the standard’s concept that wave energy increases with amplitude."
MS-PS4-032,Gemini Flash 3,1,"The reference answer correctly identifies the positive correlation between wave amplitude and energy, which is the core concept required by standard MS-PS4-1."
MS-PS4-033,OSS 120b,1,The answer correctly links larger amplitude to greater energy and explains that this extra energy provides a more powerful ride for the surfer.
MS-PS4-034,OSS 120b,1,"The answer correctly links increased amplitude to greater energy, explaining that this allows the signal to remain detectable over longer distances."
MS-PS4-033,Nemotron 3 Super 120b a12,1,"The answer correctly links larger amplitude to greater wave energy, which explains the more powerful ride for a surfer."
MS-PS4-033,Gemini Flash 3,1,The answer correctly identifies the positive relationship between wave amplitude and energy as required by the MS-PS4-1 standard.
MS-PS4-032,Nemotron 3 Super 120b a12,1,"The answer correctly states that larger-amplitude seismic waves correspond to greater energy released, directly linking amplitude to wave energy as required by the standard."
MS-PS4-034,Nemotron 3 Super 120b a12,1,"The answer correctly links increased amplitude to greater wave energy, explaining why the signal can be detected farther away, which satisfies the standard's focus on the amplitude‑energy relationship."
MS-PS4-034,Gemini Flash 3,1,"The answer correctly identifies that amplitude is related to the energy of a wave, which directly addresses the requirement of standard MS-PS4-1."
MS-PS4-036,OSS 120b,1,The answer correctly links higher amplitude to greater energy and explains why the sun’s more energetic waves can harm eyes while dim light’s lower-amplitude waves cannot.
MS-PS4-035,Nemotron 3 Super 120b a12,0,"The answer correctly links greater amplitude to more energy but does not provide a mathematical representation (e.g., energy ∝ amplitude²) as required by MS-PS4-1."
MS-PS4-035,OSS 120b,1,The answer correctly links the larger amplitude of storm waves to their greater energy and explains that this higher energy causes damage to the dock.
MS-PS4-037,OSS 120b,1,"The answer correctly states that higher-amplitude sound waves have more energy, allowing the sonar signal to travel deeper before attenuating, which directly addresses the question."
MS-PS4-035,Gemini Flash 3,1,The answer correctly identifies the qualitative relationship between wave amplitude and energy as required by the standard to explain the physical impact on the dock.
MS-PS4-038,OSS 120b,1,"The answer correctly links more participants to greater wave amplitude and explains that larger amplitude corresponds to more energy, adequately addressing the standard."
MS-PS4-036,Nemotron 3 Super 120b a12,1,"The answer correctly explains that higher‑amplitude light waves carry more energy, which can damage eye cells, directly linking amplitude to energy as required by MS-PS4-1."
MS-PS4-037,Gemini Flash 3,1,"The answer correctly identifies that higher amplitude corresponds to higher energy, which is required for a wave to travel further through a medium before attenuating, directly addressing the requirements of MS-PS4-1."
MS-PS4-039,OSS 120b,1,"The answer correctly explains that glass transmits visible light while brick absorbs it, matching the model of wave transmission and absorption required by the standard."
MS-PS4-038,Nemotron 3 Super 120b a12,0,The answer correctly notes that larger amplitude means more energy but does not provide the mathematical relationship (energy ∝ amplitude²) required by the standard.
MS-PS4-039,Nemotron 3 Super 120b a12,1,"The answer correctly identifies that glass transmits visible light while brick absorbs/blocks it, which adequately explains the difference in visibility for the given standard."
MS-PS4-040,OSS 120b,1,The answer correctly identifies reflection as the wave behavior enabling ultrasound imaging.
MS-PS4-037,Nemotron 3 Super 120b a12,1,"The answer correctly states that higher-amplitude sound waves carry more energy (energy ∝ amplitude²), allowing the sonar signal to remain detectable at greater depths, which aligns with the standard’s focus on amplitude‑energy relationship."
MS-PS4-039,Gemini Flash 3,1,The answer accurately uses the concepts of transmission and absorption required by the MS-PS4-2 standard to explain the transparency of glass versus the opacity of brick.
MS-PS4-040,Nemotron 3 Super 120b a12,1,The answer correctly identifies reflection as the wave behavior enabling ultrasound imaging.
MS-PS4-041,OSS 120b,1,"The answer correctly explains that the glass absorbs most wavelengths and transmits only its color, addressing absorption and transmission as required."
MS-PS4-040,Gemini Flash 3,1,The answer correctly identifies reflection as the specific wave behavior described and explains how it is used to create the ultrasound image.
MS-PS4-042,OSS 120b,1,"The answer accurately explains that analog cassette tapes degrade with each playback due to physical wear of the magnetic material, illustrating how analog signals lose fidelity over time."
MS-PS4-042,Nemotron 3 Super 120b a12,1,"The answer correctly explains that analog signal fidelity degrades with each playback due to physical wear of the storage medium, illustrating a key limitation of analog signals."
MS-PS4-041,Nemotron 3 Super 120b a12,1,"The answer correctly explains that the glass absorbs other wavelengths and transmits the glass's color, which aligns with the standard's description of wave absorption and transmission."
MS-PS4-042,Gemini Flash 3,1,"The answer correctly identifies that analog signals are susceptible to physical degradation because they are continuous, which explains why they are less reliable than digital signals."
MS-PS4-038,Gemini Flash 3,0,"The reference answer is scientifically inaccurate because the number of fans in a stadium wave increases the wave's length or total energy, but it does not increase the amplitude (height), which is limited by the height of the individual fans."
MS-PS4-043,OSS 120b,1,"The answer correctly explains that exact binary representation allows identical reproduction each time, highlighting digital reliability over analog degradation."
MS-PS4-043,Nemotron 3 Super 120b a12,1,"The answer correctly explains that digital storage of exact 0s and 1s allows the device to reproduce the same values each time without error buildup, supporting the claim that digitized signals are more reliable than analog signals."
MS-PS4-041,Gemini Flash 3,1,"The answer accurately explains the phenomena of absorption and transmission in the context of light interacting with a colored filter, which is the core requirement of standard MS-PS4-2."
MS-PS4-044,Nemotron 3 Super 120b a12,1,"The answer accurately explains that digital text messages use error‑correction to resist noise while analog voice signals are directly distorted, supporting the claim that digitized signals are more reliable."
MS-PS4-036,Gemini Flash 3,1,"The answer correctly identifies the relationship between wave amplitude and energy as specified in MS-PS4-1, explaining that higher amplitude waves carry more energy which can lead to cellular damage."
MS-PS4-044,OSS 120b,1,"The answer correctly explains that digital text messages use binary encoding and error‑correction to resist noise, while analog voice signals are directly altered by interference, supporting the claim about digital reliability."
MS-PS4-043,Gemini Flash 3,1,"The answer accurately explains that digital signals use discrete values to ensure exact reproduction and avoid the noise and degradation typical of analog signals, which directly aligns with the standard's focus on reliability."
MS-PS4-045,OSS 120b,1,"The answer correctly explains that noise alters the continuous amplitude of analog AM signals causing audible static, and that digital broadcasts use discrete bits with error correction to mitigate noise, supporting the claim that digitized signals are more reliable."
MS-PS4-045,Nemotron 3 Super 120b a12,1,"The answer correctly explains that analog AM signals’ amplitude changes let added noise alter the audio, and that digital signals’ discrete encoding plus error correction can mitigate such noise."
MS-PS4-044,Gemini Flash 3,1,"The answer accurately contrasts the discrete nature and error-correction capabilities of digital signals with the continuous nature of analog signals, directly addressing the reliability requirements of standard MS-PS4-3."
MS-PS4-046,OSS 120b,1,"The answer correctly states that the file remains unchanged after repeated copying and explains that this demonstrates the repeatable, lossless nature of digital signals, supporting the claim of their reliability."
MS-PS4-045,Gemini Flash 3,1,The answer accurately explains how noise impacts continuous analog waves versus discrete digital signals and correctly identifies that error correction makes digital transmission more reliable.
MS-PS4-047,OSS 120b,1,"The answer correctly explains that fiber‑optic digital lines use light pulses immune to electromagnetic interference and benefit from digital error correction, making them less prone to buzzing."
MS-PS4-047,Nemotron 3 Super 120b a12,1,"The answer correctly explains that fiber optic cables transmit digital light pulses immune to electrical interference and that error correction maintains signal integrity, fully addressing why buzzing is reduced."
MS-PS4-046,Nemotron 3 Super 120b a12,1,"The answer correctly notes that a copied digital file remains unchanged due to error‑checking, demonstrating the greater reliability of digital signals compared to analog ones, which aligns with the standard."
MS-PS4-046,Gemini Flash 3,1,"The answer accurately explains that digital signals maintain integrity during copying due to discrete encoding and error checking, which directly supports the standard's emphasis on the reliability of digital over analog information."
MS-PS4-047,Gemini Flash 3,1,"The answer correctly explains the physical immunity of fiber optics to electrical interference and the reliability benefits of discrete digital signals and error correction, meeting the requirements of MS-PS4-3."
MS-PS4-048,Nemotron 3 Super 120b a12,1,"The answer correctly explains that digital data is copied as perfect 0s and 1s without degradation, supporting the claim that digitized signals are more reliable than analog signals."
MS-PS4-048,OSS 120b,1,"The answer accurately explains that digital storage/transmission preserves the exact bit pattern, preventing degradation unlike analog signals, thus satisfying the standard."
MS-PS4-049,OSS 120b,1,"The answer correctly explains that digital encoding with error‑correction can correct brief noise‑induced bit errors, keeping the announcement clear, unlike analog where noise directly distorts the signal."
MS-PS4-048,Gemini Flash 3,1,"The answer accurately explains that digital signals use binary data to allow for exact replication without the degradation typical of analog signals, directly addressing the reliability requirement of standard MS-PS4-3."
MS-LS1-002,Nemotron 3 Super 120b a12,1,"The answer correctly defines specialized cells and provides clear examples, which adequately explains what it means for an organism to be made of specialized cells for the given standard."
MS-LS1-001,Nemotron 3 Super 120b a12,1,"The answer correctly states viruses are not considered living because they are not made of cells, which directly addresses the standard's focus on cells as the basis of life."
MS-PS4-049,Nemotron 3 Super 120b a12,1,"The answer correctly explains that digital signals use error correction to tolerate brief noise, while analog signals would directly incorporate the noise, supporting the claim about reliability."
MS-LS1-001,OSS 120b,1,"The answer correctly states that viruses are not living because they lack cells, directly addressing the question and aligning with the standard's focus on cells as the basis of life."
MS-LS1-002,OSS 120b,1,"The answer correctly defines specialized cells as having specific structures and functions and provides appropriate examples, fully addressing the question."
MS-LS1-001,Gemini Flash 3,1,The answer correctly identifies that viruses are not living things because they lack the cellular structure required by the MS-LS1-1 standard.
MS-PS4-049,Gemini Flash 3,1,"The answer correctly identifies that digital signals use binary encoding and error correction to maintain signal integrity despite noise, while analog signals are directly distorted by noise."
MS-LS1-002,Gemini Flash 3,1,The answer accurately defines specialized cells by their unique structure and function and provides appropriate examples relevant to the MS-LS1-1 standard.
MS-LS1-003,OSS 120b,1,"The answer correctly identifies the major structural differences—cell wall, chloroplasts, and a large central vacuole in plant cells versus their absence in animal cells—providing an accurate and sufficient distinction for the standard."
MS-LS1-004,Nemotron 3 Super 120b a12,1,"The answer correctly defines courtship behavior, provides clear examples, and explains how it enhances mating success, satisfying the standard."
MS-LS1-004,OSS 120b,1,"The answer correctly defines courtship behavior as a characteristic action to attract mates and explains its role in increasing reproductive success, aligning with the standard."
MS-LS1-003,Nemotron 3 Super 120b a12,1,"The answer correctly identifies the main structural differences (cell wall, chloroplasts, large central vacuole) between plant and animal cells, which is sufficient for a middle‑school level response."
MS-LS1-005,OSS 120b,1,The answer correctly defines nesting behavior and explains how it enhances reproductive success by protecting eggs from predators and environmental hazards.
MS-LS1-003,Gemini Flash 3,1,"The answer accurately identifies the three primary structural differences (cell wall, chloroplasts, and large central vacuole) typically used to distinguish plant and animal cells at the middle school level."
MS-LS1-004,Gemini Flash 3,1,"The answer accurately defines courtship behavior, provides clear examples, and explains its role in increasing reproductive success, which aligns perfectly with the MS-LS1-4 standard."
MS-LS1-006,OSS 120b,1,"The answer accurately defines the genome as the complete set of DNA instructions that determine traits and growth, meeting the question and standard."
MS-LS1-005,Nemotron 3 Super 120b a12,1,"The answer correctly defines nesting behavior and explains how it enhances reproductive success by protecting eggs from predators and harsh weather, meeting the standard's expectation."
MS-LS1-005,Gemini Flash 3,1,"The answer accurately defines nesting behavior and explains how it increases the probability of successful reproduction by providing protection, aligning perfectly with the MS-LS1-4 standard."
MS-LS1-007,OSS 120b,1,"The answer correctly identifies chlorophyll as the green pigment that absorbs light energy to drive photosynthesis, which adequately answers the question."
MS-LS1-007,Nemotron 3 Super 120b a12,1,"The answer correctly states that chlorophyll absorbs light energy to drive photosynthesis, which fully addresses the question at a middle‑school level."
MS-LS1-006,Nemotron 3 Super 120b a12,1,"The answer correctly defines the genome and notes it contains the genetic instructions that influence traits and growth, aligning with the standard's focus on genetic factors affecting organism growth."
MS-LS1-006,Gemini Flash 3,1,"The answer accurately defines the genome as the complete set of genetic information and correctly links it to the organism's growth and traits, aligning with the genetic factors aspect of the standard."
MS-LS1-008,OSS 120b,1,"The answer correctly identifies glucose as the primary molecule cells use for energy after food digestion, matching the expected middle-school concept."
MS-LS1-007,Gemini Flash 3,1,"The answer accurately identifies chlorophyll as the light-absorbing pigment necessary for capturing the energy that drives the photosynthesis process, aligning with the energy flow component of the standard."
MS-LS1-008,Nemotron 3 Super 120b a12,1,"Glucose is the primary carbohydrate fuel cells metabolize to produce ATP after digestion, correctly answering the question."
MS-LS1-009,Nemotron 3 Super 120b a12,1,"The answer accurately defines ATP as the cellular energy carrier, which correctly addresses the question and aligns with the standard's focus on energy transfer in organisms."
MS-LS1-009,OSS 120b,1,"The answer correctly identifies ATP as the cellular energy-carrying molecule, aligning with the standard's focus on energy transfer in metabolism."
MS-LS1-010,OSS 120b,1,"The answer correctly defines a sensory receptor as a specialized cell or nerve ending that detects specific environmental stimuli, which adequately addresses the question."
MS-LS1-011,Nemotron 3 Super 120b a12,1,"The answer correctly identifies the nerve cells as sensory neurons and describes their function, meeting the question's requirement."
MS-LS1-011,OSS 120b,1,"The answer correctly identifies the nerve cells as sensory (afferent) neurons, accurately addressing the question."
MS-LS1-010,Nemotron 3 Super 120b a12,1,"The answer correctly defines a sensory receptor as a specialized cell or nerve ending that detects specific environmental stimuli, which satisfies the question and aligns with the standard."
MS-LS1-010,Gemini Flash 3,1,"The answer accurately defines a sensory receptor as a specialized cell that detects environmental stimuli, which is a foundational concept for the MS-LS1-8 standard."
MS-LS1-012,OSS 120b,1,"The answer correctly explains that a single cell carries out all essential life functions, showing why a single-celled organism can survive with just one cell."
MS-LS1-009,Gemini Flash 3,1,"The answer accurately defines ATP and its role as the primary energy carrier in cells, which is a key component of understanding how energy is released through chemical reactions in organisms."
MS-LS1-012,Nemotron 3 Super 120b a12,1,"The answer correctly explains that a single cell performs all necessary life functions, adequately addressing how a single-celled organism survives and aligning with MS-LS1-1."
MS-LS1-011,Gemini Flash 3,1,"The answer accurately identifies sensory neurons as the specific nerve cells that transmit signals from sensory receptors to the brain, directly addressing the question and the MS-LS1-8 standard."
MS-LS1-012,Gemini Flash 3,1,"The answer accurately explains that a single cell can perform all essential life functions, which is the fundamental characteristic allowing unicellular organisms to exist independently."
MS-LS1-013,OSS 120b,1,"The answer correctly explains that cells contain the necessary genetic and molecular components to create new cells and that non‑living material cannot spontaneously form a cell, thus new cells must arise from existing ones."
MS-LS1-013,Nemotron 3 Super 120b a12,1,"The answer correctly explains that only existing cells contain the genetic information and molecular machinery needed to build another cell, which aligns with the principle that new cells arise only from pre‑existing cells."
MS-LS1-014,Nemotron 3 Super 120b a12,1,"The answer correctly explains that the nucleus contains DNA, which provides instructions for protein synthesis, and by regulating which instructions are used, it directs the cell's activities, fulfilling the standard's expectation."
MS-LS1-015,Nemotron 3 Super 120b a12,1,"The answer correctly states that mitochondria produce energy via cellular respiration and explains that higher energy-demanding cells have more mitochondria to meet that demand, which fully addresses the question."
MS-LS1-014,OSS 120b,1,"The answer correctly explains that the nucleus stores DNA and regulates which genetic instructions are used to direct protein production, thereby controlling cellular activities."
MS-LS1-015,OSS 120b,1,The answer correctly explains that mitochondria generate ATP via cellular respiration and that high‑energy cells like muscle cells contain more mitochondria to meet their greater energy demands.
MS-LS1-014,Gemini Flash 3,1,"The answer accurately explains the role of DNA in protein synthesis as the mechanism for the nucleus's control over cell functions, which is appropriate for the MS-LS1-2 standard."
MS-LS1-016,OSS 120b,1,"The answer correctly explains that cellular specialization enables efficient performance of diverse functions, supporting the idea of interacting subsystems composed of groups of cells."
MS-LS1-015,Gemini Flash 3,1,The answer accurately identifies the role of mitochondria in energy production and explains the relationship between a cell's energy requirements and its organelle composition.
MS-LS1-016,Nemotron 3 Super 120b a12,1,"The answer correctly explains that cells are specialized for specific functions, making the body more efficient than a single cell type trying to perform all tasks."
MS-LS1-013,Gemini Flash 3,1,The answer accurately explains that cell division is necessary because cells contain the unique genetic instructions and complex machinery that cannot spontaneously form from non-living matter.
MS-LS1-017,OSS 120b,1,"The answer correctly explains that nectar attracts pollinators, which then transfer pollen and increase the plant's chances of successful fertilization and reproduction."
MS-LS1-008,Gemini Flash 3,1,"Glucose is the primary simple sugar produced from the breakdown of food that cells then use in chemical reactions to release energy, which directly aligns with the focus of standard MS-LS1-7."
MS-LS1-017,Nemotron 3 Super 120b a12,1,"The answer correctly explains that nectar attracts pollinators, which transfer pollen and increase the plant's chance of fertilization and reproduction, satisfying the standard."
MS-LS1-018,OSS 120b,1,"The answer correctly explains that bright feathers serve as a visual signal of health and strength, influencing female mate choice and thereby increasing reproductive success."
MS-LS1-018,Nemotron 3 Super 120b a12,1,"The answer correctly explains that bright feathers signal male health, influencing female mate choice and increasing reproductive success, which aligns with the standard."
MS-LS1-019,OSS 120b,1,"The answer accurately explains that wing-like or fluffy seed structures facilitate wind dispersal, reducing competition and enhancing reproductive success, which aligns with the standard."
MS-LS1-017,Gemini Flash 3,1,"The answer accurately explains how a specialized plant structure (nectar) facilitates pollination and increases the probability of successful reproduction, aligning perfectly with standard MS-LS1-4."
MS-LS1-016,Gemini Flash 3,1,"The answer accurately explains cell specialization and efficiency with examples, which directly supports the foundational concepts of the MS-LS1-3 standard regarding how specialized groups of cells form the body's subsystems."
MS-LS1-019,Gemini Flash 3,1,"The answer accurately explains how specialized seed structures facilitate wind dispersal to increase reproductive success by reducing competition and finding new habitats, directly addressing the standard."
MS-LS1-019,Nemotron 3 Super 120b a12,1,"The answer correctly explains that wing-like or fluffy seed structures enable wind dispersal, reducing competition and increasing germination success, which aligns with the standard's focus on how plant structures affect reproductive probability."
MS-LS1-020,OSS 120b,1,"The answer correctly explains that species-specific flash patterns enable fireflies to locate and recognize mates, thereby increasing reproductive success, satisfying the standard."
MS-LS1-020,Nemotron 3 Super 120b a12,1,"The answer correctly states that species‑specific flash patterns allow fireflies to recognize and locate mates of the same species, thereby increasing reproductive success."
MS-LS1-021,OSS 120b,1,"The answer correctly explains that environmental factors, not genetic differences, cause size variation, matching the standard’s focus on environmental influence on growth."
MS-LS1-022,OSS 120b,1,"The answer correctly explains that genetic potential can be limited by environmental factors such as nutrition, health, and sleep, fully addressing the interplay of genes and environment on growth."
MS-LS1-021,Nemotron 3 Super 120b a12,1,"The answer correctly explains that identical genes set growth potential while environmental factors like sunlight, water, and nutrients determine the actual size, satisfying the standard's requirement to explain genetic and environmental influences on organism growth."
MS-LS1-018,Gemini Flash 3,1,"The answer accurately explains how a physical trait functions as a signal to attract mates, thereby increasing the probability of successful reproduction in alignment with the standard."
MS-LS1-022,Nemotron 3 Super 120b a12,1,"The answer correctly explains that genetics set a height potential that can be limited by environmental factors such as nutrition, illness, and sleep, which aligns with the standard."
MS-LS1-022,Gemini Flash 3,1,"The answer accurately explains how both genetic potential and environmental factors like nutrition interact to influence the growth of an organism, directly addressing the MS-LS1-5 standard."
MS-LS1-020,Gemini Flash 3,1,"The answer accurately explains how the firefly's specific behavioral signaling facilitates mate recognition and increases the probability of successful reproduction, fulfilling the requirements of the standard."
MS-LS1-021,Gemini Flash 3,1,"The answer accurately identifies that environmental factors like sunlight and nutrients cause differences in growth between genetically identical plants, which directly fulfills the requirements of standard MS-LS1-5."
MS-LS1-024,OSS 120b,1,"The answer correctly explains that photosynthesis converts sunlight into chemical energy stored in glucose bonds, which can later be released via respiration, meeting the standard."
MS-LS1-023,OSS 120b,1,"The answer correctly explains that water is split during photosynthesis, producing O₂ as a by‑product, which directly addresses how oxygen is released into the air."
MS-LS1-024,Nemotron 3 Super 120b a12,1,"The answer correctly describes how light energy is converted and stored as chemical energy in glucose during photosynthesis and can later be released via cellular respiration, fully addressing the question."
MS-LS1-023,Nemotron 3 Super 120b a12,1,"The answer correctly describes photolysis of water and release of O₂ as a byproduct, aligning with the standard's explanation of photosynthesis' role in matter cycling and energy flow."
MS-LS1-025,OSS 120b,1,"The answer correctly explains that large food molecules must be broken down into smaller building blocks before they can be rearranged into new molecules for growth, matching the LS1‑7 concept."
MS-LS1-024,Gemini Flash 3,1,"The answer accurately explains how light energy is transformed into chemical energy stored in the bonds of glucose, which aligns perfectly with the energy flow and matter cycling requirements of standard MS-LS1-6."
MS-LS1-026,OSS 120b,1,"The answer correctly explains digestion into building blocks and their recombination into new molecules like proteins that form tissues, meeting the standard."
MS-LS1-025,Gemini Flash 3,1,The answer accurately reflects the standard's requirement to describe how food molecules are broken down and rearranged through chemical reactions to form new molecules for growth.
MS-LS1-027,OSS 120b,1,"The answer correctly explains that digestion and metabolism break down carrot molecules and rearrange their atoms into new body molecules, matching the standard."
MS-LS1-026,Nemotron 3 Super 120b a12,1,"The answer correctly describes digestion breaking food into monomers and chemical reactions building new molecules like proteins that become part of tissues, aligning with the standard."
MS-LS1-026,Gemini Flash 3,1,"The answer accurately explains how digestion breaks down food into molecules that are then rearranged via chemical reactions into new structures for growth, which directly aligns with the requirements of MS-LS1-7."
MS-LS1-023,Gemini Flash 3,1,"The answer accurately describes the photolysis of water using light energy and correctly identifies water as the source of the released oxygen gas, which is appropriate for the MS-LS1-6 standard."
MS-LS1-028,OSS 120b,1,"The answer correctly explains that plants convert water and carbon dioxide into sugars and cellulose via photosynthesis, rearranging molecules to build new tissue and grow, matching the LS1‑7 standard."
MS-LS1-027,Gemini Flash 3,1,"The answer correctly identifies that chemical reactions during digestion and metabolism rearrange atoms from food into new molecules, which is the core concept of the MS-LS1-7 standard."
MS-LS1-025,Nemotron 3 Super 120b a12,1,"The answer correctly explains that large food molecules must be broken down into smaller building blocks before they can be reassembled into needed molecules, aligning with the standard."
MS-LS1-028,Nemotron 3 Super 120b a12,1,"The answer correctly explains how a plant uses water and CO₂ in photosynthesis to synthesize larger organic molecules for growth, matching the standard."
MS-LS1-029,OSS 120b,1,"The answer correctly describes the sensory receptors detecting the stimulus, rapid brain signaling, and the automatic protective blink reflex, matching the standard."
MS-LS1-028,Gemini Flash 3,1,"The answer accurately explains how plants use chemical reactions to rearrange simple molecules from the environment into complex ones for growth, directly addressing the core concept of standard MS-LS1-7."
MS-LS1-029,Nemotron 3 Super 120b a12,1,"The answer correctly explains that sensory receptors detect the approaching object, send a rapid signal to the brain, which triggers an automatic blink response via motor neurons, matching the standard's focus on sensory receptors causing immediate behavior."
MS-LS1-030,OSS 120b,1,"The answer correctly explains that each receptor type is specialized for a particular stimulus and sends an electrical signal to the brain region that processes that kind of information, meeting the standard."
MS-LS1-030,Gemini Flash 3,1,"The answer accurately explains that sensory receptors are specialized for specific stimuli and convert them into electrical signals for the brain, which directly addresses the mechanism required by the standard."
MS-LS1-030,Nemotron 3 Super 120b a12,1,"The answer correctly explains that sensory receptors are stimulus-specific and convert activation into appropriate neural signals sent to the corresponding brain region, fully addressing the question for the standard."
MS-LS1-029,Gemini Flash 3,1,"The answer accurately describes how sensory receptors respond to a stimulus by sending a signal to the brain, which then triggers an immediate behavior for protection, directly addressing the requirements of MS-LS1-8."
MS-LS1-031,OSS 120b,1,"The answer correctly explains that olfactory receptors detect the scent, the brain processes this information, and then signals the salivary glands to produce saliva, matching the standard's focus on sensory receptors sending messages to the brain for immediate response."
MS-LS1-027,Nemotron 3 Super 120b a12,1,"The answer correctly states that atoms from food are broken apart and reassembled into the body's molecules through chemical reactions without being destroyed, which satisfies the standard's requirement to describe food rearrangement via chemical reactions."
MS-LS1-031,Gemini Flash 3,1,The answer accurately describes the pathway from sensory receptor to brain to behavioral response as required by the MS-LS1-8 standard.
MS-LS1-031,Nemotron 3 Super 120b a12,1,"The answer correctly describes how smell receptors detect stimuli, send signals to the brain, and trigger an immediate behavioral response (salivation), aligning with the standard."
MS-LS1-032,Nemotron 3 Super 120b a12,1,"The answer correctly links the observation of cell structures to the conclusion that the organisms are alive, providing appropriate evidence that living things are made of cells as required by the standard."
MS-LS1-033,OSS 120b,1,"The answer correctly explains that bacteria are single-celled organisms, fulfilling the criterion that all living things are made of cells, and counters the size argument."
MS-LS1-033,Nemotron 3 Super 120b a12,1,"The answer correctly states that bacteria are single‑celled organisms, so they are made of cells, fulfilling the standard that all living things are composed of cells regardless of size."
MS-LS1-034,Nemotron 3 Super 120b a12,1,"The answer correctly explains that cell division replaces damaged cells, linking the body's cellular makeup to wound healing."
MS-LS1-033,Gemini Flash 3,1,The answer correctly identifies bacteria as single-celled organisms and applies the fundamental principle that all living things are composed of cells to justify why bacteria are considered alive.
MS-LS1-032,Gemini Flash 3,1,The answer accurately addresses the core requirement of MS-LS1-1 by identifying that being composed of at least one cell is the evidence needed to classify an organism as living and providing examples of observable cell structures.
MS-LS1-034,OSS 120b,1,"The answer correctly explains that cell division replaces damaged cells to heal the cut, aligning with the standard."
MS-LS1-032,OSS 120b,1,"The answer correctly states that confirming cellular structure (membrane, cytoplasm, etc.) would support the conclusion that the observed organisms are alive, aligning with the standard."
MS-LS1-035,Nemotron 3 Super 120b a12,1,"The answer correctly explains that mitochondria produce ATP, and without it the cell lacks energy for growth and other functions, accurately addressing the standard."
MS-LS1-034,Gemini Flash 3,1,"The answer accurately connects the concept that living things are composed of cells to the process of healing through cell division and replacement, which is an appropriate application of the standard."
MS-LS1-036,Nemotron 3 Super 120b a12,1,"The answer correctly explains that destroying the membrane disrupts selective permeability and homeostasis, leading to cell death, which fulfills the standard's focus on cell part functions."
MS-LS1-035,OSS 120b,1,"The answer correctly explains that loss of mitochondrial ATP production deprives the cell of energy needed for growth and all functions, matching the LS1‑2 standard."
MS-LS1-036,OSS 120b,1,"The answer correctly predicts cell death and explains the membrane's role in regulating substances and maintaining homeostasis, matching the standard."
MS-LS1-035,Gemini Flash 3,1,The answer accurately describes the role of mitochondria in providing energy for cellular functions and correctly identifies the consequences of their failure on the cell's ability to grow and survive.
MS-LS1-036,Gemini Flash 3,1,"The answer accurately identifies the cell membrane's function in maintaining homeostasis and correctly predicts that its destruction would lead to cell death, which aligns with the MS-LS1-2 standard."
MS-LS1-037,OSS 120b,1,The answer correctly identifies mitochondria as the organelle that must be most active to provide the ATP needed for muscle work.
MS-LS1-037,Nemotron 3 Super 120b a12,1,"The answer correctly states that mitochondria produce ATP for muscle contraction, directly addressing the organelle's role in providing the extra energy needed during a long run."
MS-LS1-038,OSS 120b,1,"The answer correctly identifies that a malfunctioning vacuole would cause waste buildup, leading to toxic accumulation and impaired cellular function, which aligns with the expected response."
MS-LS1-037,Gemini Flash 3,1,"The answer accurately identifies the mitochondria and explains its function in providing energy for the cell, which directly addresses the standard and the question."
MS-LS1-038,Nemotron 3 Super 120b a12,1,"The answer correctly states that a malfunctioning vacuole impairs waste storage and removal, leading to toxic buildup that disrupts cellular functions and can harm the cell, which aligns with the standard."
MS-LS1-039,OSS 120b,1,"The answer correctly explains that the heart increases pumping to deliver more oxygenated blood to muscles, illustrating the interaction between muscular and circulatory systems."
MS-LS1-038,Gemini Flash 3,1,"The answer accurately describes the storage and waste-management role of the vacuole and the resulting impact on cellular health, which is appropriate for the middle-school level."
MS-LS1-039,Gemini Flash 3,1,The answer correctly identifies the physiological response of the circulatory system and explains the interaction between the muscular and circulatory systems in accordance with MS-LS1-3.
MS-LS1-040,OSS 120b,1,"The answer correctly identifies the circulatory system as delivering calcium and protein via the bloodstream and explains its interaction with the digestive system, meeting the standard."
MS-LS1-039,Nemotron 3 Super 120b a12,1,The answer correctly describes increased heart rate and blood flow to meet oxygen demand and explains the interaction between muscular and circulatory systems.
MS-LS1-040,Nemotron 3 Super 120b a12,1,"The answer correctly identifies the circulatory system delivering digested nutrients via blood to bone cells, showing the interaction of digestive, circulatory, and skeletal systems as required."
MS-LS1-041,Nemotron 3 Super 120b a12,1,The answer correctly identifies the nervous and muscular systems and explains their interaction for the reflex.
MS-LS1-041,OSS 120b,1,The answer correctly identifies the nervous and muscular systems and explains their coordinated role in the rapid withdrawal reflex.
MS-LS1-040,Gemini Flash 3,1,"The answer accurately identifies the circulatory system's role in transport and correctly describes the interaction between the digestive, circulatory, and skeletal systems as required by the standard."
MS-LS1-042,OSS 120b,1,"The answer correctly predicts that the patient would be vulnerable to severe infection and explains it by linking low white blood cell numbers to weakened immune system function, fulfilling the standard."
MS-LS1-043,OSS 120b,1,"The answer correctly identifies that the field near the bee habitat will produce more apples, explaining that bee pollination is essential for fruit development."
MS-LS1-043,Nemotron 3 Super 120b a12,1,"The answer correctly identifies that bee pollination increases apple fruit set and explains the reproductive mechanism, meeting the standard's requirement for evidence-based reasoning about animal behavior and plant structures affecting reproduction."
MS-LS1-042,Nemotron 3 Super 120b a12,1,"The answer correctly links low white blood cell count to impaired immune function and potential bacterial overgrowth, citing cells and body systems as required."
MS-LS1-042,Gemini Flash 3,1,"The answer accurately identifies white blood cells as a specific group of cells within a subsystem (the immune system) and explains how their failure to function affects the broader body systems, directly addressing the requirements of MS-LS1-3."
MS-LS1-044,OSS 120b,1,"The answer correctly explains that the parachutes enable wind dispersal to new, less competitive locations, enhancing the likelihood of successful seed germination and reproduction."
MS-LS1-041,Gemini Flash 3,1,"The answer accurately identifies the nervous and muscular systems and explains their interaction in a reflex arc, which correctly demonstrates the body as a system of interacting subsystems as required by the standard."
MS-LS1-045,OSS 120b,1,"The answer correctly explains how the flower's bright color attracts the bee and nectar rewards it, leading to pollen transfer and successful plant reproduction, meeting the standard."
MS-LS1-044,Gemini Flash 3,1,"The answer accurately explains how the specialized plant structure facilitates seed dispersal to reduce competition and increase the probability of successful reproduction, directly addressing the requirements of standard MS-LS1-4."
MS-LS1-043,Gemini Flash 3,1,"The answer accurately identifies the role of bees in pollination and explains how this behavior increases the likelihood of fruit production, aligning perfectly with the MS-LS1-4 standard."
MS-LS1-045,Nemotron 3 Super 120b a12,1,"The answer correctly explains how flower color attracts pollinators, nectar rewards them, and pollen transfer leads to fertilization and seed formation, fully addressing the standard."
MS-LS1-044,Nemotron 3 Super 120b a12,1,"The answer correctly explains that the feathery parachutes enable wind dispersal to less crowded, favorable sites, thereby increasing the probability of successful reproduction, which satisfies the standard."
MS-LS1-045,Gemini Flash 3,1,The answer accurately explains how specialized plant structures like color and nectar attract pollinators to facilitate pollen transfer and ensure successful reproduction.
MS-LS1-046,OSS 120b,1,The answer correctly explains seed passage through the bird and how dispersal to new locations enhances cactus reproduction.
MS-LS1-047,OSS 120b,1,"The answer correctly explains the growth differences (taller, healthier vs. poor growth or death) and identifies light as the environmental factor influencing those differences."
MS-LS1-046,Nemotron 3 Super 120b a12,1,"The answer correctly describes seed dispersal via ingestion and explains how this reduces competition and aids reproduction, meeting the standard's requirement for evidence-based reasoning."
MS-LS1-046,Gemini Flash 3,1,"The answer accurately explains the mechanism of seed dispersal and links it to increased reproductive success by reducing competition, directly addressing the requirements of MS-LS1-4."
MS-LS1-048,OSS 120b,1,"The answer correctly predicts the fertilized plant will grow taller and explains it by the environmental influence of added nutrients despite identical genetics, meeting the standard."
MS-LS1-047,Nemotron 3 Super 120b a12,1,"The answer correctly states that sunlight (an environmental factor) drives photosynthesis, leading to better growth in the sunny window and poor growth in the dark, which aligns with the standard's requirement to explain how environmental factors influence organism growth."
MS-LS1-048,Nemotron 3 Super 120b a12,1,"The answer correctly explains that the fertilized plant will grow taller due to extra nutrients, noting identical genetics and linking environmental conditions to growth."
MS-LS1-049,OSS 120b,1,"The answer correctly explains that identical genetics set growth potential but differing environments (nutrient availability) lead to size differences, fulfilling the standard."
MS-LS1-049,Nemotron 3 Super 120b a12,1,"The answer correctly explains that identical DNA provides the same growth potential, while differing nutrient availability (an environmental factor) leads to different actual growth, fulfilling the standard’s requirement."
MS-LS1-049,Gemini Flash 3,1,"The answer accurately addresses both genetic and environmental factors and correctly explains their roles in determining an organism's growth, aligning perfectly with the MS-LS1-5 standard."
MS-LS1-051,Nemotron 3 Super 120b a12,1,"The answer correctly identifies sunlight as the original energy source via photosynthesis, which fully addresses the standard's focus on energy flow and matter cycling."
MS-LS1-048,Gemini Flash 3,1,"The answer accurately explains how an environmental factor (fertilizer) influences the growth of genetically identical organisms, directly addressing the requirements of the standard."
MS-LS1-050,OSS 120b,1,"The answer correctly explains that photosynthesis in the lit aquarium produces oxygen for the fish, whereas lack of light prevents oxygen production in the dark tank, accounting for the health difference."
MS-LS1-051,OSS 120b,1,"The answer correctly identifies sunlight as the original source and explains that photosynthesis stored that energy in sugars, which were then transferred to the consumer."
MS-LS1-051,Gemini Flash 3,1,"The answer accurately identifies sunlight as the original energy source and explains how photosynthesis transforms and stores that energy in sugar molecules, which aligns perfectly with the MS-LS1-6 standard."
MS-LS1-052,OSS 120b,1,"The answer correctly explains that the puppy's new tissues are built from atoms in the dog food that are broken down and recombined into new molecules, matching the LS1‑7 standard."
MS-LS1-047,Gemini Flash 3,0,"The answer is scientifically inaccurate because plants grown in the dark typically grow taller than those in the light due to etiolation, a process where the stem stretches to find a light source."
MS-LS1-052,Nemotron 3 Super 120b a12,1,"The answer correctly explains that atoms from digested dog food are broken apart and rearranged into new proteins, fats, and other materials that build the puppy's muscles, bones, and tissues."
MS-LS1-052,Gemini Flash 3,1,"The answer accurately describes how food molecules are rearranged through chemical reactions to form the new structures required for growth, directly addressing the core requirement of the MS-LS1-7 standard."
MS-LS1-053,Nemotron 3 Super 120b a12,1,"The answer correctly explains that cellular breakdown of food releases energy, some of which is heat, causing the warm feeling after exercise, aligning with the standard’s focus on energy release from food via chemical reactions."
MS-LS1-050,Nemotron 3 Super 120b a12,0,"The answer mentions oxygen production but omits the role of photosynthesis in converting light energy to chemical energy and cycling carbon dioxide, making it incomplete for the standard."
MS-LS1-053,OSS 120b,1,"The answer correctly explains that food molecules are broken down in cells to release energy, part of which becomes heat, linking the warmth after exercise to the earlier consumption of food."
MS-LS1-054,OSS 120b,1,"The answer correctly describes digestion, breakdown, and reassembly of leaf molecules into new biomolecules that support the caterpillar's growth, matching LS1‑7."
MS-LS1-053,Gemini Flash 3,1,"The answer accurately connects the chemical breakdown of food to the release of energy and the production of heat, satisfying the requirements of the standard."
MS-LS1-054,Gemini Flash 3,1,"The answer accurately explains how chemical reactions break down and rearrange atoms from food to form new molecules for growth, which aligns perfectly with standard MS-LS1-7."
MS-LS1-055,Nemotron 3 Super 120b a12,1,"The answer correctly explains that stored fat molecules are broken down via chemical reactions, releasing energy and producing CO₂ and water, which aligns with the standard's description of matter rearrangement through chemical reactions."
MS-LS1-055,Gemini Flash 3,1,"The answer accurately describes the process of chemical reactions rearranging atoms in food molecules to release energy and form new products, which aligns perfectly with the MS-LS1-7 standard."
MS-LS1-056,OSS 120b,1,"The answer correctly explains that eye photoreceptors (rods and cones) adapt to lower light, improving signal transmission to the brain, which matches the standard."
MS-LS1-055,OSS 120b,1,"The answer correctly describes the chemical breakdown of stored fat into smaller molecules, releasing energy and producing CO2 and H2O, matching the standard."
MS-LS1-056,Nemotron 3 Super 120b a12,1,"The answer correctly describes how retinal photoreceptors adapt to low light and send clearer signals to the brain, which aligns with the standard about sensory receptors responding to stimuli and transmitting messages to the brain."
MS-LS1-054,Nemotron 3 Super 120b a12,1,"The answer accurately explains that leaf molecules are broken down by digestion and their atoms are rearranged into new biomolecules like proteins and fats that become caterpillar tissue, satisfying the standard."
MS-LS2-001,OSS 120b,1,"The answer correctly defines a limiting resource as a scarce resource that restricts growth, reproduction, or survival, which adequately addresses the question."
MS-LS2-002,Nemotron 3 Super 120b a12,1,"The answer correctly lists the four basic resources (food/energy, water, shelter, space) that most organisms need to survive."
MS-LS2-002,OSS 120b,1,"The answer correctly lists the four basic resources—food (energy), water, shelter, and space—that most organisms need to survive."
MS-LS2-001,Gemini Flash 3,1,"The answer accurately defines a limiting resource by its scarcity and its direct impact on the biological success of organisms, which is fundamental to the MS-LS2-1 standard."
MS-LS2-003,OSS 120b,1,"The answer correctly explains that a sharp decline in food supply leads to a population decrease due to insufficient energy for survival and reproduction, matching the standard."
MS-LS1-050,Gemini Flash 3,1,"The answer correctly identifies that photosynthesis produces oxygen, which is a vital part of the cycling of matter and essential for the health and survival of fish."
MS-LS2-003,Nemotron 3 Super 120b a12,1,"The answer correctly states that a sharp drop in food supply leads to a population decrease due to insufficient energy for survival and reproduction, which aligns with the standard's expectation."
MS-LS2-004,Nemotron 3 Super 120b a12,1,"The answer accurately defines parasitism as a beneficial‑to‑parasite, harmful‑to‑host relationship, which correctly answers the question."
MS-LS2-004,OSS 120b,1,"The answer accurately defines parasitism as a relationship where the parasite benefits and the host is harmed, which sufficiently addresses the question."
MS-LS2-002,Gemini Flash 3,1,"The four resources listed—food, water, shelter, and space—are the standard limiting factors used in middle school science to explain how resource availability affects organism survival and population dynamics."
MS-LS2-001,Nemotron 3 Super 120b a12,1,"The answer accurately defines a limiting resource as a scarce resource that restricts organism growth, reproduction, or survival, which matches the concept required by MS-LS2-1."
MS-LS2-005,OSS 120b,1,"The answer accurately defines an invasive species as a non-native organism that harms a new ecosystem by outcompeting, preying on, or disrupting native species, which is an appropriate and complete response for the standard."
MS-LS2-003,Gemini Flash 3,1,"The answer correctly identifies the relationship between resource availability and population size, addressing the cause-and-effect mechanism required by the standard."
MS-LS1-056,Gemini Flash 3,1,"The answer accurately identifies the sensory receptors (rods and cones), describes their response to the change in light stimulus, and correctly links this process to signal transmission to the brain in accordance with the standard."
MS-LS2-004,Gemini Flash 3,1,"The answer accurately and completely defines parasitism by identifying the benefiting and harmed parties, which is a key interaction required by the MS-LS2-2 standard."
MS-LS2-005,Nemotron 3 Super 120b a12,1,"The answer accurately defines an invasive species as a non-native organism that causes harm in a new ecosystem, which is correct and sufficient for the question."
MS-LS2-006,Nemotron 3 Super 120b a12,1,The answer accurately defines a host in a parasitic relationship and is appropriate for middle‑school level.
MS-LS2-006,OSS 120b,1,"The answer accurately defines a host as the organism on or inside which a parasite lives, obtains nutrients, and is typically harmed, which fully addresses the question."
MS-LS2-007,Nemotron 3 Super 120b a12,1,"The answer accurately describes cycling of matter as the repeated reuse of atoms and molecules moving between living and nonliving parts of an ecosystem, which aligns with the standard."
MS-LS2-007,OSS 120b,1,"The answer accurately defines cycling of matter as the reuse of atoms/molecules (e.g., carbon, nitrogen, water) through biotic and abiotic components of an ecosystem."
MS-LS2-006,Gemini Flash 3,1,"The answer accurately identifies the host's role as the organism that provides resources and is harmed in a parasitic interaction, which aligns with the interaction patterns required by MS-LS2-2."
MS-LS2-005,Gemini Flash 3,1,The reference answer provides a scientifically accurate definition that includes both the non-native status and the resulting negative ecological interactions required by the standard.
MS-LS2-008,OSS 120b,1,"The answer correctly states that energy is lost (mainly as heat) at each trophic transfer, reducing the amount available to higher levels, which aligns with the expected concept."
MS-LS2-008,Nemotron 3 Super 120b a12,1,"The answer correctly states that energy is lost as heat between trophic levels, resulting in less energy available to higher levels, which aligns with the standard's focus on energy flow."
MS-LS2-007,Gemini Flash 3,1,"The answer accurately defines the cycling of matter by explaining that atoms and molecules are reused through living and nonliving components, which is a core concept of standard MS-LS2-3."
MS-LS2-008,Gemini Flash 3,1,"The answer correctly identifies that energy decreases at each level of a food chain due to heat loss, which is an accurate and age-appropriate explanation for the standard."
MS-LS2-009,OSS 120b,1,"The answer accurately describes nitrogen moving between atmosphere, soil, and organisms with bacterial involvement, meeting the standard's basic requirement."
MS-LS2-009,Nemotron 3 Super 120b a12,1,"The answer accurately describes the nitrogen cycle as the movement of nitrogen between the atmosphere, soil, living organisms, and back to the atmosphere, noting bacterial involvement, which is appropriate for a middle‑school level explanation."
MS-LS2-011,OSS 120b,1,"The answer accurately defines a wildlife corridor and explains its purpose, meeting the standard's expectations."
MS-LS2-010,OSS 120b,1,"The answer correctly defines a limiting factor as any resource or condition that restricts population growth, size, or distribution, providing appropriate examples."
MS-LS2-010,Nemotron 3 Super 120b a12,1,"The answer correctly defines a limiting factor and provides suitable examples, satisfying the standard's requirement."
MS-LS2-011,Nemotron 3 Super 120b a12,1,"The answer accurately defines a wildlife corridor and describes its purpose, which is appropriate for the question and aligns with the standard's focus on biodiversity solutions."
MS-LS2-010,Gemini Flash 3,1,The answer accurately defines a limiting factor and provides appropriate examples that align with the physical and biological components mentioned in the standard.
MS-LS2-012,OSS 120b,1,"The answer correctly explains that increased grass provides more food, leading to higher survival and reproduction rates, which causes the rabbit population to grow."
MS-LS2-012,Nemotron 3 Super 120b a12,1,"The answer correctly explains that greater food availability leads to higher survival, reproduction, and health of individuals, resulting in population growth, which aligns with the standard."
MS-LS2-013,OSS 120b,1,"The answer correctly explains that limited resources and carrying capacity halt deer population growth, aligning with the standard."
MS-LS2-011,Gemini Flash 3,1,"The answer provides an accurate and comprehensive definition of a wildlife corridor, explaining both its structure and its functional importance for biodiversity as a design solution."
MS-LS2-013,Nemotron 3 Super 120b a12,1,"The answer correctly identifies resource limitation (carrying capacity) as the factor that stops population growth in the absence of predators, meeting the standard."
MS-LS2-009,Gemini Flash 3,1,"The answer accurately describes the cycling of nitrogen between its biotic and abiotic components, including the atmosphere, soil, and organisms, which aligns with the requirements of MS-LS2-3."
MS-LS2-014,OSS 120b,1,"The answer correctly explains that higher sunlight (resource availability) enables more photosynthesis, supporting greater plant growth and density compared to shaded areas."
MS-LS2-013,Gemini Flash 3,1,"The answer accurately explains the concept of carrying capacity and limiting factors, which is the core requirement for understanding resource availability under MS-LS2-1."
MS-LS2-015,OSS 120b,1,"The answer correctly explains that competition for a limited shared food source reduces resource availability for both species, leading to slower growth and population decline, which addresses the question."
MS-LS2-014,Nemotron 3 Super 120b a12,1,"The answer correctly explains that sunlight availability influences photosynthesis and thus plant density, addressing the resource availability effect required by the standard."
MS-LS2-012,Gemini Flash 3,1,"The answer accurately explains the causal relationship between resource availability, individual survival, and reproductive success that leads to population growth."
MS-LS2-015,Nemotron 3 Super 120b a12,1,"The answer correctly explains interspecific competition for a shared limited resource and its effects on growth and population sizes, aligning with MS-LS2-1."
MS-LS2-014,Gemini Flash 3,1,"The answer accurately explains how the availability of sunlight, a key resource, limits or promotes plant population density through photosynthesis, which directly addresses the standard."
MS-LS2-016,OSS 120b,1,"The answer accurately explains the short‑term boost from increased food and the subsequent oxygen depletion that can cause a later crash, matching the standard’s focus on resource availability impacts on populations."
MS-LS2-015,Gemini Flash 3,1,"The answer accurately explains that competition for limited resources leads to reduced food intake, which negatively impacts population growth and size, directly addressing the core concepts of MS-LS2-1."
MS-LS2-017,OSS 120b,1,"The answer correctly explains that seasonal changes affect food availability, prompting birds to migrate to find resources, directly addressing the standard's focus on resource availability effects."
MS-LS2-017,Nemotron 3 Super 120b a12,1,"The answer correctly explains that seasonal changes reduce food availability, prompting birds to migrate to regions with sufficient resources, which aligns with the standard's focus on resource availability effects on organisms."
MS-LS2-016,Nemotron 3 Super 120b a12,1,"The answer correctly explains that a nutrient surge first boosts algae and plant growth, increasing food for fish and allowing population growth, then excessive algal growth can deplete oxygen and cause a later fish crash, directly linking resource availability to population changes."
MS-LS2-018,Nemotron 3 Super 120b a12,1,"The answer correctly explains that competition for limited resources reduces growth and seed production, directly addressing the effect of resource availability on plants."
MS-LS2-018,OSS 120b,1,"The answer accurately explains that competition for limited sunlight, water, and nutrients reduces resource availability, leading to shorter growth and fewer seeds, which aligns with the standard."
MS-LS2-016,Gemini Flash 3,1,"The answer accurately describes the ecological process of eutrophication, explaining how changing resource availability (nutrients and oxygen) leads to fluctuations in the fish population over time."
MS-LS2-019,OSS 120b,1,"The answer correctly explains that removing a keystone species can cause population explosions and disrupt the food web, leading to declines or loss of other species."
MS-LS2-018,Gemini Flash 3,1,"The answer accurately identifies resource competition and explains how limited availability impacts growth and reproduction, which aligns perfectly with the standard."
MS-LS2-017,Gemini Flash 3,1,"The answer correctly identifies food scarcity as the primary resource limitation driving migration for survival, directly addressing the relationship between resource availability and organism behavior as required by MS-LS2-1."
MS-LS2-020,OSS 120b,1,"The answer correctly explains indirect effects through the food web, showing how species not directly consuming the plant can be impacted."
MS-LS2-019,Nemotron 3 Super 120b a12,1,"The answer correctly explains that a keystone species exerts a disproportionate influence on its ecosystem and that its removal can lead to population explosions, food‑web disruption, and loss of other species, which aligns with the standard's focus on predicting interaction patterns."
MS-LS2-021,Nemotron 3 Super 120b a12,1,"The answer accurately describes how decomposers break down organic material, returning nutrients to the soil for reuse by producers, which correctly explains their role in cycling matter through an ecosystem."
MS-LS2-021,OSS 120b,1,"The answer correctly explains that decomposers break down dead material into nutrients that return to the soil for uptake by producers, thereby cycling matter in the ecosystem."
MS-LS2-019,Gemini Flash 3,1,"The answer accurately explains the disproportionate impact of a keystone species and the cascading effects its removal has on population dynamics and food web stability, which directly addresses the standard."
MS-LS2-020,Gemini Flash 3,1,"The answer accurately describes how indirect effects propagate through a food web to affect distant organisms, which correctly addresses the interaction patterns required by the standard."
MS-LS2-020,Nemotron 3 Super 120b a12,1,"The answer correctly explains how a plant decline can indirectly affect non‑consuming animals via food‑web cascades, meeting the standard."
MS-LS2-022,OSS 120b,1,"The answer accurately describes the pathway of carbon from atmospheric CO2 into an animal via plant photosynthesis and consumption, satisfying the standard."
MS-LS2-021,Gemini Flash 3,1,"The answer accurately explains how decomposers break down organic matter into nutrients for reuse by producers, which directly addresses the cycling of matter as required by the standard."
MS-LS2-022,Nemotron 3 Super 120b a12,1,The answer correctly describes the pathway of carbon from atmospheric CO2 through photosynthesis in plants to animal tissues via consumption.
MS-LS2-023,Nemotron 3 Super 120b a12,1,"The answer accurately explains that matter is recycled as atoms are reused, whereas energy enters, is used, and is lost as heat, correctly distinguishing cycling from one-way flow."
MS-LS2-023,OSS 120b,1,"The answer correctly explains that matter is recycled through biogeochemical cycles while energy passes through the ecosystem and is lost as heat, matching the expected explanation."
MS-LS2-022,Gemini Flash 3,1,"The answer accurately describes the transfer of carbon from the atmosphere to plants via photosynthesis and then to animals through consumption, correctly addressing the cycling of matter in an ecosystem."
MS-LS2-024,Nemotron 3 Super 120b a12,1,"The answer correctly describes combustion breaking organic compounds and releasing stored carbon as CO2, which cycles back to plants, satisfying the standard."
MS-LS2-023,Gemini Flash 3,1,"The answer accurately distinguishes between the reuse of atoms in matter cycling and the one-way movement of energy from sunlight to heat loss, which is the core concept of the standard."
MS-LS2-026,Nemotron 3 Super 120b a12,1,"The answer correctly explains that wolves, as predators, regulate deer numbers, and their removal reduces predation, allowing the deer population to increase."
MS-LS2-025,OSS 120b,1,"The answer correctly describes the flow of solar energy from photosynthetic grass to the cow and then to the human via consumption, matching the standard."
MS-LS2-024,OSS 120b,1,"The answer correctly explains that burning breaks down the wood’s organic molecules, releasing stored carbon as CO₂ back into the atmosphere for reuse by plants, addressing the matter cycle."
MS-LS2-024,Gemini Flash 3,1,"The answer accurately describes how the chemical process of burning releases carbon from organic matter into the atmosphere as carbon dioxide, completing a key part of the matter cycle for a middle-school level."
MS-LS2-026,OSS 120b,1,"The answer correctly explains that removing a predator (wolves) reduces predation pressure, allowing more deer to survive and reproduce, leading to population increase."
MS-LS2-027,OSS 120b,1,"The answer correctly explains how reduced water levels from a drought shrink habitat, lower food and oxygen, leading to declines in pond animal populations, meeting the standard."
MS-LS2-026,Gemini Flash 3,1,The answer correctly identifies the predator-prey relationship and explains how the removal of a biological component (predation) leads to increased survival and population growth.
MS-LS2-025,Nemotron 3 Super 120b a12,0,"The answer correctly describes the flow of solar energy through grass to cow to human, but it omits the cycling of matter (e.g., use of CO₂, water, and nutrients) and involvement of nonliving components, making it incomplete for MS‑LS2‑3."
MS-LS2-027,Nemotron 3 Super 120b a12,1,"The answer correctly identifies that a drought reduces water, habitat, food, and oxygen, leading to population declines, which aligns with the standard’s focus on how ecosystem changes affect populations."
MS-LS2-025,Gemini Flash 3,1,"The answer accurately describes the flow of energy from the sun through a producer and primary consumer to a human, satisfying the energy flow requirements of the standard."
MS-LS2-028,OSS 120b,1,"The answer correctly explains that habitat loss removes shelter and food, leading to a population decline, which aligns with the standard."
MS-LS2-027,Gemini Flash 3,1,"The answer accurately explains how a change in a physical component (water level) impacts animal populations through habitat loss and resource scarcity, aligning well with the MS-LS2-4 standard."
MS-LS2-029,OSS 120b,1,"The answer correctly explains that the disease increases deaths and reduces reproduction, causing a net decline in rabbit numbers, aligning with the standard."
MS-LS2-028,Nemotron 3 Super 120b a12,1,"The answer correctly explains that forest clearing removes shelter, nesting sites, and food for mice, leading to reduced populations, which satisfies the standard's requirement for an evidence‑based argument about ecosystem changes affecting populations."
MS-LS2-028,Gemini Flash 3,1,"The answer correctly identifies how changing specific physical and biological components of the ecosystem, such as shelter and food resources, directly impacts population size in accordance with the standard."
MS-LS2-029,Gemini Flash 3,1,The answer accurately identifies disease as a biological change and explains the mechanism of population decline through increased mortality and reduced reproductive success.
MS-LS2-029,Nemotron 3 Super 120b a12,1,"The answer correctly identifies disease as a biological change that reduces survival and reproduction, leading to a population decline."
MS-LS2-030,OSS 120b,1,"The answer correctly explains that wetland restoration increases insect habitat, providing more food for insect-eating birds, which leads to higher bird populations, meeting the standard."
MS-LS2-030,Nemotron 3 Super 120b a12,1,"The answer correctly links wetland restoration to increased insect habitat, more food for insectivorous birds, and resulting population growth, satisfying the standard’s requirement."
MS-LS2-031,OSS 120b,1,"The answer correctly predicts a decline in the frog population due to reduced water, linking resource loss to survival and reproduction, which satisfies the standard."
MS-LS2-032,OSS 120b,1,"The answer correctly predicts decreasing crop yields due to nutrient depletion, aligning with the standard's focus on resource availability effects."
MS-LS2-031,Nemotron 3 Super 120b a12,1,"The answer correctly explains that reduced water from a drought would impair frog survival, reproduction, and food availability, causing the population to decline."
MS-LS2-030,Gemini Flash 3,1,The answer accurately explains the cause-and-effect relationship between ecosystem restoration and population growth by identifying the increase in food resources.
MS-LS2-033,OSS 120b,1,"The answer correctly explains that the algae bloom blocks sunlight, reduces plant-based food and oxygen, leading to decreased fish populations, which aligns with the standard."
MS-LS2-032,Nemotron 3 Super 120b a12,1,"The answer correctly predicts decreasing crop yield due to nutrient depletion, directly illustrating how resource availability affects organism productivity as required by MS-LS2-1."
MS-LS2-033,Nemotron 3 Super 120b a12,1,"The answer correctly explains that nutrient‑driven algal blooms reduce sunlight, kill submerged plants, lower oxygen, and thus decrease fish populations, which addresses the effect of resource availability on organisms in the ecosystem as required by MS‑LS2-1."
MS-LS2-031,Gemini Flash 3,1,"The answer accurately explains the cause-and-effect relationship between resource availability and population size, directly addressing the core requirement of standard MS-LS2-1."
MS-LS2-032,Gemini Flash 3,1,"The answer accurately identifies that a decrease in the availability of essential soil nutrients acts as a limiting factor, which directly leads to a reduction in the crop population's yield as required by the standard."
MS-LS2-035,Nemotron 3 Super 120b a12,1,"The answer correctly explains that loss of coral reef habitat and food due to bleaching leads to declines in fish populations by reducing shelter, increasing predation risk, and lowering survival and reproduction, aligning with the standard's focus on resource availability effects."
MS-LS2-035,OSS 120b,1,"The answer correctly explains that loss of reef habitat and food would cause fish populations to decline, addressing the effect of resource availability on organisms and populations."
MS-LS2-034,OSS 120b,1,"The answer correctly states that the population with abundant food will be larger because more resources support higher survival and reproduction, directly addressing the effect of resource availability on population size."
MS-LS2-033,Gemini Flash 3,1,"The answer accurately identifies the reduction in resources (food and oxygen) caused by the algae bloom and correctly predicts the resulting decrease in the fish population, which aligns with the MS-LS2-1 standard."
MS-LS2-034,Nemotron 3 Super 120b a12,1,"The answer correctly links greater food availability to higher survival and reproduction, explaining population growth, which satisfies the standard's focus on resource availability effects."
MS-LS2-035,Gemini Flash 3,1,"The answer correctly identifies that fish populations would decline and explains how the loss of resources like food and shelter impacts survival and reproduction, which aligns perfectly with the MS-LS2-1 standard."
MS-LS2-034,Gemini Flash 3,1,"The answer correctly identifies the relationship between resource availability and population growth, explaining how food impacts survival and reproduction as required by the standard."
MS-LS2-036,OSS 120b,1,"The answer correctly predicts a decline in the pigeon population due to reduced food availability, aligning with the standard's focus on resource effects on populations."
MS-LS2-037,OSS 120b,1,"The answer correctly predicts a decline in the sea star population due to reduced food availability, directly addressing the resource‑availability effect."
MS-LS2-036,Nemotron 3 Super 120b a12,1,"The answer correctly identifies that removing a food source (birdseed) reduces resource availability, leading to a likely decrease in the pigeon population through starvation or migration, which aligns with the standard's focus on resource effects on organisms."
MS-LS2-038,OSS 120b,1,"The answer correctly predicts a similar trophic cascade in both ecosystems, explaining increased prey and decreased plant abundance after top predator loss."
MS-LS2-037,Gemini Flash 3,1,"The reference answer correctly identifies that a decrease in a limiting resource leads to a decrease in the consumer population due to competition and starvation, which directly aligns with the MS-LS2-1 standard."
MS-LS2-036,Gemini Flash 3,1,"The answer accurately predicts a population decrease due to reduced resource availability and explains the mechanisms of migration and mortality, which directly aligns with the MS-LS2-1 standard."
MS-LS2-038,Nemotron 3 Super 120b a12,1,"The answer correctly predicts a trophic cascade (predator loss → prey increase → plant decrease) and explains why a similar pattern would occur in both pond and grassland ecosystems, fulfilling the standard's requirement to explain interaction patterns across ecosystems."
MS-LS2-037,Nemotron 3 Super 120b a12,1,"The answer correctly predicts a decrease in the sea star population due to reduced food availability and explains how the population would adjust to the new resource limit, which aligns with the standard's focus on resource effects on populations."
MS-LS2-039,OSS 120b,1,"The answer correctly predicts a decrease in the rabbit population due to reduced food availability, providing a clear explanation of the interaction."
MS-LS2-039,Nemotron 3 Super 120b a12,1,"The answer correctly predicts a decline in the rabbit population due to reduced grass, citing starvation or migration as mechanisms."
MS-LS2-039,Gemini Flash 3,1,The answer accurately predicts a population decrease based on resource limitation and provides sound ecological reasoning suitable for the middle-school level.
MS-LS2-040,Nemotron 3 Super 120b a12,1,"The answer correctly predicts that removing snakes reduces predation on rodents, leading to increased rodent numbers and greater crop damage, which aligns with the standard's expectation of explaining interaction patterns."
MS-LS2-041,OSS 120b,1,"The answer correctly predicts that loss of phytoplankton reduces krill numbers, which in turn leads to a decline in whale populations, aligning with the required explanation of ecosystem interactions."
MS-LS2-040,OSS 120b,1,"The answer correctly predicts a trophic cascade: removing snake predators leads to more rodents and increased crop damage, fulfilling the standard."
MS-LS2-038,Gemini Flash 3,1,"The answer accurately identifies the consistent pattern of a trophic cascade that occurs across different ecosystems when top predators are removed, which aligns with the requirements of MS-LS2-2."
MS-LS2-042,OSS 120b,1,"The answer correctly explains that loss of plants removes the primary energy source, greatly reducing energy available to fish and likely causing their decline or death, satisfying the standard."
MS-LS2-041,Nemotron 3 Super 120b a12,1,"The answer correctly predicts that reduced phytoplankton leads to fewer krill and consequently fewer whales, aligning with the standard's expectation to explain interaction patterns across ecosystems."
MS-LS2-042,Nemotron 3 Super 120b a12,1,"The answer correctly identifies plants as producers that supply energy via photosynthesis and explains that their loss would reduce energy for fish, causing population decline, which adequately addresses the flow of energy in the ecosystem."
MS-LS2-042,Gemini Flash 3,1,"The answer accurately identifies plants as the primary producers that capture energy from sunlight, and correctly explains how their loss would disrupt the energy flow to consumers like fish."
MS-LS2-043,Nemotron 3 Super 120b a12,1,"The answer correctly explains that destroying producers halts energy capture and transfer, which directly addresses the impact on energy flow."
MS-LS2-041,Gemini Flash 3,1,The answer accurately predicts the cascading effects on the food chain and demonstrates the interdependence of organisms as required by the MS-LS2-2 standard.
MS-LS2-043,OSS 120b,1,"The answer correctly identifies that loss of plants stops primary production, disrupting energy flow to consumers until new producers reestablish."
MS-LS2-043,Gemini Flash 3,1,The answer accurately identifies that producers are the primary source of energy in an ecosystem and correctly explains how their removal halts the transfer of energy to consumers.
MS-LS2-040,Gemini Flash 3,1,The answer accurately predicts a pattern of interaction by describing how the removal of a predator leads to an increase in the prey population and subsequent impacts on the primary producers.
MS-LS2-045,OSS 120b,1,"The answer correctly describes how fewer rabbits would lead to more grass growth and reduced food for foxes, affecting their populations, which addresses the flow of energy and matter in the ecosystem."
MS-LS2-044,OSS 120b,1,"The answer correctly explains how excess nitrogen triggers eutrophication, altering primary production and decomposition cycles and thereby changing the lake’s matter cycling."
MS-LS2-044,Nemotron 3 Super 120b a12,1,"The answer correctly explains that excess nitrogen stimulates algal growth (eutrophication) and that subsequent decomposition consumes oxygen, disrupting the lake's matter cycle, which aligns with the standard."
MS-LS2-046,Nemotron 3 Super 120b a12,1,"The answer correctly links the reduction of insects (food source) to a likely decrease in bird population via lower survival and reproduction, providing a complete argument for the standard."
MS-LS2-045,Nemotron 3 Super 120b a12,1,"The answer correctly states that fewer rabbits lead to more grass growth and less food for foxes, which reflects the cycling of matter and flow of energy in the ecosystem."
MS-LS2-046,OSS 120b,1,"The answer correctly predicts a decline in bird population due to loss of insect food, providing appropriate reasoning aligned with the standard."
MS-LS2-044,Gemini Flash 3,1,"The answer accurately explains the process of eutrophication and how an influx of nitrogen disrupts the cycling of oxygen and organic matter within an ecosystem, which aligns well with the MS-LS2-3 standard."
MS-LS2-045,Gemini Flash 3,1,"The answer accurately describes the ecological impacts on both the producer and the predator when a primary consumer population declines, correctly illustrating the flow of energy and matter in a food web."
MS-LS2-046,Gemini Flash 3,1,"The answer accurately identifies the causal link between a reduction in a food source and the subsequent decrease in the consumer population, which directly addresses the standard's requirement."
MS-LS2-047,OSS 120b,1,"The answer correctly explains that fish needing fast, oxygen-rich water would decline due to the slower, less-oxygenated pond environment, noting possible relocation or mortality."
MS-LS2-048,OSS 120b,1,"The answer correctly explains how the drought (a physical change) reduces plant food and water availability, leading to a likely decline in the rabbit population, meeting the standard."
MS-LS2-047,Nemotron 3 Super 120b a12,1,"The answer correctly links the physical change to reduced oxygen and habitat suitability, predicting population decline or movement, which satisfies the standard's requirement for an evidence‑based argument."
MS-LS2-047,Gemini Flash 3,1,"The answer accurately identifies the negative impact on the specific fish population and explains the causal link between the physical change (lower oxygen in still water) and the population's response, which aligns with the MS-LS2-4 standard."
MS-LS2-049,OSS 120b,1,"The answer correctly predicts a decline in the small fish population due to reduced plankton food availability, providing the expected cause‑effect explanation."
MS-LS2-048,Nemotron 3 Super 120b a12,1,"The answer correctly links drought-induced water loss to reduced plant food and dehydration, providing a valid argument about how a physical change affects rabbit populations."
MS-LS2-048,Gemini Flash 3,1,The answer accurately describes how a change in a physical component (water availability) leads to a population decrease through both direct effects and impacts on the food supply.
MS-LS2-049,Gemini Flash 3,1,"The answer correctly identifies that competition for a limited food source will lead to a population decline, which directly demonstrates the cause-and-effect relationship required by the standard."
MS-LS2-050,OSS 120b,1,"The answer correctly explains that loss of trees reduces food and shelter, leading to a significant decline or migration of the squirrel population, meeting the standard."
MS-LS2-049,Nemotron 3 Super 120b a12,1,"The answer correctly states that the small fish population would decline due to reduced plankton from zebra mussels, providing a logical argument about how a biological change affects a population."
MS-LS2-050,Nemotron 3 Super 120b a12,1,"The answer correctly links the loss of trees to reduced food and shelter, leading to a decline in the squirrel population, which addresses the standard."
MS-LS2-051,OSS 120b,1,"The answer correctly states that deer numbers would likely decline due to predation by reintroduced wolves, directly addressing the expected outcome."
MS-LS2-050,Gemini Flash 3,1,"The answer correctly identifies the causal link between the destruction of the trees and the resulting decrease in the squirrel population due to loss of essential resources, which aligns with the standard."
MS-LS2-051,Gemini Flash 3,1,"The answer correctly identifies the predator-prey relationship and explains how the reintroduction of a predator leads to a decrease in the prey population, fulfilling the requirements of the standard."
MS-LS2-053,OSS 120b,1,"The answer correctly identifies the rain garden as the better design and explains how it supports ecosystem services and biodiversity, fully addressing the prompt."
MS-LS2-051,Nemotron 3 Super 120b a12,1,"The answer correctly predicts a decrease in the deer population due to increased predation by reintroduced wolves, offering a clear cause‑effect argument that aligns with the standard's requirement to link ecosystem changes to population effects."
MS-LS2-052,OSS 120b,1,"The answer correctly explains that a rooftop garden maintains pollinator habitat and provides ecosystem services like air purification and stormwater management, unlike paving which would remove those benefits."
MS-LS2-052,Nemotron 3 Super 120b a12,1,"The answer correctly explains that a rooftop garden preserves pollinator habitat and provides ecosystem services such as air purification and stormwater absorption, while paving the field would eliminate those services, thereby meeting the standard to evaluate design solutions for maintaining biodiv"
MS-LS2-054,OSS 120b,1,"The answer correctly explains that a native wildflower meadow offers diverse plants, food, and habitat, supporting more pollinators, birds, and insects than a uniform, frequently mowed lawn."
MS-LS2-052,Gemini Flash 3,1,"The answer accurately identifies specific ecosystem services provided by the garden and compares them to the loss of services from paving, directly addressing the MS-LS2-5 standard."
MS-LS2-053,Gemini Flash 3,1,"The answer correctly identifies that the rain garden supports ecosystem services like water filtration and flood control while also maintaining biodiversity through habitat provision, unlike the asphalt design."
MS-LS2-054,Nemotron 3 Super 120b a12,1,"The answer correctly states that a native wildflower meadow provides more food, shelter, and habitat complexity than a mowed lawn, thereby supporting greater biodiversity, which directly addresses the question and aligns with MS-LS2-5."
MS-LS2-053,Nemotron 3 Super 120b a12,1,"The answer correctly states that a rain garden with native plants supports ecosystem services by absorbing water, filtering pollutants, and providing habitat, whereas asphalt does the opposite."
MS-LS2-055,OSS 120b,1,"The answer correctly evaluates the two designs, explaining that dune restoration provides shoreline protection and supports biodiversity, thus fully addressing the standard."
MS-LS2-055,Gemini Flash 3,1,"The answer correctly evaluates both design solutions based on the dual criteria of protection and biodiversity, providing a sound ecological justification for the superior choice."
MS-LS2-054,Gemini Flash 3,1,The answer accurately explains how habitat complexity and a variety of food sources in a meadow support a wider range of species than a monoculture lawn.
MS-LS2-056,OSS 120b,1,The answer correctly identifies guard dogs and fencing as the better option for biodiversity and explains the ecological reasoning.
MS-LS2-055,Nemotron 3 Super 120b a12,1,"The answer correctly explains that restoring natural sand dunes with native grasses offers both shoreline protection (via root stabilization) and biodiversity benefits (habitat for shorebirds and insects), whereas concrete seawalls protect the shore but harm biodiversity, thus adequately evaluating "
MS-LS3-002,OSS 120b,1,"The answer correctly identifies a deletion mutation as the type that removes a DNA base from a gene, fully addressing the question."
MS-LS2-056,Gemini Flash 3,1,The answer correctly identifies the non-lethal solution as better for biodiversity and provides an ecologically sound justification regarding the role of predators in ecosystem balance.
MS-LS3-001,OSS 120b,1,"The answer correctly states that a gene contains the DNA instructions used by the cell to make a specific protein, accurately capturing the gene–protein relationship."
MS-LS2-056,Nemotron 3 Super 120b a12,1,"The answer correctly selects the guard‑dog/fence solution, explains how it preserves wolves’ predator role and ecosystem balance, and thus adequately evaluates the competing designs for biodiversity and ecosystem services."
MS-LS3-002,Nemotron 3 Super 120b a12,1,"The answer correctly identifies deletion as the mutation that removes DNA bases and explains it removes one or more bases, which fully answers the question."
MS-LS3-001,Nemotron 3 Super 120b a12,1,"The answer correctly states that a gene's DNA sequence provides the instructions for building a specific protein, accurately describing the gene‑protein relationship required by the standard."
MS-LS3-001,Gemini Flash 3,1,"The answer accurately describes the fundamental relationship between genes and proteins as a set of instructions, which is a key foundational concept for standard MS-LS3-1."
MS-LS3-003,OSS 120b,1,"The answer correctly states that a neutral mutation is a DNA change with no noticeable benefit or harm to the organism, matching the standard."
MS-LS3-002,Gemini Flash 3,1,The answer correctly identifies and defines a deletion mutation as the process that removes one or more DNA bases from a gene.
MS-LS3-004,OSS 120b,1,"The answer correctly defines a harmful mutation as a DNA change that leads to a malfunctioning protein and negatively impacts the organism's health or survival, aligning with the standard."
MS-LS3-003,Nemotron 3 Super 120b a12,1,"The answer correctly defines a neutral mutation as a DNA change with no significant effect on protein function or organismal fitness, aligning with MS‑LS3‑1."
MS-LS3-004,Nemotron 3 Super 120b a12,1,"The answer accurately defines a harmful mutation as a DNA change that produces a nonfunctional protein, damaging the organism's health or survival, which aligns with the standard."
MS-LS3-005,Nemotron 3 Super 120b a12,1,"The answer correctly identifies that chromosomes are located in the cell nucleus, which is accurate and sufficiently complete for the question."
MS-LS3-005,OSS 120b,1,"The answer correctly states that chromosomes reside in the cell nucleus, which adequately answers the question for the intended middle-school context."
MS-LS3-006,OSS 120b,1,"The answer correctly identifies sickle cell disease as an example of a harmful mutation and explains the underlying genetic change, meeting the standard."
MS-LS3-005,Gemini Flash 3,1,"The answer correctly identifies the nucleus as the location of chromosomes in eukaryotic cells, which is the expected level of knowledge for this middle school standard."
MS-LS3-003,Gemini Flash 3,1,"The answer accurately defines a neutral mutation by explaining its lack of impact on both protein function and the organism's survival, which directly aligns with the MS-LS3-1 standard."
MS-LS3-004,Gemini Flash 3,1,"The answer correctly identifies that a harmful mutation involves a change in DNA affecting protein function, which leads to negative consequences for an organism's health or survival, as required by MS-LS3-1."
MS-LS3-007,OSS 120b,1,"The answer correctly defines a heritable mutation as one occurring in reproductive cells and transmissible to offspring, adequately addressing the question."
MS-LS3-008,OSS 120b,1,"The answer correctly identifies examples (e.g., UV radiation) that can cause mutations, fulfilling the question."
MS-LS3-006,Gemini Flash 3,1,The answer accurately describes sickle cell disease as a harmful mutation and correctly connects the genetic substitution to the protein's structural change and the resulting functional impact on the organism.
MS-LS3-008,Nemotron 3 Super 120b a12,1,"The reference answer correctly identifies environmental factors such as UV radiation and chemicals, as well as spontaneous errors during DNA copying, as causes of mutations, providing at least one valid example as requested."
MS-LS3-007,Nemotron 3 Super 120b a12,1,"The answer correctly defines a heritable mutation as one occurring in reproductive cells that can be passed to offspring, which satisfies the question."
MS-LS3-006,Nemotron 3 Super 120b a12,1,"The answer correctly identifies sickle cell disease as a harmful mutation caused by a single base substitution that alters hemoglobin protein structure and red blood cell function, aligning with the standard."
MS-LS3-009,OSS 120b,1,"The answer correctly identifies 'genome' as the term for the complete set of genetic instructions in an organism, fully addressing the question."
MS-LS3-009,Nemotron 3 Super 120b a12,1,"The genome is defined as the complete set of genetic instructions (DNA) in an organism, which directly answers the question."
MS-LS3-008,Gemini Flash 3,1,"The answer correctly identifies several scientifically accurate causes of mutations, including environmental factors and replication errors, which fully addresses the question."
MS-LS3-007,Gemini Flash 3,1,"The answer accurately defines a heritable mutation by identifying both its location in germ cells and its capacity to be passed to offspring, which is appropriate for the MS-LS3-1 level."
MS-LS3-009,Gemini Flash 3,1,The term 'genome' is the scientifically correct and complete answer for the total set of genetic instructions in an organism.
MS-LS3-012,Nemotron 3 Super 120b a12,1,"The answer correctly states that human somatic cells have 46 chromosomes, which directly answers the question and is accurate."
MS-LS3-011,OSS 120b,1,"The answer correctly defines meiosis as a cell division that creates gametes with half the chromosome number, which is sufficient for the question."
MS-LS3-010,OSS 120b,0,"The answer only mentions a harmful effect (changed shape and loss of function) and omits other possible outcomes such as neutral or beneficial effects, making it incomplete for the standard."
MS-LS3-011,Nemotron 3 Super 120b a12,1,"The answer correctly defines meiosis as a cell division that produces haploid gametes, which is accurate and sufficient for the question."
MS-LS3-010,Gemini Flash 3,1,"The answer accurately describes the relationship between genetic mutations, amino acid sequences, protein shape, and functional outcomes as required by the MS-LS3-1 standard."
MS-LS3-010,Nemotron 3 Super 120b a12,0,"The answer correctly describes a harmful outcome but omits the possibility of beneficial or neutral effects, making it incomplete for the standard."
MS-LS3-011,Gemini Flash 3,1,"The answer accurately defines meiosis and its role in producing haploid gametes, which is the fundamental mechanism for creating genetic variation in sexual reproduction as required by the standard."
MS-LS3-012,OSS 120b,1,"The answer correctly states that human somatic cells have 46 chromosomes in 23 pairs, fully addressing the question."
MS-LS3-013,Nemotron 3 Super 120b a12,1,"The answer correctly defines budding as a type of asexual reproduction, explains how it occurs, and gives appropriate examples, which fully addresses the question."
MS-LS3-014,OSS 120b,1,"The answer correctly defines 'genetically identical' as having the same DNA sequence and genetic information, which addresses the question appropriately."
MS-LS3-012,Gemini Flash 3,1,"The answer accurately identifies the number of chromosomes in human body cells, which is a foundational fact needed to understand the distribution of genetic information in reproduction."
MS-LS3-013,OSS 120b,1,"The answer correctly defines budding as a form of asexual reproduction where a new organism grows as a bud from the parent, which aligns with the required concept."
MS-LS3-014,Nemotron 3 Super 120b a12,1,"The answer correctly defines genetically identical as having the same DNA sequence and thus the same genetic information, which aligns with the standard's concept of asexual reproduction producing offspring with identical genetic makeup."
MS-LS3-015,OSS 120b,1,"The answer correctly explains that harmful mutations alter protein function, leading to disrupted bodily processes and disease."
MS-LS3-015,Nemotron 3 Super 120b a12,1,"The answer correctly explains that harmful mutations can alter protein function, disrupting essential processes and causing disease or death, which aligns with the standard."
MS-LS3-013,Gemini Flash 3,1,"The answer accurately defines budding as a form of asexual reproduction and provides correct examples, which is sufficient for explaining this specific mechanism within the context of the standard."
MS-LS3-016,OSS 120b,1,"The answer correctly explains that a single base change can alter an amino acid, disrupt protein structure/function, and cause disease, matching the standard."
MS-LS3-016,Nemotron 3 Super 120b a12,1,"The answer correctly describes how a single‑base DNA change can cause an amino‑acid substitution that alters protein shape and function, leading to disease, which satisfies the standard."
MS-LS3-017,Nemotron 3 Super 120b a12,1,"The answer correctly explains that mutations are inherited because chromosomes, including any altered genes, are replicated and transmitted during reproduction."
MS-LS3-015,Gemini Flash 3,1,"The answer accurately explains that mutations can alter protein function, which in turn disrupts biological processes and negatively impacts the organism's health or survival."
MS-LS3-014,Gemini Flash 3,1,"The answer accurately defines 'genetically identical' by linking it to identical DNA sequences and genetic information, which is appropriate for the middle-school level requirement of standard MS-LS3-2."
MS-LS3-016,Gemini Flash 3,1,"The answer correctly explains the causal chain from a gene mutation to an altered protein structure and loss of function, which aligns with the standard's requirements."
MS-LS3-019,Nemotron 3 Super 120b a12,1,"The answer correctly explains that genes code for proteins that build body structures, and a mutation altering such a protein can lead to incorrect development, which adequately addresses how a gene mutation affects an organism's structure."
MS-LS3-017,Gemini Flash 3,1,"The answer accurately explains that mutations are inherited because chromosomes, which contain the genes, are copied and physically transmitted from parents to offspring during reproduction."
MS-LS3-018,Nemotron 3 Super 120b a12,1,"The answer correctly explains that chromosomes are DNA strands containing many genes and that a mutation's location on a chromosome determines which gene and protein are affected, directly addressing the relationship and why it matters for mutations."
MS-LS3-019,OSS 120b,1,"The answer correctly explains that gene mutations can alter protein production, leading to incorrect development of body structures, which aligns with the standard."
MS-LS3-019,Gemini Flash 3,1,The answer accurately describes the causal chain from genetic mutations to protein synthesis and subsequent structural changes in the organism as required by the MS-LS3-1 standard.
MS-LS3-018,OSS 120b,1,"The answer correctly explains that chromosomes contain genes and that mutations in specific chromosomal locations affect particular genes and their proteins, addressing the question."
MS-LS3-020,Nemotron 3 Super 120b a12,1,"The answer correctly explains that meiosis reduces chromosome number by separating homologous pairs, producing haploid sperm and egg cells."
MS-LS3-017,OSS 120b,1,The answer correctly explains that mutations are passed to offspring because chromosomes (including any altered genes) are duplicated and transmitted during reproduction.
MS-LS3-020,OSS 120b,1,The answer correctly explains that meiosis reduces chromosome number by separating paired chromosomes so each gamete receives only one of each pair.
MS-LS3-021,OSS 120b,1,"The answer correctly explains that runners are a form of asexual reproduction that clones the parent plant, so seeds and fertilization are unnecessary."
MS-LS3-018,Gemini Flash 3,1,"The answer accurately describes the relationship between chromosomes and genes and explains that a mutation's location determines the specific protein affected, which aligns with the core requirements of MS-LS3-1."
MS-LS3-021,Gemini Flash 3,1,"The answer accurately identifies the process as asexual reproduction and correctly explains that it results in genetically identical offspring without fertilization, which aligns with the requirements of the standard."
MS-LS3-021,Nemotron 3 Super 120b a12,1,"The answer correctly explains that a runner is asexual vegetative propagation that clones the parent's DNA, producing genetically identical offspring without seeds."
MS-LS3-020,Gemini Flash 3,1,"The answer correctly identifies meiosis as the process and accurately explains that it reduces the chromosome count by separating pairs, which is appropriate for the middle school level."
MS-LS3-022,Nemotron 3 Super 120b a12,1,"The answer correctly identifies a possible beneficial effect of increased chlorophyll on photosynthesis and survival, aligning with the standard's focus on mutations leading to beneficial, harmful, or neutral outcomes."
MS-LS3-022,OSS 120b,0,"The answer is partially correct but incomplete, as it only mentions a beneficial effect and does not address possible neutral or harmful consequences of the mutation."
MS-LS3-023,OSS 120b,1,"The answer correctly identifies everyday situations (traffic lights, ripe fruit) affected by loss of red detection, fully addressing the question."
MS-LS3-023,Nemotron 3 Super 120b a12,1,The answer correctly describes an everyday situation (trouble with traffic lights and identifying ripe fruit) resulting from the inability to detect red light due to the mutated protein.
MS-LS3-024,OSS 120b,1,"The answer correctly explains that the sugar will accumulate due to the missing enzyme, potentially causing harmful health effects, which addresses the question."
MS-LS3-023,Gemini Flash 3,1,"The answer accurately identifies practical consequences of the functional loss caused by the protein mutation, directly addressing the 'harmful, beneficial, or neutral effects' component of the standard."
MS-LS3-025,OSS 120b,1,"The answer correctly explains that defective insulin prevents glucose uptake, causing elevated blood sugar after a sugary meal."
MS-LS3-022,Gemini Flash 3,1,The answer correctly identifies the mutation as potentially beneficial and provides a logical explanation of how increased chlorophyll improves the plant's function and survival through enhanced photosynthesis.
MS-LS3-024,Gemini Flash 3,1,The answer accurately describes how a gene mutation leads to a nonfunctional protein and explains the resulting harmful effect on the organism's function.
MS-LS3-026,OSS 120b,1,"The answer correctly identifies reduced oxygen transport throughout the body as the affected function, aligning with the mutation's impact on a blood oxygen‑carrying protein."
MS-LS3-025,Nemotron 3 Super 120b a12,1,"The answer correctly explains that a mutation producing nonfunctional insulin impairs glucose uptake, leading to high blood sugar after a sugary meal and potential diabetes, which satisfies the standard's focus on gene mutations affecting protein function and organismal health."
MS-LS3-024,Nemotron 3 Super 120b a12,1,"The answer correctly states that a missing or nonfunctional enzyme causes the sugar to accumulate, which can be harmful, directly linking the mutation to a protein function change and a harmful effect as required by the standard."
MS-LS3-025,Gemini Flash 3,1,"The answer accurately explains how a mutation-induced change in protein function (insulin) leads to a specific harmful effect on the organism's health, directly addressing the requirements of standard MS-LS3-1."
MS-LS3-026,Nemotron 3 Super 120b a12,1,"The answer correctly states that the mutation could reduce the blood's oxygen‑carrying ability and provides a relevant example (sickle cell anemia), fulfilling the standard's focus on how gene mutations affect protein structure and organism function."
MS-LS3-026,Gemini Flash 3,1,The answer accurately identifies the affected body function and explains the relationship between protein structure and function in accordance with the MS-LS3-1 standard.
MS-LS3-027,OSS 120b,1,"The answer correctly explains that the bitter chemical would deter insects, indicating a beneficial effect for the plant, which sufficiently addresses the question."
MS-LS3-028,OSS 120b,1,The answer correctly links the protein‐altering mutation to a slower phenotype and explains that this likely harms the cheetah's ability to catch prey and survive.
MS-LS3-027,Gemini Flash 3,1,"The answer accurately describes the behavioral effect on insects and correctly identifies the mutation as beneficial for the plant's survival, which is a key component of the standard."
MS-LS3-027,Nemotron 3 Super 120b a12,1,"The answer correctly links the mutation‑induced bitter chemical to deterring insects and notes the resulting benefit to the plant, aligning with the standard's focus on mutations causing beneficial, harmful, or neutral effects."
MS-LS3-028,Nemotron 3 Super 120b a12,1,"The answer correctly identifies the mutation as harmful because reduced speed impairs prey capture and survival, which aligns with the standard’s focus on harmful effects of protein‑altering mutations."
MS-LS3-028,Gemini Flash 3,1,"The answer accurately identifies the mutation as harmful and explains how the change in protein structure affects the organism's function and survival, which aligns with the MS-LS3-1 standard."
MS-LS3-030,OSS 120b,0,"The answer only mentions a possible benefit and does not address how the mutation could also be harmful or neutral, making it incomplete for the standard."
MS-LS3-029,OSS 120b,1,"The answer correctly links the mutation-driven increase in an oxygen‑storage protein to the whale’s enhanced ability to dive deeper and stay submerged longer, fulfilling the standard."
MS-LS3-031,OSS 120b,1,"The answer correctly states that the new plant is a clone with identical genetic information, aligning with the concept of asexual reproduction."
MS-LS3-029,Nemotron 3 Super 120b a12,1,"The answer correctly explains that increased oxygen‑storage protein improves dive depth and duration, showing a beneficial effect of the mutation as required by the standard."
MS-LS3-031,Nemotron 3 Super 120b a12,1,"The answer correctly states that runners are a form of asexual reproduction that produces offspring with identical genetic information, meeting the requirement of MS-LS3-2."
MS-LS3-029,Gemini Flash 3,1,"The answer accurately connects a mutation-driven increase in protein to a specific functional benefit for the organism, aligning perfectly with the MS-LS3-1 standard."
MS-LS3-030,Nemotron 3 Super 120b a12,0,"The answer only describes potential benefits and omits possible harmful or neutral effects, making it incomplete for the question."
MS-LS3-032,OSS 120b,1,The answer correctly states that identical twins are genetically more similar than fraternal twins and provides the appropriate explanation.
MS-LS3-031,Gemini Flash 3,1,The answer accurately identifies that strawberry runners are a form of asexual reproduction and correctly explains that this results in identical genetic information because only one parent's DNA is involved.
MS-LS3-033,OSS 120b,1,The answer correctly explains that variation among siblings is expected due to the unique combination of parental genes in sexual reproduction.
MS-LS3-033,Nemotron 3 Super 120b a12,1,"The answer correctly explains that sexual reproduction produces genetic variation through unique gene combinations, which aligns with the standard."
MS-LS3-030,Gemini Flash 3,1,"The answer correctly identifies a beneficial outcome of the structural change caused by the mutation, providing scientifically accurate examples of how it aids the organism's survival."
MS-LS3-032,Nemotron 3 Super 120b a12,1,"The answer correctly states that identical twins are more genetically similar because they originate from the same fertilized egg, while fraternal twins result from separate fertilizations and thus have genetic variation like regular siblings, aligning with the standard's concept of asexual vs. sexu"
MS-LS3-034,OSS 120b,1,"The answer correctly states that potato plants grown from eyes are produced asexually and thus are genetically identical to the parent, matching the standard."
MS-LS3-032,Gemini Flash 3,1,"The answer correctly identifies that identical twins share the same DNA from one zygote while fraternal twins result from distinct sexual reproduction events, accurately reflecting the genetic principles of standard MS-LS3-2."
MS-LS3-033,Gemini Flash 3,1,The answer accurately identifies sexual reproduction as the cause of genetic variation and explains that offspring receive a unique combination of genetic information from both parents.
MS-LS3-035,OSS 120b,1,"The answer correctly states that sexual reproduction produces genetically diverse offspring, explaining why siblings differ from each other and their parents, aligning with the standard."
MS-LS3-034,Gemini Flash 3,1,"The answer accurately identifies the process as asexual reproduction and correctly states that this results in offspring with the same genetic information as the parent, which aligns with the MS-LS3-2 standard."
MS-LS3-036,OSS 120b,1,"The answer correctly predicts that the baby plants will have the same striped green‑and‑white leaves, reflecting identical genetics from asexual reproduction."
MS-LS3-034,Nemotron 3 Super 120b a12,0,"While the answer correctly states that potato eyes produce genetically identical offspring via asexual reproduction, it does not explain why asexual reproduction leads to identical genetic information as required by the standard."
MS-LS3-035,Nemotron 3 Super 120b a12,1,"The answer correctly states that sexual reproduction produces genetically diverse offspring, which matches the observation of varied children."
MS-LS3-037,OSS 120b,1,The answer correctly states that cross‑pollination yields more genetic variation than self‑fertilization and briefly explains why.
MS-LS3-035,Gemini Flash 3,1,The answer correctly identifies that genetic variation among siblings and from parents is the expected result of the unique combination of genes provided by each parent during sexual reproduction.
MS-LS3-037,Nemotron 3 Super 120b a12,1,"The answer correctly explains that cross‑pollination increases genetic variation compared with self‑fertilization, meeting the standard."
MS-LS3-036,Nemotron 3 Super 120b a12,1,"The answer correctly states that asexual reproduction produces genetically identical offspring, so the baby plants will have the same striped green-and-white leaf pattern as the parent."
MS-LS3-036,Gemini Flash 3,1,"The answer correctly identifies that asexual reproduction produces genetically identical offspring, which explains why the baby plants will share the parent's leaf pattern."
MS-LS3-038,OSS 120b,1,"The answer correctly states that asexual cuttings are genetic clones, so they should produce the same flower color as the original plant."
MS-LS3-039,OSS 120b,1,"The answer correctly identifies the process as asexual reproduction and explains that the offspring will have identical genetic information to the parent, matching the standard."
MS-LS3-038,Nemotron 3 Super 120b a12,1,"The answer correctly explains that cuttings are asexual reproduction, producing genetically identical clones, so the flower color should be the same as the champion plant."
MS-LS3-037,Gemini Flash 3,1,"The answer accurately explains that cross-pollination increases genetic variation by combining genetic material from two distinct parents, which is consistent with the standard's focus on sexual reproduction and variation."
MS-LS3-038,Gemini Flash 3,1,"The answer accurately explains that cuttings represent asexual reproduction, leading to genetically identical offspring and the same phenotypic traits as the parent."
MS-LS3-040,Nemotron 3 Super 120b a12,1,"The answer correctly states that sexual reproduction between genetically different parents yields genetic variation, so offspring will not all look identical, which aligns with MS‑LS3-2."
MS-LS3-039,Nemotron 3 Super 120b a12,1,"The answer correctly identifies the bulb sprouting as asexual reproduction and states that the new plant inherits identical genetic information, fulfilling the standard's requirement."
MS-LS3-039,Gemini Flash 3,1,"The answer correctly identifies the process as asexual reproduction and accurately states that the offspring will be genetically identical to the parent, which directly addresses the requirements of the MS-LS3-2 standard."
MS-LS3-040,OSS 120b,1,"The answer correctly states that sexual reproduction creates genetic variation, so the offspring would not all look identical, fully addressing the question."
MS-LS3-041,OSS 120b,1,"The answer correctly explains that sexual reproduction mixes parental genes, creating unique gene combinations that cause variation in size and coat pattern."
MS-LS4-001,OSS 120b,1,"The answer correctly explains that fossils are typically found in sedimentary rock because organisms become buried in sediment that later lithifies, preserving their remains."
MS-LS4-001,Nemotron 3 Super 120b a12,1,"The answer correctly explains that fossils are commonly preserved in sedimentary rock due to burial and lithification of sediments, which addresses the question adequately for the standard."
MS-LS3-041,Nemotron 3 Super 120b a12,1,"The answer correctly explains that sexual reproduction creates unique gene combinations through recombination, leading to phenotypic variation in offspring."
MS-LS4-002,Nemotron 3 Super 120b a12,1,"The answer correctly defines relative dating of fossils using the principle of superposition, which aligns with the standard's focus on interpreting fossil record patterns."
MS-LS4-001,Gemini Flash 3,1,The answer accurately explains the relationship between fossils and sedimentary rock by describing the process of burial and preservation in sediment layers.
MS-LS4-002,OSS 120b,1,"The answer correctly defines relative dating as estimating fossil age by their position in rock layers, noting deeper layers are older, which sufficiently addresses the question."
MS-LS3-041,Gemini Flash 3,1,"The answer accurately explains that sexual reproduction involves the recombination of genetic material from two parents to create unique gene combinations, which directly addresses the variation requirement of MS-LS3-2."
MS-LS3-040,Gemini Flash 3,1,"The answer accurately identifies that sexual reproduction produces genetic variation by combining parental genes in different ways, which directly addresses the core requirement of the standard."
MS-LS4-003,OSS 120b,1,The answer correctly defines homologous structures as similar due to common ancestry and provides appropriate examples.
MS-LS4-004,Nemotron 3 Super 120b a12,1,"The answer correctly defines a vestigial structure and provides an appropriate example, satisfying the standard's requirement to explain anatomical similarities and differences for inferring evolutionary relationships."
MS-LS4-003,Nemotron 3 Super 120b a12,1,"The answer correctly defines homologous structures as similar body parts due to common ancestry and provides an appropriate example, satisfying the standard."
MS-LS4-004,OSS 120b,1,"The answer correctly defines a vestigial structure and provides an appropriate example, meeting the standard's expectations."
MS-LS4-002,Gemini Flash 3,1,"The answer accurately defines relative dating and the principle of superposition, which is the primary method for establishing chronological patterns in the fossil record for middle school students."
MS-LS4-005,Nemotron 3 Super 120b a12,1,"The answer correctly defines analogous structure and provides a clear example, meeting the standard’s requirement."
MS-LS4-006,Nemotron 3 Super 120b a12,1,"The answer correctly defines a common ancestor and links it to anatomical similarities, which aligns with the standard's focus on using anatomical evidence to infer evolutionary relationships."
MS-LS4-005,OSS 120b,1,"The answer accurately defines analogous structures as functionally similar but evolutionarily unrelated parts, providing a correct example."
MS-LS4-006,OSS 120b,1,"The answer accurately defines a common ancestor and correctly notes that species sharing one often have similar anatomy, matching the expected explanation for LS4‑2."
MS-LS4-004,Gemini Flash 3,1,"The answer accurately defines vestigial structures and provides a clear example, which is a core concept used to infer evolutionary relationships as required by the standard."
MS-LS4-007,OSS 120b,1,"The answer correctly defines 'closely related' as sharing a more recent common ancestor and notes resulting anatomical similarities, fulfilling the standard."
MS-LS4-005,Gemini Flash 3,1,"The answer accurately defines analogous structures by contrasting similar functions with different evolutionary origins and provides a correct, standard example."
MS-LS4-006,Gemini Flash 3,1,The answer accurately defines common ancestry and correctly links it to anatomical similarities as required by the MS-LS4-2 standard.
MS-LS4-003,Gemini Flash 3,1,"The answer provides an accurate definition of homologous structures and uses classic, appropriate examples to illustrate how anatomical similarities indicate shared ancestry, meeting the standard's requirements."
MS-LS4-007,Gemini Flash 3,1,The answer accurately defines evolutionary relatedness through common ancestry and correctly links it to anatomical similarities as required by the standard.
MS-LS4-007,Nemotron 3 Super 120b a12,1,"The answer correctly defines 'closely related' as sharing a more recent common ancestor and notes the resulting anatomical similarities, which aligns with the standard's focus on using anatomical evidence to infer evolutionary relationships."
MS-LS4-008,OSS 120b,1,"The answer correctly defines a gill slit as an embryonic opening and lists several vertebrate embryos (fish, frogs, chickens, humans) where it appears, matching the expected response."
MS-LS4-009,Gemini Flash 3,1,"The answer correctly identifies the embryonic tail and accurately explains that its presence indicates common ancestry with other vertebrates, directly addressing the requirements of MS-LS4-3."
MS-LS4-008,Nemotron 3 Super 120b a12,1,"The answer correctly defines a gill slit as an early embryonic opening/groove and accurately notes that such structures appear in the embryos of fish, frogs, chickens, and humans, fully addressing the question."
MS-LS4-010,OSS 120b,1,"The answer accurately defines natural selection as the differential survival and reproduction of individuals with advantageous traits, which aligns with the standard."
MS-LS4-009,OSS 120b,1,The answer correctly names the embryonic tail (vestigial tail) and explains that its presence indicates a shared evolutionary history with tailed vertebrates.
MS-LS4-008,Gemini Flash 3,1,"The answer accurately defines gill slits in an embryological context and correctly identifies their presence across diverse vertebrate groups, supporting the standard's focus on identifying evolutionary relationships."
MS-LS4-010,Gemini Flash 3,1,"The answer accurately defines natural selection by including the key components of differential survival, reproduction, and inheritance required by the standard."
MS-LS4-009,Nemotron 3 Super 120b a12,1,"The answer correctly names the embryonic tail and explains that its presence indicates a shared common ancestor with tailed vertebrates, fully addressing the question."
MS-LS4-011,OSS 120b,1,"The answer correctly defines an adaptation as an inherited trait that aids survival and reproduction in a specific environment, aligning with the standard."
MS-LS4-012,Nemotron 3 Super 120b a12,1,"The answer accurately defines selective breeding as humans choosing organisms with desirable traits to reproduce, increasing those traits in offspring over generations, which fully addresses the question."
MS-LS4-011,Gemini Flash 3,1,"The answer accurately defines an adaptation by including the essential components of inheritance, survival, and reproduction within a specific environment."
MS-LS4-010,Nemotron 3 Super 120b a12,1,"The answer accurately defines natural selection as the differential survival and reproduction of individuals with advantageous traits, which aligns with the standard's focus on how trait variations affect fitness in a given environment."
MS-LS4-013,OSS 120b,1,The answer correctly identifies Bt corn as a genetically modified crop and specifies the added trait of insect resistance via the Bt gene.
MS-LS4-014,Nemotron 3 Super 120b a12,1,"The answer accurately defines a heritable trait as a characteristic transmitted from parents to offspring via genes, which is correct and sufficiently complete for a middle‑school level question."
MS-LS4-012,Gemini Flash 3,1,"The answer accurately defines selective breeding by highlighting human intervention, the selection of desirable traits, and the outcome over generations, which aligns with the standard's focus on human influence on inheritance."
MS-LS4-011,Nemotron 3 Super 120b a12,1,"The answer correctly defines an adaptation as an inherited trait that enhances survival and reproduction in a specific environment, which aligns with the standard's focus on genetic variations affecting fitness."
MS-LS4-013,Gemini Flash 3,1,The answer correctly identifies a specific genetically modified crop (Bt corn) and explains the added trait (pest resistance) in alignment with the standard.
MS-LS4-014,OSS 120b,1,"The answer correctly defines a heritable trait as a characteristic passed from parents to offspring via genes, which is sufficient for the question."
MS-LS4-013,Nemotron 3 Super 120b a12,1,"The answer correctly identifies Bt corn as a genetically modified crop and explains that a Bacillus thuringiensis gene was added to confer insect‑pest resistance, which fully addresses the question."
MS-LS4-016,OSS 120b,1,"The answer correctly defines selective pressure as an environmental factor influencing survival and reproduction, which aligns with the standard."
MS-LS4-014,Gemini Flash 3,1,The answer accurately defines a heritable trait in a way that is scientifically correct and appropriate for the foundational knowledge required by the MS-LS4-6 standard.
MS-LS4-015,OSS 120b,1,"The answer correctly defines biological fitness as an organism's ability to survive and reproduce, distinguishing it from colloquial notions of strength."
MS-LS4-012,OSS 120b,1,"The answer accurately defines selective breeding as human‑guided mating of organisms with desired traits to increase those traits in future generations, meeting the standard’s expectations."
MS-LS4-016,Nemotron 3 Super 120b a12,1,"The answer correctly defines selective pressure as an environmental factor that influences which individuals survive and reproduce, which is sufficient for the middle‑school standard."
MS-LS4-015,Nemotron 3 Super 120b a12,1,"The answer correctly defines biological fitness as an organism's ability to survive and reproduce, which is the core concept needed to understand how natural selection changes trait frequencies."
MS-LS4-015,Gemini Flash 3,1,The definition accurately captures the core biological meaning of fitness—survival and reproduction—which is essential for understanding how natural selection influences trait frequency over time.
MS-LS4-016,Gemini Flash 3,1,"The definition accurately identifies selective pressures as environmental factors that drive natural selection by influencing survival and reproduction, which is foundational to the standard."
MS-LS4-017,OSS 120b,1,"The answer correctly explains that organisms with hard parts fossilize more readily because they resist decay and can be mineralized, while soft-bodied organisms decompose before preservation."
MS-LS4-017,Nemotron 3 Super 120b a12,1,"The answer correctly explains that hard parts resist decay and can be mineralized, making fossilization more likely, which adequately addresses the question for the given standard."
MS-LS4-018,OSS 120b,1,"The answer correctly explains that abrupt, widespread disappearance of many species in specific rock layers, with no later reappearance, is the fossil record evidence for mass extinctions."
MS-LS4-018,Nemotron 3 Super 120b a12,1,"The answer correctly describes the fossil‑record pattern of simultaneous disappearance of many species in specific rock layers as evidence for mass extinctions, which directly addresses the question and aligns with MS‑LS4‑1."
MS-LS4-019,Nemotron 3 Super 120b a12,1,"The answer correctly explains that comparing fossils across rock layers reveals gradual structural changes over time, showing life forms have evolved, which directly addresses how the fossil record evidences change."
MS-LS4-019,OSS 120b,1,"The answer correctly explains that comparing fossils from successive rock layers reveals gradual changes in structures over millions of years, showing evolutionary change."
MS-LS4-017,Gemini Flash 3,1,"The answer accurately identifies that hard parts are more likely to fossilize than soft tissues due to resistance to decay, which is a fundamental concept for understanding patterns and gaps in the fossil record at the middle-school level."
MS-LS4-018,Gemini Flash 3,1,The answer accurately describes the observable pattern in the fossil record—the sudden and permanent disappearance of numerous species across rock layers—that indicates a mass extinction.
MS-LS4-020,OSS 120b,1,"The answer correctly explains that shared limb bone structure is due to inheritance from a common ancestor, with natural selection causing the differing adaptations, meeting the standard."
MS-LS4-020,Nemotron 3 Super 120b a12,1,"The answer correctly explains homologous structures via common ancestry and natural selection, satisfying the standard."
MS-LS4-021,OSS 120b,1,"The answer correctly explains that such seemingly useless parts are vestigial structures retained from ancestors and reduced over generations, meeting the standard."
MS-LS4-020,Gemini Flash 3,1,"The answer accurately explains that anatomical similarities arise from common ancestry while differences result from natural selection, which directly aligns with the requirements of standard MS-LS4-2."
MS-LS4-019,Gemini Flash 3,1,"The answer correctly identifies that comparing fossils across different rock layers reveals gradual anatomical changes, providing direct evidence for the evolution of species over time as required by the MS-LS4-1 standard."
MS-LS4-021,Nemotron 3 Super 120b a12,1,"The answer correctly defines vestigial structures and explains their evolutionary origin and reduction, fully addressing the question."
MS-LS4-022,OSS 120b,1,"The answer correctly explains that the similarity is due to convergent evolution, providing the needed scientific explanation for the anatomical similarity despite different lineages."
MS-LS4-022,Nemotron 3 Super 120b a12,1,"The answer correctly identifies convergent evolution as the cause of the similar streamlined body shape, which aligns with the standard's focus on explaining anatomical similarities to infer evolutionary relationships."
MS-LS4-023,OSS 120b,1,"The answer correctly explains that the widespread fossils indicate the continents were once joined or closer together, matching the expected interpretation for the standard."
MS-LS4-023,Nemotron 3 Super 120b a12,1,"The answer correctly interprets the fossil pattern as evidence that the continents were once joined or closer, aligning with the standard's focus on using fossils to infer past life and Earth changes."
MS-LS4-022,Gemini Flash 3,1,"The answer accurately explains that similar environments lead to similar adaptations in unrelated species through convergent evolution, which aligns perfectly with the anatomical comparison requirements of MS-LS4-2."
MS-LS4-024,OSS 120b,1,"The answer correctly states that the older layer would contain fewer species due to greater time for extinctions and evolutionary change, directly addressing the question."
MS-LS4-021,Gemini Flash 3,1,"The answer correctly identifies vestigial structures and explains their existence as remnants from ancestors, which directly supports the standard's goal of using anatomical evidence to infer evolutionary relationships."
MS-LS4-025,OSS 120b,1,"The answer correctly states that trace fossils provide useful information about the animal's locomotion, size, and presence in the area, aligning with the standard."
MS-LS4-025,Gemini Flash 3,1,"The answer accurately identifies that trace fossils like footprints provide evidence of an organism's existence, behavior, and physical characteristics, which aligns with the requirements of MS-LS4-1."
MS-LS4-026,Nemotron 3 Super 120b a12,1,"The answer correctly identifies the bones as vestigial structures and explains that they indicate whales evolved from land‑dwelling ancestors with functional legs, which fully addresses the question."
MS-LS4-026,OSS 120b,1,"The answer correctly identifies the bones as vestigial, explains they indicate descent from land‑dwelling ancestors with legs, and links this anatomical evidence to evolutionary history as required by the standard."
MS-LS4-025,Nemotron 3 Super 120b a12,1,"The answer correctly notes that fossil footprints (trace fossils) can reveal the animal's movement, size, and presence in the area, which provides useful data about existence and behavior consistent with MS‑LS4‑1."
MS-LS4-027,Nemotron 3 Super 120b a12,1,"The answer correctly identifies the hip and leg bones as vestigial structures indicating that snakes descended from legged ancestors, which directly supports the standard's goal of using anatomical similarities to infer evolutionary relationships."
MS-LS4-026,Gemini Flash 3,1,"The answer accurately identifies the bones as vestigial structures and correctly explains that their presence indicates descent from land-dwelling ancestors, which directly addresses the anatomical evidence and evolutionary inference required by standard MS-LS4-2."
MS-LS4-024,Nemotron 3 Super 120b a12,0,"The answer does not directly state whether total species diversity would be greater or lesser in the older layer, instead focusing only on familiar or surviving species, making it incomplete for the standard."
MS-LS4-027,OSS 120b,1,"The answer correctly explains that the hidden bones are vestigial remnants indicating snakes descended from legged ancestors, satisfying the prompt and the standard."
MS-LS4-027,Gemini Flash 3,1,"The answer accurately identifies the bones as vestigial structures and uses them to correctly infer evolutionary descent from legged ancestors, meeting the requirements of the standard."
MS-LS4-028,OSS 120b,1,"The answer correctly states that the embryonic leg-like bumps indicate a shared evolutionary ancestry, which is the appropriate conclusion for the given pattern."
MS-LS4-028,Gemini Flash 3,1,"The answer accurately identifies that shared embryonic structures indicate a common ancestor and an evolutionary relationship not visible in adult forms, directly addressing the requirements of the MS-LS4-3 standard."
MS-LS4-028,Nemotron 3 Super 120b a12,1,"The answer correctly states that the shared embryonic leg-like bumps imply a common legged ancestor and reveal an evolutionary relationship, which aligns with the standard’s goal of using embryological similarities to infer relationships not seen in adult anatomy."
MS-LS4-029,Nemotron 3 Super 120b a12,1,"The answer correctly states that early embryonic similarity indicates a distant common ancestor and later divergence, which directly addresses the pattern the standard asks students to infer from embryological data."
MS-LS4-029,OSS 120b,1,"The answer correctly explains that the similarity in early embryos indicates a distant common ancestor and that later differences arise, matching the evolutionary pattern the question asks about."
MS-LS4-029,Gemini Flash 3,1,The answer accurately identifies that early embryological similarities provide evidence for common ancestry and that developmental differences emerge as species differentiate from their shared evolutionary path.
MS-LS4-030,OSS 120b,1,"The answer correctly identifies the light gray beetle as having higher survival and reproductive chances due to camouflage, directly linking trait variation to fitness in the given environment."
MS-LS4-030,Nemotron 3 Super 120b a12,1,"The answer correctly identifies the light gray beetle as more likely to survive due to camouflage, explaining how the trait variation increases survival and reproduction in the given environment."
MS-LS4-030,Gemini Flash 3,1,"The answer correctly identifies the advantageous trait and explains how it increases the probability of survival and reproduction within the specific environment, fulfilling the requirements of the standard."
MS-LS4-031,Nemotron 3 Super 120b a12,1,"The answer correctly explains that genetic variation in running speed leads to differential survival and reproduction under predation, showing how a beneficial trait becomes more common, which satisfies MS-LS4-4."
MS-LS4-031,OSS 120b,1,"The answer accurately explains natural selection: faster rabbits survive and reproduce more, increasing the fast‐running trait while the slow trait declines, fulfilling the standard."
MS-LS4-032,Nemotron 3 Super 120b a12,1,"The answer correctly identifies that dark-colored fish have a survival advantage due to camouflage on dark volcanic rock, links this to higher reproductive success, and notes the trait can be passed on, fulfilling the standard's requirement."
MS-LS4-032,OSS 120b,1,"The answer correctly identifies dark-colored fish as having higher survival and reproductive chances due to camouflage, fully addressing the question."
MS-LS4-031,Gemini Flash 3,1,The answer accurately describes the process of natural selection by connecting genetic variation to survival and reproductive success in a specific environment.
MS-LS4-033,OSS 120b,1,"The answer correctly explains that thicker fur provides a survival advantage in the cold, leading to higher reproductive success and transmission of the trait, fulfilling the standard."
MS-LS4-033,Nemotron 3 Super 120b a12,1,"The answer correctly explains that thicker fur improves insulation, increasing survival and reproduction, thereby passing the advantageous trait to offspring, which satisfies the standard."
MS-LS4-034,Nemotron 3 Super 120b a12,1,The answer correctly links the genetic variation for deeper roots to increased survival and reproduction in a dry environment.
MS-LS4-033,Gemini Flash 3,1,"The answer accurately describes the mechanism of natural selection by linking a specific genetic trait to increased survival and reproductive success in a given environment, directly addressing the requirements of MS-LS4-4."
MS-LS4-032,Gemini Flash 3,1,"The answer correctly identifies the advantageous trait, explains the mechanism of survival (camouflage), and connects survival to increased reproductive success and the passing on of traits as required by the standard."
MS-LS4-023,Gemini Flash 3,1,"The answer correctly identifies that identical fossil distribution across distant landmasses is a key pattern used to infer past geological connections and environmental changes, which aligns with the requirements of MS-LS4-1."
MS-LS4-034,OSS 120b,1,"The answer correctly identifies the deep‑rooted plant as more likely to survive and reproduce, and explains the adaptive advantage in the dry environment."
MS-LS4-035,Nemotron 3 Super 120b a12,1,"The answer correctly predicts increased milk production due to the spread of high‑milk‑output genes via artificial insemination, aligning with the standard."
MS-LS4-034,Gemini Flash 3,1,"The answer accurately identifies the advantageous trait, explains why it aids survival in a dry environment, and correctly links survival to successful reproduction and inheritance of the trait."
MS-LS4-036,Nemotron 3 Super 120b a12,1,"The answer correctly states that the insect would be killed or harmed by the Bt toxin produced in the GMO corn, which directly addresses the question."
MS-LS4-035,OSS 120b,1,"The answer correctly predicts increased milk production due to the spread of high‑milk genes via artificial insemination, adequately addressing the question."
MS-LS4-036,OSS 120b,1,"The answer correctly states that the insect would likely die or be harmed because the GMO corn produces a toxin that kills insects that eat it, directly addressing the question."
MS-LS4-024,Gemini Flash 3,1,"The answer correctly addresses the concepts of change and extinction over geological time, which are key components of the MS-LS4-1 standard, by explaining that older layers contain fewer species that still exist today."
MS-LS4-035,Gemini Flash 3,1,The answer accurately predicts the increase in milk production and explains the mechanism of genetic inheritance facilitated by artificial insemination technology.
MS-LS4-036,Gemini Flash 3,1,"The answer accurately describes the effect of Bt corn on target pests and identifies the mechanism as a genetically engineered protein, which directly aligns with the standard's focus on technologies that influence traits."
MS-LS4-037,OSS 120b,1,The answer correctly explains that the shift in wing‑color frequencies reflects natural selection favoring dark‑winged moths due to better camouflage on the dark bark.
MS-ESS1-001,Nemotron 3 Super 120b a12,1,"The answer correctly describes waxing as increasing illumination and waning as decreasing illumination, which fully addresses the question about the difference between the two."
MS-ESS1-001,OSS 120b,1,"The answer correctly explains that waxing moons increase in illumination each night and waning moons decrease, fully addressing the asked difference."
MS-ESS1-002,OSS 120b,1,The answer correctly identifies summer as the season when the Northern Hemisphere is tilted toward the Sun.
MS-ESS1-002,Nemotron 3 Super 120b a12,1,"The answer correctly states that the Northern Hemisphere is tilted toward the Sun during summer and provides appropriate supporting detail, fully answering the question."
MS-LS4-037,Gemini Flash 3,1,"The answer correctly uses the provided data to explain how environmental changes led to differential survival and a shift in trait frequency over generations, satisfying the standard."
MS-ESS1-003,OSS 120b,1,"The answer correctly defines revolution as Earth's orbit around the Sun and notes its approximate duration, fully addressing the question."
MS-ESS1-001,Gemini Flash 3,1,The answer accurately describes the fundamental difference between waxing and waning moon phases by correctly identifying the change in visible illumination over time.
MS-LS4-037,Nemotron 3 Super 120b a12,1,"The answer correctly interprets the percentage shift as natural selection favoring dark‑winged moths due to better camouflage on dark bark, leading to higher survival and reproduction and thus an increase in the dark trait frequency over generations."
MS-ESS1-003,Nemotron 3 Super 120b a12,1,"Revolution correctly describes Earth's orbit around the Sun, taking about 365.25 days, which matches the standard's expectation for describing Earth's motion."
MS-ESS1-002,Gemini Flash 3,1,The answer correctly identifies summer as the season when the Northern Hemisphere tilts toward the Sun and accurately explains the resulting effects on sunlight and day length.
MS-ESS1-004,OSS 120b,1,"The answer correctly identifies gravity as the force that holds a galaxy together, aligning with the standard's focus on gravity's role in galactic motions."
MS-ESS1-004,Gemini Flash 3,1,"The answer accurately identifies gravity as the force responsible for binding a galaxy's components, which directly addresses the core concept of the MS-ESS1-2 standard."
MS-ESS1-003,Gemini Flash 3,1,"The answer accurately defines Earth's revolution as its orbital motion around the Sun and provides the correct timeframe, which is fundamental to understanding the cyclic patterns mentioned in the standard."
MS-ESS1-004,Nemotron 3 Super 120b a12,1,"The answer correctly states that gravity holds a galaxy together via the combined gravitational attraction of its stars, gas, dust, and other matter, which satisfies the standard's focus on gravity's role in galactic motions."
MS-ESS1-005,OSS 120b,1,"The answer correctly states that greater mass results in a stronger gravitational pull, which adequately addresses the question."
MS-ESS1-006,Nemotron 3 Super 120b a12,1,"The answer correctly states that gravitational force decreases with increasing distance, which aligns with the inverse‑square law and sufficiently addresses the question for the middle‑school standard."
MS-ESS1-005,Nemotron 3 Super 120b a12,1,"The answer correctly states that gravitational pull increases with mass, directly addressing the question and aligning with the MS‑ESS1‑2 standard."
MS-ESS1-006,Gemini Flash 3,1,"The answer accurately describes the inverse relationship between distance and gravitational force, which is a key concept for middle school students under standard MS-ESS1-2."
MS-ESS1-005,Gemini Flash 3,1,"The answer accurately describes the direct relationship between mass and gravitational force, which is a fundamental concept for understanding gravity's role in the solar system."
MS-ESS1-006,OSS 120b,1,"The answer correctly states that increasing distance reduces the gravitational force, accurately addressing how distance affects gravity."
MS-ESS1-008,OSS 120b,1,"The answer correctly defines an AU as the average Earth‑Sun distance (~150 million km) and notes its use for solar‑system distances, satisfying the question."
MS-ESS1-007,Gemini Flash 3,1,"The answer accurately lists all eight planets in the correct orbital sequence from the Sun, which is a fundamental requirement for understanding spatial relationships in the solar system."
MS-ESS1-007,OSS 120b,1,The answer correctly lists all eight planets in the proper order from closest to farthest from the Sun.
MS-ESS1-009,OSS 120b,1,"The answer correctly gives the approximate number of Earths (≈1,300) that would fit inside Jupiter."
MS-ESS1-007,Nemotron 3 Super 120b a12,1,The reference answer correctly lists the eight planets in order from closest to farthest from the Sun.
MS-ESS1-008,Gemini Flash 3,1,"The answer provides a scientifically accurate definition, numerical value, and explanation of its use in measuring the solar system, which aligns well with the scale property requirements of MS-ESS1-3."
MS-ESS1-010,OSS 120b,1,"The answer correctly states Neptune's average distance as about 30 AU, which directly answers the question."
MS-ESS1-009,Nemotron 3 Super 120b a12,1,"Jupiter's volume is about 1,300 times that of Earth, making the statement accurate."
MS-ESS1-010,Nemotron 3 Super 120b a12,1,"The answer correctly states Neptune's average distance from the Sun is about 30 AU, which accurately addresses the question."
MS-ESS1-009,Gemini Flash 3,1,"The answer is factually accurate as approximately 1,300 Earths fit within the volume of Jupiter, representing a core scale property required by the standard."
MS-ESS1-008,Nemotron 3 Super 120b a12,1,The answer correctly defines an astronomical unit as the average Earth‑Sun distance (~150 million km) and notes its use for measuring solar‑system distances.
MS-ESS1-010,Gemini Flash 3,1,The answer is factually accurate as Neptune's average distance from the Sun is approximately 30.07 astronomical units.
MS-ESS1-012,OSS 120b,1,"The answer correctly identifies Ceres as the dwarf planet in the asteroid belt, fully addressing the question."
MS-ESS1-011,OSS 120b,1,"The answer accurately states the IAU definitions distinguishing planets and dwarf planets, covering orbital criteria, shape, and orbital clearing."
MS-ESS1-011,Nemotron 3 Super 120b a12,1,"The answer correctly states that both planets and dwarf planets orbit the Sun and are spherical, but only planets have cleared their orbital neighborhoods, which is the key distinction per the IAU definition."
MS-ESS1-013,OSS 120b,1,"The answer correctly identifies Saturn as the planet with the largest ring system, fully addressing the question."
MS-ESS1-013,Nemotron 3 Super 120b a12,1,"Saturn indeed possesses the largest and most prominent ring system among the planets, directly answering the question."
MS-ESS1-012,Nemotron 3 Super 120b a12,1,"Ceres is indeed the dwarf planet located in the asteroid belt, and the answer correctly names it while providing appropriate contextual information."
MS-ESS1-011,Gemini Flash 3,1,"The answer accurately reflects the International Astronomical Union's definitions, correctly identifying the 'clearing of the orbital neighborhood' as the primary distinction between a planet and a dwarf planet."
MS-ESS1-012,Gemini Flash 3,1,"Ceres is the only dwarf planet located in the asteroid belt, and the answer correctly identifies it and its location."
MS-ESS1-014,OSS 120b,1,"The answer correctly states the Sun's diameter (~1.4 million km) and the approximate 109‑fold larger size relative to Earth's diameter, satisfying the question."
MS-ESS1-013,Gemini Flash 3,1,"The answer accurately identifies Saturn as having the largest ring system, which is a correct and appropriate identification of a scale property for the solar system."
MS-ESS1-015,OSS 120b,1,"The answer correctly identifies the largest division of the geologic time scale as an eon, fully addressing the question."
MS-ESS1-014,Nemotron 3 Super 120b a12,1,"The answer correctly states the Sun's diameter (~1.4 million km) and its approximate ratio to Earth's diameter (~109 times), providing both absolute and relative scale as required."
MS-ESS1-015,Nemotron 3 Super 120b a12,1,"An eon is indeed the largest division of the geologic time scale, making the answer correct and sufficient for the question."
MS-ESS1-014,Gemini Flash 3,1,"The answer provides an accurate numerical diameter for the Sun and a correct scale ratio relative to Earth, directly addressing the scale properties required by the standard."
MS-ESS1-016,Nemotron 3 Super 120b a12,1,"The Phanerozoic Eon is the correct name of the current geologic eon, and the answer directly provides it."
MS-ESS1-017,OSS 120b,1,The answer correctly identifies the Mesozoic Era as the 'Age of Dinosaurs' and provides accurate supporting detail.
MS-ESS1-017,Nemotron 3 Super 120b a12,1,"The answer correctly identifies the Mesozoic Era as the 'Age of Dinosaurs' and provides accurate supporting details, fully satisfying the question."
MS-ESS1-016,OSS 120b,1,"The answer correctly identifies the current geologic eon as the Phanerozoic, which fully answers the question."
MS-ESS1-015,Gemini Flash 3,1,"The answer correctly identifies the eon as the largest formal unit of geologic time, which is accurate and appropriate for the middle-school level."
MS-ESS1-016,Gemini Flash 3,1,"The Phanerozoic Eon is the correct scientific term for the current geologic eon, which began approximately 541 million years ago."
MS-ESS1-017,Gemini Flash 3,1,The reference answer correctly identifies the Mesozoic Era as the 'Age of Dinosaurs' and provides accurate chronological boundaries suitable for the middle-school level.
MS-ESS1-019,OSS 120b,1,"The answer correctly explains that the Moon's orbital tilt prevents alignment with the Sun each month, which is the key reason solar eclipses are not monthly."
MS-ESS1-018,OSS 120b,1,"The answer correctly states that a solar eclipse requires the Moon to be between Earth and the Sun, which only occurs at new moon, adequately addressing the question."
MS-ESS1-018,Nemotron 3 Super 120b a12,1,"The answer correctly explains that a solar eclipse requires the Moon to be directly between Earth and the Sun, which only occurs at new moon, aligning with the standard's focus on cyclic patterns."
MS-ESS1-020,OSS 120b,1,"The answer correctly explains that Earth's axial tilt causes the Northern Hemisphere to receive more direct sunlight (summer) while the Southern Hemisphere receives less (winter), matching the standard."
MS-ESS1-019,Nemotron 3 Super 120b a12,1,"The answer correctly identifies the ~5° tilt of the Moon's orbit relative to Earth's orbital plane as the reason solar eclipses do not occur every new moon, which is sufficient for the middle‑school standard."
MS-ESS1-021,Nemotron 3 Super 120b a12,1,"The answer correctly explains that a lunar eclipse requires Earth to be between the Sun and Moon, which only occurs during the full moon phase."
MS-ESS1-018,Gemini Flash 3,1,The answer correctly identifies that the specific alignment required for a solar eclipse—the Moon positioned between the Earth and the Sun—is the defining geometry of a new moon.
MS-ESS1-020,Nemotron 3 Super 120b a12,1,The answer correctly explains that opposite seasons result from Earth's axial tilt causing the Northern Hemisphere to receive more direct sunlight while the Southern Hemisphere receives less.
MS-ESS1-021,OSS 120b,1,"The answer correctly explains that a lunar eclipse requires Earth to be between the Sun and Moon, which only occurs at full moon, fully addressing the question."
MS-ESS1-019,Gemini Flash 3,1,"The answer accurately identifies the 5-degree orbital tilt as the reason the Moon usually passes above or below the Sun during a new moon, preventing a monthly solar eclipse."
MS-ESS1-022,OSS 120b,1,"The answer correctly explains that atmospheric refraction and scattering let red/orange light reach the Moon during an eclipse, causing its reddish appearance."
MS-ESS1-020,Gemini Flash 3,1,"The answer accurately explains that the Earth's axial tilt causes one hemisphere to receive more direct sunlight than the other, which is the primary cause for the difference in seasons."
MS-ESS1-022,Nemotron 3 Super 120b a12,1,"The answer correctly explains that Earth's atmosphere refracts and scatters sunlight, allowing red and orange wavelengths to illuminate the Moon during a lunar eclipse."
MS-ESS1-023,OSS 120b,1,"The answer correctly explains that seasons result from Earth's axial tilt combined with its 365‑day orbit, so the pattern repeats yearly, not monthly."
MS-ESS1-024,OSS 120b,1,"The answer correctly explains that the tilt causes sunlight to strike more directly in summer, concentrating energy and making it stronger and warmer, which fully addresses the question."
MS-ESS1-022,Gemini Flash 3,1,"The answer accurately explains how Earth's atmosphere refracts and scatters sunlight, allowing longer red wavelengths to reach and illuminate the Moon during a lunar eclipse."
MS-ESS1-023,Nemotron 3 Super 120b a12,1,"The answer correctly explains that seasons follow Earth's yearly orbit and the constant axial tilt, which produces one seasonal cycle per year rather than a monthly one."
MS-ESS1-021,Gemini Flash 3,1,"The answer accurately describes the geometric alignment of the Sun, Earth, and Moon required for a lunar eclipse and correctly identifies that this positioning only occurs during the full moon phase."
MS-ESS1-023,Gemini Flash 3,1,The answer correctly identifies that the seasonal cycle is determined by the duration of Earth's orbit around the Sun combined with its axial tilt.
MS-ESS1-024,Nemotron 3 Super 120b a12,1,"The answer correctly explains that the Earth's tilt causes more direct sunlight in summer, concentrating energy over a smaller area, which makes sunlight stronger and warmer than in winter."
MS-ESS1-025,OSS 120b,1,"The answer correctly explains that the Moon's relatively small size creates a narrow umbra, limiting the eclipse shadow to a small area on Earth."
MS-ESS1-025,Nemotron 3 Super 120b a12,1,"The answer correctly explains that the Moon's smaller size relative to the Sun creates a narrow umbral shadow, limiting the eclipse to a small area on Earth, which addresses the question adequately for the standard."
MS-ESS1-024,Gemini Flash 3,1,"The answer accurately explains how the Earth's tilt affects the angle of sunlight and the concentration of solar energy, which is the primary driver of seasonal temperature differences."
MS-ESS1-027,Nemotron 3 Super 120b a12,1,"The answer correctly describes the Moon’s orbit as a balance between Earth’s gravitational pull and the Moon’s tangential velocity, which is sufficient for the middle‑school standard."
MS-ESS1-026,Nemotron 3 Super 120b a12,1,"The answer correctly identifies the Sun's gravitational pull as the force that keeps planets in orbit, matching the standard's focus on gravity's role in solar system motions."
MS-ESS1-026,OSS 120b,1,"The answer correctly explains that the Sun’s gravity pulls on the planets, curving their motion into an orbit rather than letting them fly away, matching the standard’s focus on gravity’s role."
MS-ESS1-027,OSS 120b,1,"The answer accurately describes how Earth's gravity and the Moon's sideways motion combine to produce a stable orbit, meeting the standard."
MS-ESS1-026,Gemini Flash 3,1,"The answer accurately explains how gravity acts as a centripetal force to keep planets in orbit, which directly addresses the core concepts of the MS-ESS1-2 standard."
MS-ESS1-025,Gemini Flash 3,1,"The answer accurately explains that the Moon's smaller size relative to the Sun creates a narrow, tapering shadow cone (umbra) that only reaches a small portion of Earth's surface."
MS-ESS1-028,Nemotron 3 Super 120b a12,1,"The answer correctly explains that stronger gravitational pull at smaller distances requires a higher orbital speed to balance the centripetal force, consistent with Kepler's third law."
MS-ESS1-027,Gemini Flash 3,1,"The answer correctly explains the relationship between Earth's gravitational pull and the Moon's tangential velocity, which is the fundamental concept required by the MS-ESS1-2 standard for describing orbital motion."
MS-ESS1-028,OSS 120b,1,"The answer correctly explains that stronger gravitational attraction nearer the Sun requires higher orbital speed, matching the expected explanation for the standard."
MS-ESS1-029,Nemotron 3 Super 120b a12,1,"The answer correctly explains that gravitational pull from the Sun or planets bends the trajectories of asteroids and comets into curved or elliptical paths, with greater curvature when passing closer to massive objects."
MS-ESS1-028,Gemini Flash 3,1,"The answer accurately explains that stronger gravitational forces at closer distances require higher speeds to maintain a stable orbit, which is appropriate for the MS-ESS1-2 standard."
MS-ESS1-029,OSS 120b,1,"The answer correctly explains that gravitational attraction from the Sun or planets pulls asteroids and comets, bending their trajectories into curved, often elliptical, paths, with stronger curvature near more massive objects."
MS-ESS1-029,Gemini Flash 3,1,"The answer accurately describes how gravitational attraction from massive objects like the Sun pulls on moving bodies to bend their straight-line motion into curved orbits, which is appropriate for the MS-ESS1-2 standard."
MS-ESS1-030,OSS 120b,1,"The answer accurately explains that gravity captures material and, with the appropriate speed, sustains a stable orbit, adequately covering both moon formation and orbital maintenance."
MS-ESS1-031,OSS 120b,1,"The answer correctly explains that the planets share a common orbital plane because they formed from a flattened, rotating protoplanetary disk created by gravity and angular momentum conservation."
MS-ESS1-031,Nemotron 3 Super 120b a12,1,"The answer correctly describes how gravitational collapse of a rotating cloud leads to a flattened disk, explaining the common orbital plane of planets."
MS-ESS1-032,Nemotron 3 Super 120b a12,1,"The answer correctly explains that outer planets have larger orbits and slower speeds due to weaker solar gravity, which together account for their longer orbital periods."
MS-ESS1-032,OSS 120b,1,"The answer correctly explains that greater distance leads to a larger orbital path and slower orbital speed due to weaker solar gravity, which together lengthen orbital periods."
MS-ESS1-033,OSS 120b,1,"The answer correctly explains that Jupiter appears small due to its great distance, linking apparent size to distance and actual size, which satisfies the standard."
MS-ESS1-030,Nemotron 3 Super 120b a12,1,"The answer correctly describes gravity capturing material and maintaining a stable orbit with appropriate speed, which aligns with the standard's focus on gravity's role in solar system motions."
MS-ESS1-033,Nemotron 3 Super 120b a12,1,"The answer correctly explains that apparent size depends on both actual size and distance, noting Jupiter's great distance makes it appear small despite its large size."
MS-ESS1-031,Gemini Flash 3,1,"The answer accurately explains how gravity and rotation led to the formation of a protoplanetary disk, which dictates the orbital plane of the planets."
MS-ESS1-032,Gemini Flash 3,1,The answer correctly identifies both the increased distance of the orbit and the slower orbital speed due to weaker gravity as reasons for the longer orbital periods of outer planets.
MS-ESS1-034,Nemotron 3 Super 120b a12,1,The answer correctly explains that the vast distances between solar‑system objects relative to their sizes make a true‑to‑scale model impossible to fit on a single sheet of paper.
MS-ESS1-034,OSS 120b,1,The answer correctly explains that the immense disparity between planetary sizes and interplanetary distances makes a paper‑size scale model impractical.
MS-ESS1-033,Gemini Flash 3,1,"The answer accurately explains that an object's apparent size is determined by the relationship between its actual size and its distance from the observer, which directly addresses the standard's focus on scale properties."
MS-ESS1-035,OSS 120b,1,"The answer correctly explains that greater distance means less solar energy per unit area, leading to lower temperatures, which adequately addresses the question."
MS-ESS1-030,Gemini Flash 3,1,The answer correctly explains that gravity provides the force to capture material and maintain the curved orbital path required for a moon to stay in orbit.
MS-ESS1-036,OSS 120b,1,"The answer correctly explains that stronger solar gravity closer to the Sun results in higher orbital speeds, which adequately addresses the question."
MS-ESS1-034,Gemini Flash 3,1,"The answer accurately identifies the extreme disparity between planetary sizes and interplanetary distances, which is the core challenge in creating accurate scale models of the solar system."
MS-ESS1-035,Nemotron 3 Super 120b a12,1,"The answer correctly explains that solar intensity decreases with distance via the inverse‑square law, which directly determines surface temperature."
MS-ESS1-035,Gemini Flash 3,1,The answer accurately explains the inverse relationship between distance and solar energy intensity using an appropriate analogy for the middle school level.
MS-ESS1-037,OSS 120b,1,"The answer correctly explains that the Sun's dominant mass comes from its gravitational accumulation of nearly all the material in the protosolar cloud, accounting for ~99.8% of the system's mass."
MS-ESS1-036,Nemotron 3 Super 120b a12,1,"The answer correctly states that stronger solar gravity near the Sun requires higher orbital speed, which aligns with the inverse‑square law and centripetal force relationship for planetary orbits."
MS-ESS1-038,Nemotron 3 Super 120b a12,1,"The answer correctly explains that the large distances to the outer planets require long travel times, addressing the scale property concept."
MS-ESS1-038,OSS 120b,1,"The answer correctly explains that the vast distances to the outer planets, despite high spacecraft speeds, cause long travel times."
MS-ESS1-036,Gemini Flash 3,1,"The answer accurately explains the relationship between distance, gravitational strength, and orbital velocity, which is appropriate for middle-school understanding of solar system dynamics."
MS-ESS1-037,Nemotron 3 Super 120b a12,1,"The answer correctly explains that the Sun formed from the collapsing solar nebula and gathered most of the material due to gravity, which addresses why it contains about 99.8% of the solar system's total mass."
MS-ESS1-037,Gemini Flash 3,1,"The answer accurately explains the mechanism of gravity and the formation of the solar system to account for the Sun's disproportionate mass, which is a key scale property."
MS-ESS1-038,Gemini Flash 3,1,The answer accurately addresses the scale of the solar system by comparing the immense distances to outer planets with the relative speeds of spacecraft to explain the travel time.
MS-ESS1-040,Nemotron 3 Super 120b a12,1,"The answer correctly cites the principle of superposition to explain how rock layers reveal chronological order, which satisfies the middle‑school expectation."
MS-ESS1-039,Nemotron 3 Super 120b a12,1,"The answer correctly identifies the Earth‑Sun distance as the astronomical unit used as a standard scale for measuring and comparing solar‑system distances, which directly addresses why it is important for discussing scale."
MS-ESS1-039,OSS 120b,1,"The answer correctly explains that the Sun‑Earth distance defines the astronomical unit, a standard scale for measuring and comparing distances in the solar system."
MS-ESS1-039,Gemini Flash 3,1,"The answer accurately identifies the Earth-Sun distance as the definition of an Astronomical Unit (AU), which is the primary benchmark used for scaling and comparing distances within our solar system."
MS-ESS1-041,OSS 120b,1,"The answer correctly explains that divisions reflect unevenly spaced major geological and biological events, not equal time intervals."
MS-ESS1-041,Nemotron 3 Super 120b a12,1,"The answer correctly states that divisions are based on irregularly occurring major events (e.g., mass extinctions, life‑form changes) recorded in rock strata, explaining why their lengths differ."
MS-ESS1-040,Gemini Flash 3,1,"The answer accurately explains the Law of Superposition, which is the fundamental principle used to determine the chronological order of events in the geologic time scale from rock strata."
MS-ESS1-041,Gemini Flash 3,1,"The answer accurately explains that geologic time divisions are defined by significant, irregularly occurring events such as mass extinctions and changes in the fossil record."
MS-ESS1-042,OSS 120b,1,"The answer correctly explains the principle of superposition, stating that sediments are deposited sequentially with newer layers on top, making the bottom layers the oldest."
MS-ESS1-042,Gemini Flash 3,1,The answer accurately describes the principle of superposition by explaining that sediment accumulates over time with new layers forming on top of older ones.
MS-ESS1-040,OSS 120b,1,"The answer correctly explains that sedimentary layers are deposited sequentially with older layers beneath younger ones, allowing scientists to determine the chronological order of events."
MS-ESS1-043,Nemotron 3 Super 120b a12,1,"The answer correctly explains that sediment deposition rates vary, making layer thickness an unreliable age indicator without additional dating methods, which aligns with the standard's emphasis on using multiple lines of evidence to interpret geologic time."
MS-ESS1-044,OSS 120b,1,"The answer correctly explains that opposite seasons are due to Earth's axial tilt, which is the key concept required by the standard."
MS-ESS1-042,Nemotron 3 Super 120b a12,1,"The answer correctly explains that older layers are at the bottom due to the principle of superposition, which is sufficient for the standard."
MS-ESS1-044,Nemotron 3 Super 120b a12,1,"The answer correctly explains that opposite seasons result from Earth's axial tilt, matching the standard's expectation."
MS-ESS1-043,Gemini Flash 3,1,The answer accurately explains that variable sedimentation rates make thickness an unreliable indicator of age and correctly identifies the need for methods like radiometric dating for precise timing.
MS-ESS1-044,Gemini Flash 3,1,The answer accurately explains that Earth's axial tilt causes opposite seasons in the Northern and Southern Hemispheres depending on which is tilted toward or away from the Sun.
MS-ESS1-045,Gemini Flash 3,1,"The answer accurately states that a lack of axial tilt would result in constant sunlight angles and temperatures at any given latitude, effectively eliminating distinct seasons."
MS-ESS1-046,OSS 120b,1,"The answer correctly states that shadows are shorter at noon on the summer solstice due to the Sun's higher position and longer on the winter solstice, fully addressing the question."
MS-ESS1-046,Gemini Flash 3,1,The answer accurately explains that the higher solar altitude during the summer solstice results in shorter shadows compared to the lower solar altitude during the winter solstice.
MS-ESS1-043,OSS 120b,1,The answer correctly explains that variable sedimentation rates make thickness an unreliable age indicator and notes the need for additional evidence such as radiometric dating.
MS-ESS1-046,Nemotron 3 Super 120b a12,1,"The answer correctly explains that the shadow is shorter at summer solstice because the Sun is higher in the sky, which aligns with the expected understanding of solar altitude and shadow length."
MS-ESS1-047,Nemotron 3 Super 120b a12,0,The statement that solar eclipses happen roughly every 18 months at any given location is inaccurate—they are far rarer for a specific site—so the answer is misleading despite correctly noting the weekly impossibility.
MS-ESS1-045,OSS 120b,1,"The answer correctly states that with zero axial tilt there would be no seasons, so summers and winters would not occur and temperatures would remain roughly constant year‑round."
MS-ESS1-045,Nemotron 3 Super 120b a12,1,"The answer correctly explains that without axial tilt there would be no seasonal variation in solar insolation, which is the primary cause of seasons as described in MS-ESS1-1."
MS-ESS1-048,Nemotron 3 Super 120b a12,1,"On either equinox, the Sun is above the horizon for roughly half the day at all latitudes, so both New York City and Sydney experience about 12 hours of daylight and 12 hours of night."
MS-ESS1-047,OSS 120b,1,"The answer correctly states that solar eclipses cannot occur a week apart at the same location and explains the rarity and orbital alignment required, adequately addressing the question."
MS-ESS1-048,OSS 120b,1,"The answer correctly states that both locations experience roughly 12 hours of daylight on the equinox, which aligns with the expected response for the standard."
MS-ESS1-048,Gemini Flash 3,1,The answer accurately states that both locations experience approximately 12 hours of daylight on the equinox and correctly explains the phenomenon based on Earth's axial tilt relative to the Sun.
MS-ESS1-050,Nemotron 3 Super 120b a12,1,"The answer correctly states that without gravity planets would move in straight‑line inertial motion at their current speed, which aligns with Newton’s first law and the standard’s focus on gravity’s role in orbital motion."
MS-ESS1-050,OSS 120b,1,"The answer correctly explains that without gravity the planets would cease orbiting and move away in straight lines, accurately reflecting gravity's role in solar system motion."
MS-ESS1-049,Nemotron 3 Super 120b a12,1,"Doubling the Sun's mass increases gravitational pull on Earth, which would cause Earth to fall into a tighter, faster orbit, matching the expected qualitative outcome."
MS-ESS1-049,OSS 120b,1,"The answer correctly states that increased solar mass strengthens gravity, causing Earth’s orbit to move closer and the orbital speed to increase, which aligns with the expected outcome for this standard."
MS-ESS1-051,Nemotron 3 Super 120b a12,1,"The answer correctly explains that the Sun's gravitational pull increases as the comet approaches, causing greater acceleration and thus higher speed near the Sun."
MS-ESS1-051,OSS 120b,1,"The answer correctly explains that the Sun’s gravitational pull increases with proximity, accelerating the comet and causing it to move faster near the Sun."
MS-ESS1-050,Gemini Flash 3,1,"The answer accurately describes the result of removing gravity based on Newton's First Law of Motion, which explains that planets would continue in a straight line at a constant speed due to inertia."
MS-ESS1-049,Gemini Flash 3,1,"The answer accurately describes how an increase in the Sun's mass would increase gravitational pull, resulting in a closer and faster orbit for Earth, which aligns with the physical principles required by the middle-school standard."
MS-ESS1-052,Nemotron 3 Super 120b a12,1,"The answer correctly explains that Earth's gravity provides the centripetal force that bends the Moon's motion into a stable orbit, which directly addresses the standard's description of gravity's role in solar system motions."
MS-ESS1-053,OSS 120b,1,The answer correctly states the planet would orbit slower and gives an appropriate reason about weaker solar gravity and the need for lower orbital speed.
MS-ESS1-052,OSS 120b,1,"The answer correctly explains that Earth's gravity pulls the Moon inward, curving its motion into an orbit rather than letting it fly off, aligning with the standard."
MS-ESS1-053,Nemotron 3 Super 120b a12,1,"The answer correctly states that a more distant planet would orbit slower due to the Sun's weaker gravitational pull at greater distance, which aligns with Kepler's third law and the orbital speed formula v = √(GM/r)."
MS-ESS1-051,Gemini Flash 3,1,The answer correctly identifies that the increasing gravitational force at closer distances causes the comet to accelerate and gain speed.
MS-ESS1-054,OSS 120b,1,"The answer correctly explains that the galaxy's overall gravity, from all its mass (including dark matter), holds stars in orbit around the center, preventing them from drifting apart."
MS-ESS1-052,Gemini Flash 3,1,"The answer accurately explains that Earth's gravity acts as a centripetal force that pulls the Moon toward Earth, counteracting its inertia and keeping it in a stable orbit."
MS-ESS1-053,Gemini Flash 3,1,"The answer accurately applies the relationship between gravitational force and distance to conclude that a more distant planet orbits at a slower velocity, which is appropriate for the middle-school level."
MS-ESS1-054,Nemotron 3 Super 120b a12,1,"The answer correctly states that the galaxy's collective gravitational attraction provides the centripetal force that keeps stars in orbit, preventing them from drifting apart."
MS-ESS1-054,Gemini Flash 3,1,"The answer accurately identifies that the collective gravitational pull of all mass in the galaxy keeps stars in orbital paths, which directly addresses the mechanism required by the MS-ESS1-2 standard."
MS-ESS1-056,Nemotron 3 Super 120b a12,1,"The answer correctly describes gravity as the centripetal force that continuously pulls the ISS and astronauts toward Earth, while their high tangential speed causes them to fall around Earth's curvature, resulting in a stable orbit."
MS-ESS1-055,OSS 120b,1,"The answer correctly explains that halving Earth's mass weakens its gravity, causing the Moon to move to a higher orbit and orbit more slowly, which fully addresses the question."
MS-ESS1-056,OSS 120b,1,"The answer correctly explains that Earth's gravity continuously pulls the ISS and astronauts toward Earth while their orbital speed causes them to fall around the planet, keeping them in orbit instead of escaping."
MS-ESS1-047,Gemini Flash 3,0,"While the answer correctly identifies the requirement of a new moon phase, it contains a significant factual error stating that solar eclipses occur every 18 months at any given location, which is the global frequency rather than the local one."
MS-ESS1-055,Nemotron 3 Super 120b a12,1,"The answer correctly states that halving Earth's mass weakens its gravitational pull, causing the Moon to drift to a farther distance and orbit more slowly, which correctly describes gravity's role in orbital motion."
MS-ESS1-056,Gemini Flash 3,1,"The answer accurately describes how gravity acts as a centripetal force to keep the station in orbit by balancing its forward velocity, which directly aligns with the standard's requirements."
MS-ESS1-059,Nemotron 3 Super 120b a12,1,"Multiplying the given 30 Earth-diameters by the model Earth diameter of 2 cm yields 60 cm, which correctly gives the Earth‑Moon separation."
MS-ESS1-058,OSS 120b,1,The answer correctly calculates Earth’s relative width as about 1 cm (≈1/11 of Jupiter’s 11 cm) and provides the appropriate reasoning.
MS-ESS1-057,OSS 120b,1,"The answer correctly identifies a marble as the closest analogue, accurately reflecting the size ratio between Jupiter and Earth."
MS-ESS1-057,Nemotron 3 Super 120b a12,1,"The answer correctly uses Jupiter’s ~11× Earth diameter to scale Earth to ~0.86 inches, which is nearest to a marble among the given objects."
MS-ESS1-059,OSS 120b,1,"The answer correctly multiplies 30 Earth-diameters by the model Earth diameter (2 cm) to get 60 cm, which fully answers the question."
MS-ESS1-058,Nemotron 3 Super 120b a12,1,The answer correctly calculates Earth's width using the diameter ratio and provides appropriate reasoning for the scale property.
MS-ESS1-058,Gemini Flash 3,1,The answer accurately identifies the 1:11 size ratio between Earth and Jupiter and correctly calculates the scaled width for the drawing.
MS-ESS1-059,Gemini Flash 3,1,The calculation correctly applies the scale factor (30 Earth-diameters × 2 cm/Earth-diameter) to find the model distance of 60 cm.
MS-ESS1-060,OSS 120b,1,"The answer correctly refutes the classmate, explains that pictures aren't to scale and that true scale models would have planets far apart and tiny, meeting the standard."
MS-ESS1-060,Gemini Flash 3,1,"The answer accurately addresses the misconception about solar system scale by explaining that distances between planets are vast compared to their sizes, which directly aligns with the MS-ESS1-3 standard."
MS-ESS1-060,Nemotron 3 Super 120b a12,1,"The answer correctly explains that typical solar system images are not to scale, notes the vast interplanetary distances relative to planet sizes, and concludes a true scale model would show planets far apart and tiny, directly addressing the question."
MS-ESS1-057,Gemini Flash 3,1,"The scaling ratio of approximately 11:1 is correct, and a marble (roughly 1.5-2 cm) is the most accurate representation of Earth's size relative to a basketball (roughly 24 cm)."
MS-ESS1-061,OSS 120b,1,The answer correctly states that deeper rocks are older and explains it using the principle of sedimentary layering and superposition.
MS-ESS1-061,Nemotron 3 Super 120b a12,1,"The answer correctly explains that deeper rocks are older because sediment layers accumulate over time, burying older layers beneath newer ones, which aligns with the principle of superposition expected for this standard."
MS-ESS1-062,OSS 120b,1,"The answer correctly links the lack of fossils in the lowest layer to an ancient, likely Precambrian age before abundant fossil-producing life existed."
MS-ESS1-063,OSS 120b,1,"The answer correctly explains that radiometric dating of the surrounding ash layers provides age bounds, allowing scientists to infer the fern layer formed between those dates."
MS-ESS1-061,Gemini Flash 3,1,"The answer correctly identifies and explains the Law of Superposition, which is the foundational principle for using rock strata to organize Earth's history as required by the standard."
MS-ESS1-062,Gemini Flash 3,1,The answer correctly applies the principle of superposition and the lack of complex fossils in the Precambrian era to interpret the age of the rock layer.
MS-ESS1-062,Nemotron 3 Super 120b a12,1,"The answer correctly links the lack of fossils to an early Precambrian age, offering a scientifically plausible explanation that aligns with using the geologic time scale to interpret rock strata."
MS-ESS1-063,Gemini Flash 3,1,The answer accurately explains how absolute dating of volcanic layers provides a bracketed age range for the sedimentary rock layer found between them.
MS-ESS1-063,Nemotron 3 Super 120b a12,1,"The answer correctly explains that radiometric dating of the volcanic ash layers provides absolute ages, allowing the fern-bearing layer to be bracketed between those ages, which aligns with using rock‑strata evidence to place events in the geologic time scale."
MS-ESS1-064,OSS 120b,1,The answer correctly states that the fossil sequence aligns with the geologic time scale and provides a concise explanation linking each fossil group to its corresponding era.
MS-ESS2-001,OSS 120b,1,"The answer correctly states that igneous rocks form by cooling and solidification of magma or lava, which directly addresses the formation process."
MS-ESS2-001,Nemotron 3 Super 120b a12,1,"The answer correctly states that igneous rocks form from the cooling and solidification of magma or lava, which accurately describes the process."
MS-ESS2-001,Gemini Flash 3,1,"The answer accurately describes the fundamental process of igneous rock formation from the cooling and solidification of molten rock, which is a core component of the rock cycle."
MS-ESS1-064,Nemotron 3 Super 120b a12,1,"The answer correctly states that fish fossils in lower strata, reptiles above, and mammals near the top correspond to the Paleozoic, Mesozoic, and Cenozoic eras, showing the expected chronological order predicted by the geologic time scale."
MS-ESS1-064,Gemini Flash 3,1,"The answer correctly identifies the sequence of fossils in rock strata according to the Law of Superposition and the chronological order of the Paleozoic, Mesozoic, and Cenozoic eras."
MS-ESS2-002,Nemotron 3 Super 120b a12,1,"The answer accurately defines sediments as weathered particles transported by water, wind, or ice, which is correct and sufficient for the middle‑school standard."
MS-ESS1-055,Gemini Flash 3,1,"The answer accurately describes the qualitative relationship between mass, gravitational force, and orbital dynamics (distance and speed) in a manner consistent with middle-school science standards."
MS-ESS2-003,Nemotron 3 Super 120b a12,1,"The answer correctly describes metamorphic rock formation via heat and pressure without melting, addressing the cycling of Earth's materials and energy flow as required by the standard."
MS-ESS2-002,OSS 120b,1,"The answer accurately defines sediments as weathered particles that can be transported and deposited, which aligns with the concept of Earth's material cycling."
MS-ESS2-003,OSS 120b,1,"The answer correctly describes metamorphic rock formation as alteration of existing rocks by intense heat and pressure without melting, which is adequate for the standard."
MS-ESS2-002,Gemini Flash 3,1,"The answer accurately defines sediments by their composition, formation through weathering, and transport by various agents, aligning with the standard's focus on material cycling."
MS-ESS2-004,Nemotron 3 Super 120b a12,1,"The answer accurately defines compaction and cementation and correctly describes their role in forming sedimentary rock, which satisfies the question and aligns with MS-ESS2-1."
MS-ESS2-005,Nemotron 3 Super 120b a12,1,"The answer correctly defines weathering as the breakdown of rocks and minerals at Earth's surface through physical, chemical, or biological processes."
MS-ESS2-003,Gemini Flash 3,1,The answer accurately identifies the key drivers of metamorphism—heat and pressure acting on existing rocks—while correctly specifying that the process occurs without the rock melting.
MS-ESS2-004,Gemini Flash 3,1,"The answer accurately defines both compaction and cementation and identifies their role in forming sedimentary rock, which aligns with the requirements of the standard."
MS-ESS2-006,Nemotron 3 Super 120b a12,1,"The answer correctly identifies tectonic plates and describes their nature, fully addressing the question."
MS-ESS2-004,OSS 120b,1,"The answer accurately and succinctly defines compaction and cementation as key processes that turn sediment into sedimentary rock, matching the required explanation."
MS-ESS2-005,Gemini Flash 3,1,"The definition is accurate, covers the key types of weathering, and describes a fundamental process involved in changing Earth's surface as required by standard MS-ESS2-2."
MS-ESS2-006,OSS 120b,1,"The answer correctly identifies the large, slow-moving pieces of Earth's outer shell as tectonic plates, which fully addresses the question."
MS-ESS2-008,OSS 120b,1,"The answer correctly explains that identical fossils on separate continents indicate those continents were once joined, supporting past plate motions."
MS-ESS2-007,OSS 120b,1,"The answer accurately defines continental drift as the hypothesis that continents have moved over millions of years due to tectonic plate movement, which is sufficient for the question."
MS-ESS2-008,Nemotron 3 Super 120b a12,1,"The answer correctly explains that identical fossils on separate continents imply those continents were once joined, supporting past plate motion."
MS-ESS2-009,Nemotron 3 Super 120b a12,1,"The answer correctly defines condensation as water vapor cooling and turning into liquid water, forming clouds or dew, which accurately reflects its role in the water cycle described by the standard."
MS-ESS2-007,Nemotron 3 Super 120b a12,1,"The answer accurately defines continental drift as the movement of continents due to tectonic plate motion, which aligns with the standard."
MS-ESS2-006,Gemini Flash 3,1,"The answer accurately identifies tectonic plates and provides a brief explanation of their structure and movement, which is foundational to the MS-ESS2-2 standard."
MS-ESS2-008,Gemini Flash 3,1,"The answer correctly identifies that shared fossils serve as evidence for past continental connection, which directly aligns with the standard's requirement to use fossil distribution as evidence of plate motions."
MS-ESS2-005,OSS 120b,1,"The answer accurately defines weathering as the breakdown of rocks/minerals at Earth's surface by physical, chemical, or biological processes, meeting the standard."
MS-ESS2-010,OSS 120b,1,"The answer correctly identifies the sun as the energy source that drives the water cycle, aligning with the standard."
MS-ESS2-009,OSS 120b,1,"The answer accurately defines condensation as the cooling of water vapor back into liquid water, describing its role in forming clouds or dew, which sufficiently answers the question."
MS-ESS2-010,Nemotron 3 Super 120b a12,1,"The answer correctly identifies the Sun as the energy source driving the water cycle and explains its role in evaporation, satisfying the question and the standard."
MS-ESS2-011,Nemotron 3 Super 120b a12,1,"The answer accurately defines groundwater as water that infiltrates the ground and is stored in aquifers, which is sufficient for a middle‑school understanding of the term."
MS-ESS2-012,Nemotron 3 Super 120b a12,1,The reference answer correctly identifies the process as infiltration and provides an appropriate description that aligns with the standard.
MS-ESS2-009,Gemini Flash 3,1,The answer accurately defines condensation as the phase change from gas to liquid due to cooling and provides relevant examples like clouds and dew.
MS-ESS2-011,OSS 120b,1,"The answer correctly defines groundwater as water that infiltrates the ground and is stored in porous spaces within rocks and soil, forming aquifers, which adequately addresses the question."
MS-ESS2-012,OSS 120b,1,The answer correctly identifies infiltration as the process of water soaking into the ground and provides an appropriate definition.
MS-ESS2-011,Gemini Flash 3,1,"The answer provides an accurate and age-appropriate definition of groundwater and its storage in aquifers, which is a necessary component for understanding the water cycle under this standard."
MS-ESS2-012,Gemini Flash 3,1,The term 'infiltration' is the scientifically correct answer for water soaking into the ground and the definition provided is accurate and appropriate for the standard.
MS-ESS2-013,OSS 120b,1,"The answer accurately defines a stationary front and notes its typical weather effects, meeting the question and standard requirements."
MS-ESS2-013,Nemotron 3 Super 120b a12,1,"The answer accurately defines a stationary front and correctly notes its typical weather effects, satisfying the middle‑school standard."
MS-ESS2-014,OSS 120b,1,"The answer correctly lists the four principal air mass types—continental polar, maritime polar, continental tropical, and maritime tropical—and accurately describes their temperature and moisture characteristics, fully addressing the question."
MS-ESS2-010,Gemini Flash 3,1,"The answer correctly identifies the sun as the primary energy source and explains its role in evaporation, which directly addresses the energy component of the MS-ESS2-4 standard."
MS-ESS2-014,Nemotron 3 Super 120b a12,1,"The answer correctly identifies the four main air mass types affecting North America and describes their temperature and moisture characteristics, which fully addresses the question."
MS-ESS2-013,Gemini Flash 3,1,"The answer accurately defines a stationary front and describes its typical impact on weather conditions, which aligns with the requirements of standard MS-ESS2-5."
MS-ESS2-015,OSS 120b,1,"The answer correctly defines the Coriolis effect as the deflection of moving air and water caused by Earth’s rotation, specifying the rightward deflection in the Northern Hemisphere and leftward in the Southern Hemisphere, which is sufficient for the standard."
MS-ESS2-016,OSS 120b,1,"The answer correctly explains that the equator gets more solar energy due to the direct angle of sunlight versus the oblique angle at the poles, which spreads the energy over a larger area."
MS-ESS2-015,Nemotron 3 Super 120b a12,1,"The answer accurately defines the Coriolis effect as the deflection of moving air and water due to Earth's rotation, correctly noting rightward deflection in the Northern Hemisphere and leftward in the Southern Hemisphere."
MS-ESS2-016,Nemotron 3 Super 120b a12,1,"The answer correctly explains that the equator receives more solar energy due to sunlight striking at a direct angle, concentrating energy, whereas the poles receive less because sunlight arrives at a low angle, spreading the same energy over a larger area."
MS-ESS2-014,Gemini Flash 3,1,"The answer accurately identifies and describes the four primary air mass classifications (cP, mP, cT, mT) based on temperature and moisture levels that influence North American weather."
MS-ESS2-017,Nemotron 3 Super 120b a12,1,"The answer accurately describes an atmospheric convection cell as a closed loop of rising warm air, cooling, sinking, and returning flow, which correctly addresses the question."
MS-ESS2-015,Gemini Flash 3,1,"The answer accurately describes how Earth's rotation deflects moving air and water in both hemispheres, which is the fundamental definition of the Coriolis effect required by the standard."
MS-ESS2-016,Gemini Flash 3,1,"The answer accurately explains how the angle of incidence causes solar energy to be concentrated at the equator and dispersed at the poles, which is the primary cause of unequal heating."
MS-ESS2-017,OSS 120b,1,"The answer accurately describes a convection cell as a circulating pattern of rising warm air, cooling, sinking, and surface return flow, which aligns with the concept needed for the standard."
MS-ESS2-018,OSS 120b,1,The answer correctly identifies plate tectonic uplift and erosion as the processes that bring deep-formed rocks to the surface.
MS-ESS2-019,Nemotron 3 Super 120b a12,1,"The answer correctly explains that magma's lower density causes buoyant rise through the crust, addressing the question adequately for the standard."
MS-ESS2-019,OSS 120b,1,"The answer correctly explains that magma rises because it is less dense than surrounding rock, using the buoyancy concept appropriate for the standard."
MS-ESS2-017,Gemini Flash 3,1,"The answer accurately describes the physical mechanism of a convection cell, which is a foundational concept for understanding atmospheric circulation patterns required by MS-ESS2-6."
MS-ESS2-018,Gemini Flash 3,1,The answer accurately identifies the combination of tectonic uplift and surface erosion as the primary mechanisms that bring deep-seated rocks to Earth's surface in the rock cycle.
MS-ESS2-018,Nemotron 3 Super 120b a12,1,"The answer correctly explains that tectonic uplift and subsequent weathering/erosion bring deep-formed rocks to the surface, which aligns with the standard’s focus on Earth‑material cycling driven by internal and external energy."
MS-ESS2-019,Gemini Flash 3,1,"The answer accurately identifies buoyancy driven by density differences as the primary reason magma rises, which is the correct scientific explanation for this grade level."
MS-ESS2-020,OSS 120b,1,"The answer correctly explains that precipitation and flowing water erode, transport, and deposit sediments, thereby reshaping Earth's surface, which aligns with the standard."
MS-ESS2-021,OSS 120b,1,"The answer correctly explains that sediments settle in flat layers and are compacted into rock, which accounts for the layered nature of sedimentary rocks."
MS-ESS2-020,Nemotron 3 Super 120b a12,1,"The answer correctly explains that water in the cycle transports sediment, causing erosion and deposition that reshape Earth's surface."
MS-ESS2-021,Nemotron 3 Super 120b a12,1,"The answer correctly explains that sediments are deposited in flat layers and later compressed into rock, which addresses why sedimentary rocks are layered and aligns with the standard's focus on Earth's material cycling."
MS-ESS2-022,OSS 120b,1,"The answer accurately explains that tectonic uplift and subsequent erosion expose deep granite at the surface, fulfilling the standard."
MS-ESS2-020,Gemini Flash 3,1,"The answer accurately describes the roles of erosion, transport, and deposition in cycling Earth's materials, which directly supports the MS-ESS2-1 standard's focus on material cycling."
MS-ESS2-021,Gemini Flash 3,1,"The answer accurately explains the processes of deposition and lithification that result in the characteristic layering of sedimentary rocks, which aligns well with middle school expectations for this standard."
MS-ESS2-023,OSS 120b,1,"The answer correctly explains that high pressure (and heat) deep within Earth causes mineral recrystallization without melting, converting the original rock into a metamorphic rock."
MS-ESS2-023,Nemotron 3 Super 120b a12,1,"The answer accurately explains that deep‑earth pressure (along with heat) causes mineral recrystallization without melting, converting one rock type into a metamorphic rock, which correctly addresses the question."
MS-ESS2-022,Nemotron 3 Super 120b a12,1,"The answer correctly explains that tectonic uplift brings deep-formed granite to the surface and that weathering and erosion then remove overlying rock, which aligns with the standard’s focus on cycling Earth materials and the energy driving these processes."
MS-ESS2-023,Gemini Flash 3,1,"The answer accurately describes the process of metamorphism through recrystallization under heat and pressure, which is a key component of the rock cycle described in MS-ESS2-1."
MS-ESS2-025,Nemotron 3 Super 120b a12,1,"The answer correctly identifies weathering and erosion by wind, water, and ice as the processes that gradually reduce and smooth mountains over long timescales, meeting the standard's requirement."
MS-ESS2-024,Nemotron 3 Super 120b a12,1,"The answer correctly explains that differential flow velocity causes erosion on the outside of bends and deposition on the inside, leading to growing meanders over time, which directly addresses why rivers curve more over time."
MS-ESS2-007,Gemini Flash 3,1,"The definition accurately captures the core concept of continents moving over geologic time and correctly incorporates the modern understanding of tectonic plates as the mechanism, which aligns with the plate motion focus of the MS-ESS2-3 standard."
MS-ESS2-024,OSS 120b,1,"The answer correctly explains that differential flow speed causes erosion on the outer bank and deposition on the inner bank, leading to increasing river curvature (meandering) over time, satisfying the standard."
MS-ESS2-025,OSS 120b,1,"The answer correctly explains that weathering and erosion by wind, water, and ice gradually wear down mountains over millions of years, addressing the geoscience processes and time scale required."
MS-ESS2-024,Gemini Flash 3,1,"The answer accurately describes the processes of erosion and deposition caused by variations in water velocity that lead to the formation of meanders, aligning with the middle-school standard."
MS-ESS2-026,OSS 120b,1,"The answer accurately explains that rapid release of stored strain energy along faults causes immediate surface changes, contrasting with the slow nature of processes like erosion, thus meeting the standard."
MS-ESS2-027,Nemotron 3 Super 120b a12,1,"The answer correctly identifies wave‑driven erosion and deposition as rapid processes acting on softer coastal rock, explaining why coastlines change noticeably over decades compared to the much slower tectonic forces that shape mountains."
MS-ESS2-025,Gemini Flash 3,1,"The answer accurately explains how the geoscience processes of weathering and erosion change landforms over millions of years, directly addressing the standard's focus on time scales and surface changes."
MS-ESS2-026,Gemini Flash 3,1,"The answer accurately explains the mechanism of rapid energy release in earthquakes and contrasts it with slow-acting processes, effectively addressing the time-scale requirement of the standard."
MS-ESS2-022,Gemini Flash 3,0,"The reference answer is scientifically inaccurate because weathering and erosion typically expose deep-seated rocks over millions or hundreds of millions of years, not billions."
MS-ESS2-026,Nemotron 3 Super 120b a12,1,"The answer correctly explains that earthquakes release stored energy rapidly, causing immediate surface changes, and contrasts this with the much slower pace of processes like erosion, addressing the time‑scale aspect of the standard."
MS-ESS2-027,OSS 120b,1,"The answer correctly explains that continual wave action and softer coastal rock cause relatively rapid erosion and deposition, leading to noticeable coastline changes over decades rather than the much slower geological processes that shape mountains."
MS-ESS2-029,OSS 120b,1,"The answer correctly cites the key lines of evidence—continental fit, matching fossils, rock types, and mountain ranges—that support the idea of a former supercontinent."
MS-ESS2-028,OSS 120b,1,"The answer correctly explains that lava and other eruption products solidify and accumulate, forming new landforms such as mountains and islands, which aligns with the standard."
MS-ESS2-028,Nemotron 3 Super 120b a12,1,"The answer correctly describes how lava solidifies to add new material and, over repeated eruptions, forms landforms such as mountains, islands, and plateaus, which aligns with the standard."
MS-ESS2-027,Gemini Flash 3,1,The answer correctly identifies that the higher energy of constant wave action and the relative softness of coastal materials allow for more rapid erosion and deposition compared to the slow processes that shape mountains.
MS-ESS2-028,Gemini Flash 3,1,The answer accurately describes the process of lava cooling into solid rock and correctly identifies how repeated eruptions create large-scale landforms over time.
MS-ESS2-029,Nemotron 3 Super 120b a12,1,"The answer correctly cites continental fit and matching fossils/rocks as evidence for past continental joining, meeting the standard."
MS-ESS2-030,OSS 120b,1,"The answer accurately explains that new crust forms at ridges and pushes older crust outward, correctly addressing why rock age increases with distance."
MS-ESS2-030,Nemotron 3 Super 120b a12,1,"The answer accurately describes seafloor spreading at mid‑ocean ridges, which directly explains the age pattern of oceanic rocks and provides evidence of past plate motions as required by the standard."
MS-ESS2-031,Nemotron 3 Super 120b a12,1,"The answer correctly describes how symmetric magnetic stripes record seafloor spreading at mid‑ocean ridges, directly illustrating plate motion."
MS-ESS2-029,Gemini Flash 3,1,"The answer accurately summarizes the key lines of evidence—continental fit, fossil distribution, and geological matching—required by the standard to support the theory of a former supercontinent."
MS-ESS2-031,OSS 120b,1,"The answer correctly explains that magnetic stripes record reversals as new crust forms at ridges, producing symmetrical patterns that demonstrate seafloor spreading and thus plate movement."
MS-ESS2-032,OSS 120b,1,"The answer correctly explains that plate movement relocated Antarctica from a warmer, equatorial position, accounting for tropical plant fossils found there."
MS-ESS2-031,Gemini Flash 3,1,"The answer accurately explains how magnetic patterns at mid-ocean ridges provide evidence for seafloor spreading and plate motion, which directly addresses the standard."
MS-ESS2-033,OSS 120b,1,"The answer correctly explains that oceanic rocks are younger due to continuous creation at ridges and destruction at subduction zones, contrasting with older continental rocks, thereby illustrating plate motion."
MS-ESS2-032,Nemotron 3 Super 120b a12,1,"The answer correctly explains that Antarctica once lay nearer the equator and moved to its polar position via plate tectonics, which directly addresses the question and aligns with the standard’s emphasis on using fossil distribution as evidence of past plate motions."
MS-ESS2-030,Gemini Flash 3,1,"The answer accurately explains the process of seafloor spreading, detailing how magma forms new crust at the ridge and pushes older crust away, which directly addresses the age distribution of the seafloor."
MS-ESS2-032,Gemini Flash 3,1,The answer accurately explains how plate tectonics accounts for the presence of tropical fossils in polar regions by identifying that the continent's past location was closer to the equator.
MS-ESS2-034,OSS 120b,1,"The answer correctly explains that solar energy supplies enough kinetic energy to some surface water molecules for them to escape as vapor, allowing evaporation well below the boiling point."
MS-ESS2-035,OSS 120b,1,"The answer correctly explains that rising water vapor cools, loses energy, and condenses into droplets forming clouds, aligning with the water cycle concept."
MS-ESS2-035,Nemotron 3 Super 120b a12,1,"The answer correctly explains that rising water vapor encounters cooler air, loses energy, condenses into droplets, and forms clouds, which adequately addresses the question."
MS-ESS2-033,Gemini Flash 3,1,"The answer accurately explains the age difference between oceanic and continental crust as evidence of seafloor spreading and subduction, which are central components of plate tectonic theory."
MS-ESS2-033,Nemotron 3 Super 120b a12,1,"The answer correctly states that ocean floor rocks are younger due to continuous creation at ridges and destruction at subduction zones, while older, less‑dense continental crust persists, which directly shows the ongoing cycle of plate motion."
MS-ESS2-034,Gemini Flash 3,1,"The answer accurately explains that solar energy provides individual molecules at the surface with enough energy to overcome intermolecular forces and escape as vapor, which is the correct scientific mechanism for evaporation below the boiling point."
MS-ESS2-034,Nemotron 3 Super 120b a12,1,"The answer correctly explains that solar energy gives surface water molecules enough kinetic energy to escape as vapor, which occurs below the boiling point."
MS-ESS2-036,OSS 120b,1,"The answer correctly explains that gravity causes rivers to flow downhill toward the ocean, addressing the question appropriately."
MS-ESS2-038,Nemotron 3 Super 120b a12,1,"The answer correctly identifies gravity as the force causing water droplets to fall once they become heavy enough to overcome upward air resistance, which aligns with the standard’s focus on gravity-driven water cycling."
MS-ESS2-035,Gemini Flash 3,1,"The answer accurately explains the process of condensation driven by cooling at higher altitudes, which is a key component of the water cycle as described in the standard."
MS-ESS2-037,Nemotron 3 Super 120b a12,1,"The answer correctly states that solar heat drives evaporation, which is the primary way the sun powers the water cycle, adequately addressing how the sun acts as its engine."
MS-ESS2-036,Nemotron 3 Super 120b a12,1,"The answer correctly attributes downhill river flow to gravity and explains how water moves from higher to lower elevations toward the ocean, adequately addressing the question."
MS-ESS2-038,OSS 120b,1,"The answer correctly explains that gravity (and droplet growth overcoming air resistance) causes precipitation to fall, aligning with the water cycle standard."
MS-ESS2-037,OSS 120b,1,"The answer correctly explains that solar heat provides the energy for evaporation, the key mechanism by which the sun drives the water cycle."
MS-ESS2-038,Gemini Flash 3,1,"The answer accurately identifies gravity as the force responsible for precipitation and explains the physical process of droplets becoming heavy enough to fall, directly addressing the standard."
MS-ESS2-036,Gemini Flash 3,1,"The answer accurately identifies gravity as the driving force for the downward movement of water in the water cycle, which aligns with the requirements of standard MS-ESS2-4."
MS-ESS2-037,Gemini Flash 3,1,"The answer accurately describes how solar energy drives evaporation, which is the primary mechanism by which the sun powers the water cycle as required by the standard."
MS-ESS2-039,OSS 120b,1,"The answer correctly explains that a cold front forces warm, moist air upward rapidly, leading to thunderstorm development and sudden stormy conditions."
MS-ESS2-039,Nemotron 3 Super 120b a12,1,"The answer correctly explains that a cold front forces warm, moist air to rise rapidly, forming thunderstorm clouds and causing sudden stormy weather."
MS-ESS2-040,OSS 120b,1,"The answer correctly states that warmer air holds more moisture than cooler air and notes the condensation process when the air cools, adequately addressing the question."
MS-ESS2-040,Nemotron 3 Super 120b a12,1,"The answer correctly explains that warmer air can hold more water vapor than cooler air, directly addressing the question about temperature's effect on moisture capacity."
MS-ESS2-041,OSS 120b,1,"The answer correctly explains the link between low/high pressure and stormy versus calm weather, covering the key processes of rising vs sinking air."
MS-ESS2-041,Nemotron 3 Super 120b a12,1,"The answer correctly explains that low pressure causes rising, cooling air leading to clouds and precipitation (stormy weather) and high pressure causes sinking, warming air leading to clear, calm conditions, which addresses the question and aligns with the standard."
MS-ESS2-041,Gemini Flash 3,1,The answer accurately describes the relationship between air pressure and weather conditions by explaining how rising and sinking air affect cloud formation and precipitation.
MS-ESS2-042,OSS 120b,1,"The answer correctly explains that ocean and land air masses differ because they acquire moisture from their underlying surfaces, which accounts for the distinct feel of each type."
MS-ESS2-039,Gemini Flash 3,1,"The answer accurately explains the interaction between air masses and the physical mechanism of rapid lifting that leads to stormy weather, which aligns perfectly with the MS-ESS2-5 standard."
MS-ESS2-042,Nemotron 3 Super 120b a12,1,"The answer correctly explains that air masses take on the moisture characteristics of their source region, making oceanic air masses humid and land air masses drier, which addresses why they feel different."
MS-ESS2-043,OSS 120b,1,"The answer correctly cites wind driving and Coriolis deflection as the main reasons currents form circular gyres, adequately addressing the question."
MS-ESS2-044,OSS 120b,1,"The answer correctly explains that warm ocean currents heat the air, the winds move this warm, moist air onto nearby land, raising temperatures and increasing precipitation, which matches the expected explanation of their climatic effect."
MS-ESS2-043,Nemotron 3 Super 120b a12,1,"The answer correctly states that ocean surface currents are driven by global winds and deflected by Earth's rotation (Coriolis effect), which together explain gyre formation, aligning with the standard's emphasis on unequal heating (driving winds) and rotation."
MS-ESS2-040,Gemini Flash 3,1,"The answer accurately states the relationship between air temperature and moisture capacity and explains the resulting weather effects, which is appropriate for the middle school standard."
MS-ESS2-044,Nemotron 3 Super 120b a12,1,"The answer correctly describes how warm ocean currents heat and moisten the overlying air, which winds carry onto land to raise temperatures and precipitation, accurately addressing the effect of oceanic circulation on regional climate as required by the standard."
MS-ESS2-043,Gemini Flash 3,1,"The answer accurately identifies global winds and the Coriolis effect as the key drivers of ocean gyres, which aligns perfectly with the requirements of standard MS-ESS2-6 regarding Earth's rotation and circulation patterns."
MS-ESS2-044,Gemini Flash 3,1,"The answer accurately explains the mechanism of heat and moisture transfer from warm currents to coastal land via atmospheric circulation, which is appropriate for the MS-ESS2-6 standard."
MS-ESS2-045,Nemotron 3 Super 120b a12,1,"The answer correctly explains that warm air is less dense and rises while cool air is denser and sinks, and it describes how this process forms convection cells, fully addressing the question."
MS-ESS2-042,Gemini Flash 3,1,"The answer accurately explains that air masses inherit moisture characteristics from their source regions, correctly distinguishing between humid maritime air and dry continental air."
MS-ESS2-045,Gemini Flash 3,1,"The answer accurately explains the relationship between temperature, density, and the formation of convection cells as a mechanism for atmospheric circulation."
MS-ESS2-047,Nemotron 3 Super 120b a12,1,"The answer correctly explains that solar heat drives evaporation of the puddle into atmospheric water vapor, describing the cycling of water and the energy flow involved."
MS-ESS2-046,OSS 120b,1,"The answer correctly explains that equatorial warm air rises, cooler air moves in from the north and south, and the Coriolis effect deflects this flow westward, accounting for the steady easterly trade winds."
MS-ESS2-045,OSS 120b,0,"The answer correctly explains why warm air rises and cool air sinks, but it omits the influence of Earth’s rotation (Coriolis effect) on the formation and organization of atmospheric circulation cells, which is required by the standard."
MS-ESS2-047,OSS 120b,1,"The answer correctly identifies evaporation to the atmosphere as where the water goes and cites solar heat as the driving energy, satisfying the standard."
MS-ESS2-046,Gemini Flash 3,1,"The answer accurately explains how the combination of unequal heating (convection) and the Coriolis effect (rotation) creates the specific direction of the trade winds, directly addressing the core components of standard MS-ESS2-6."
MS-ESS2-046,Nemotron 3 Super 120b a12,1,"The answer correctly explains that unequal heating creates rising warm air at the equator with inflow from higher latitudes, and Earth's rotation deflects this inflow westward via the Coriolis effect, producing the steady easterly trade winds."
MS-ESS2-049,Nemotron 3 Super 120b a12,1,"The answer correctly states that surface-cooled magma forms extrusive igneous rock, which fully addresses the question."
MS-ESS2-048,OSS 120b,1,The answer correctly identifies erosion (and transport) as the rock‑cycle process responsible for washed‑away topsoil.
MS-ESS2-049,OSS 120b,1,"The answer correctly identifies that magma cooling at the surface forms extrusive igneous rock (e.g., basalt), fully answering the question."
MS-ESS2-047,Gemini Flash 3,1,"The answer correctly identifies the transformation of water into vapor, its movement into the atmosphere, and solar energy as the driving force, accurately reflecting the cycling of materials and energy flow required by the standard."
MS-ESS2-048,Gemini Flash 3,1,"The answer accurately identifies erosion and transportation as the processes occurring when topsoil is moved by water, which directly relates to the cycling of Earth's materials as described in standard MS-ESS2-1."
MS-ESS2-048,Nemotron 3 Super 120b a12,1,"The answer correctly identifies erosion and transportation by water as the rock‑cycle process occurring when topsoil is washed away, which adequately addresses the standard."
MS-ESS2-050,OSS 120b,1,"The answer correctly explains the analogy, highlighting that pressure (and heat) reshape existing rocks into metamorphic rock without melting, just as squeezing reshapes clay."
MS-ESS2-049,Gemini Flash 3,1,"The answer accurately identifies that magma cooling at the surface forms igneous rock and correctly specifies it as extrusive igneous rock, which aligns with middle-school science standards on the rock cycle."
MS-ESS2-050,Nemotron 3 Super 120b a12,1,"The answer correctly links squeezing clay to metamorphic rock formation by noting that extreme pressure (and heat) inside Earth changes existing rocks without melting them, which aligns with the standard’s focus on energy-driven material cycling."
MS-ESS2-051,OSS 120b,1,The answer correctly identifies the process as erosion (and sediment transport) resulting from loss of vegetation after fire.
MS-ESS2-050,Gemini Flash 3,1,"The answer accurately connects the analogy of squeezing clay to the geological process of pressure forming metamorphic rock without melting, which is appropriate for the middle school level."
MS-ESS2-051,Nemotron 3 Super 120b a12,1,"The answer correctly identifies the process as erosion and sediment transport, explaining how loss of vegetation after a fire allows rain to move soil and ash into the river, which aligns with the standard's focus on Earth's material cycling and energy-driven processes."
MS-ESS2-052,OSS 120b,1,"The answer correctly explains that marine limestone was formed on the seafloor and later uplifted by tectonic forces, addressing how ocean material can appear at high elevation."
MS-ESS2-052,Nemotron 3 Super 120b a12,1,"The answer correctly explains that marine limestone formed on an ancient seafloor and was later uplifted by tectonic forces, addressing the cycling of Earth's materials and energy flow as required by the standard."
MS-ESS2-051,Gemini Flash 3,1,The answer correctly identifies erosion and sediment transport as the processes and provides an accurate explanation of how the lack of vegetation facilitates the movement of Earth's materials.
MS-ESS2-052,Gemini Flash 3,1,"The answer correctly explains the formation of sedimentary rock from marine materials and the tectonic uplift process driven by Earth's internal energy, which accurately addresses the cycling of materials required by the standard."
MS-ESS2-053,OSS 120b,1,"The answer correctly identifies the steep mountain stream as eroding faster and explains it with higher flow speed and energy, satisfying the standard."
MS-ESS2-054,OSS 120b,1,"The answer correctly identifies sand dunes as the landform produced by constant wind over loose sand, explaining the process of deposition and dune dynamics, which aligns with the standard."
MS-ESS2-054,Nemotron 3 Super 120b a12,1,"The answer correctly explains that constant wind moving loose sand forms sand dunes through erosion and deposition, which addresses the geoscience process shaping Earth's surface."
MS-ESS2-053,Nemotron 3 Super 120b a12,1,"The answer correctly identifies that a steep mountain stream’s higher flow speed and energy cause faster bank erosion, which aligns with the standard’s focus on explaining geoscience processes."
MS-ESS2-053,Gemini Flash 3,1,"The answer accurately identifies that higher water velocity in a steep stream leads to greater kinetic energy and erosive power, which directly addresses the geoscience processes described in the standard."
MS-ESS2-055,OSS 120b,1,"The answer correctly explains that continental drift moved Antarctica from a warm, equatorial region where coal could form, providing appropriate evidence of past plate motion."
MS-ESS2-055,Nemotron 3 Super 120b a12,1,"The answer correctly explains that plate motion moved Antarctica from a warmer, equatorial region to its current polar position, using the coal deposits as evidence of past climate consistent with plate tectonics."
MS-ESS2-054,Gemini Flash 3,1,The answer accurately identifies sand dunes as the landform and explains the geoscience process of wind deposition as required by the MS-ESS2-2 standard.
MS-ESS2-055,Gemini Flash 3,1,"The answer accurately explains that the movement of tectonic plates over time shifted Antarctica from a tropical latitude to its current polar position, correctly interpreting the rock distribution as evidence of past motion."
MS-ESS2-056,OSS 120b,1,"The answer correctly explains that solar energy causes the towel's water to evaporate and enter the atmosphere, addressing the water's destination in line with the water cycle."
MS-ESS2-057,OSS 120b,1,"The answer correctly explains that warm, moist air loses heat upon contacting the cold can, causing water vapor to condense into droplets, which directly addresses the question."
MS-ESS2-057,Nemotron 3 Super 120b a12,1,"The answer correctly explains condensation of water vapor on a cold surface, aligning with the water cycle concept in MS-ESS2-4."
MS-ESS2-058,OSS 120b,1,"The answer correctly explains that groundwater discharge, driven by gravity, sustains river flow during dry periods, aligning with the water cycle concept."
MS-ESS2-056,Nemotron 3 Super 120b a12,1,"The answer correctly explains that solar energy causes evaporation of water from the towel into atmospheric water vapor, aligning with the water cycle driven by the sun."
MS-ESS2-057,Gemini Flash 3,1,The answer accurately explains the process of condensation through energy transfer and correctly connects the local phenomenon to broader atmospheric processes in the water cycle.
MS-ESS2-056,Gemini Flash 3,1,"The answer accurately explains the role of solar energy in driving the evaporation process and moving water into the atmosphere, directly addressing a key component of the water cycle as required by the standard."
MS-ESS2-058,Nemotron 3 Super 120b a12,1,"The answer correctly explains that groundwater seepage (baseflow) sustains river flow between rainstorms, which aligns with the water cycle driven by gravity as required by the standard."
MS-ESS2-059,OSS 120b,1,"The answer correctly explains that solar energy melts the snow and gravity moves the meltwater downhill, describing the snowpack as a water reservoir that sustains stream flow in summer."
MS-ESS2-058,Gemini Flash 3,1,"The answer accurately identifies groundwater discharge driven by gravity as the source of baseflow, which is a key component of the water cycle described in the standard."
MS-ESS2-059,Nemotron 3 Super 120b a12,1,"The answer correctly identifies that solar energy (warmer temperatures) melts the snowpack and gravity drives the meltwater downhill, explaining sustained stream flow and aligning with the water‑cycle model driven by sun and gravity."
MS-ESS2-060,OSS 120b,1,"The answer correctly explains that increased solar energy speeds evaporation and wind removes saturated air, making the puddle disappear faster, which aligns with the water cycle concept."
MS-ESS2-061,OSS 120b,1,"The answer correctly describes the temperature drop and potential storms, rain, or strong winds typical of a cold front, meeting the standard."
MS-ESS2-061,Nemotron 3 Super 120b a12,1,"The answer correctly describes a cold front’s effects—rapid cooling and potential storms, rain, or winds—directly addressing how air‑mass motion changes weather."
MS-ESS2-059,Gemini Flash 3,1,The answer correctly identifies both energy from the sun (warmer temperatures) and the force of gravity as the drivers behind the gradual melting and downhill flow of water from seasonal snowpack storage.
MS-ESS2-060,Gemini Flash 3,1,"The answer accurately identifies solar energy as the driver for phase changes and explains how wind facilitates evaporation by removing water vapor, directly addressing the mechanisms required by the MS-ESS2-4 standard."
MS-ESS2-061,Gemini Flash 3,1,"The answer accurately describes the temperature drop and precipitation patterns characteristic of a cold front, which aligns with the MS-ESS2-5 standard."
MS-ESS2-062,OSS 120b,1,"The answer correctly identifies the arrival of a cold air mass interacting with warm, moist air, causing uplift and storm formation, which matches the standard."
MS-ESS2-062,Nemotron 3 Super 120b a12,1,"The answer correctly explains that a cold air mass displaces warm, humid air, forcing it upward and forming clouds and storms, which directly addresses how air‑mass interactions change weather conditions."
MS-ESS2-063,OSS 120b,1,"The answer correctly identifies a stationary front and describes its typical several‑day weather effects, matching the expected response for the standard."
MS-ESS2-062,Gemini Flash 3,1,"The answer accurately describes the mechanism of a cold front, explaining how the interaction between a cold air mass and a warm, moist air mass leads to the observed weather changes."
MS-ESS2-063,Nemotron 3 Super 120b a12,1,"The answer correctly identifies a stationary front and describes the typical prolonged weather it produces, fully addressing the question."
MS-ESS2-060,Nemotron 3 Super 120b a12,1,"The answer correctly explains that solar energy increases evaporation and wind removes vapor, which addresses the sun‑driven aspect of the water cycle relevant to puddle disappearance; while gravity is not mentioned, it is not required to explain this specific evaporation process."
MS-ESS2-063,Gemini Flash 3,1,The answer accurately identifies the situation as a stationary front and correctly describes the associated long-lasting weather patterns such as clouds and steady precipitation.
MS-ESS2-064,Nemotron 3 Super 120b a12,1,"The answer correctly explains that a cold front sliding under warm, humid air forces rapid uplift, creating strong updrafts that can produce thunderstorms and potentially tornadoes."
MS-ESS2-064,OSS 120b,1,"Reference answer correctly identifies thunderstorms (and possible tornadoes) as severe weather that can develop when a cold air mass undercuts warm, humid air."
MS-ESS2-064,Gemini Flash 3,1,The answer correctly identifies the severe weather associated with a cold front and explains the mechanism of rapid lifting and updrafts as required by the standard.
MS-ESS2-065,OSS 120b,1,"The answer correctly links falling pressure to an approaching low‑pressure system/front and predicts the expected cloudier, wetter, stormy conditions."
MS-ESS2-066,OSS 120b,1,"The answer correctly identifies east‑to‑west (easterly) trade winds near the equator and explains their origin via equatorial heating, atmospheric circulation, and the Coriolis effect."
MS-ESS3-001,Nemotron 3 Super 120b a12,1,"The answer correctly defines groundwater as water stored underground in rock and soil spaces, often in aquifers, which is an adequate basic definition for middle‑school level."
MS-ESS2-065,Gemini Flash 3,1,"The answer accurately identifies that falling air pressure correlates with approaching low-pressure systems and fronts, which result in cloud cover and precipitation."
MS-ESS3-001,OSS 120b,1,"The answer accurately defines groundwater as water stored in underground spaces between rocks and soil, mentioning aquifers, which sufficiently answers the question."
MS-ESS2-065,Nemotron 3 Super 120b a12,1,"The answer correctly explains that steadily dropping air pressure signals an approaching low‑pressure system and associated fronts, which typically bring clouds, precipitation, and stormy weather, satisfying the standard’s focus on air‑mass interactions and weather changes."
MS-ESS2-066,Gemini Flash 3,1,The answer accurately identifies the trade winds' direction and explains their formation using the principles of unequal heating and the Coriolis effect as required by the standard.
MS-ESS3-001,Gemini Flash 3,1,"The answer provides a scientifically accurate and complete definition of groundwater and its storage for a middle school level, which is necessary for understanding its distribution under standard MS-ESS3-1."
MS-ESS3-002,OSS 120b,1,"The answer correctly defines a nonrenewable resource and provides appropriate examples, adequately answering the question."
MS-ESS3-003,Nemotron 3 Super 120b a12,1,"The answer accurately defines a tsunami as a series of large ocean waves and correctly identifies its usual causes (underwater earthquake, volcanic eruption, or landslide) that displace water, which satisfies the question."
MS-ESS3-003,OSS 120b,1,"The answer correctly defines a tsunami as large ocean waves and lists the primary usual causes (underwater earthquakes, volcanic eruptions, and landslides)."
MS-ESS3-004,OSS 120b,1,"The answer correctly defines mitigation as reducing or lessening damage from natural hazards and gives appropriate examples, meeting the standard."
MS-ESS3-003,Gemini Flash 3,1,"The answer accurately defines a tsunami and lists its primary causes, providing a complete response suitable for the middle-school level."
MS-ESS3-005,OSS 120b,1,"The answer accurately defines forecasting as using scientific data to predict the timing, location, and severity of natural hazards."
MS-ESS3-004,Gemini Flash 3,1,The answer accurately defines mitigation and provides relevant examples that align with the MS-ESS3-2 standard's focus on technology and design.
MS-ESS3-002,Gemini Flash 3,1,The definition accurately captures the key concept of renewal rate versus consumption rate and provides relevant examples consistent with the standard's focus on mineral and energy resources.
MS-ESS3-002,Nemotron 3 Super 120b a12,1,"The answer accurately defines nonrenewable resources as natural resources that form much more slowly than they are used and provides appropriate examples, correctly addressing the question."
MS-ESS3-004,Nemotron 3 Super 120b a12,1,"The answer correctly defines mitigation as reducing damage and gives appropriate examples, aligning with the standard's focus on forecasting and technology development."
MS-ESS3-006,OSS 120b,1,"The answer correctly defines an indicator species and explains its role in monitoring ecosystem health, fully addressing the question."
MS-ESS3-005,Nemotron 3 Super 120b a12,1,"The answer correctly defines forecasting as using scientific data and patterns to predict future hazard occurrence, aligning with the standard's focus on data interpretation for prediction."
MS-ESS2-066,Nemotron 3 Super 120b a12,1,"The answer correctly identifies the east-to-west trade winds and explains their formation via unequal heating at the equator and the Coriolis effect, satisfying MS‑ESS2‑6."
MS-ESS3-005,Gemini Flash 3,1,"The answer accurately defines forecasting within the context of MS-ESS3-2 by emphasizing the use of scientific data and patterns to determine the timing, location, and magnitude of natural hazards."
MS-ESS3-006,Gemini Flash 3,1,"The answer accurately defines an indicator species and explains its function in monitoring ecosystem health, which is a key component of the methods described in standard MS-ESS3-3."
MS-ESS3-008,OSS 120b,1,"The answer accurately defines per-capita consumption as the average resource use per person, correctly explaining how it is calculated."
MS-ESS3-008,Nemotron 3 Super 120b a12,1,"The answer accurately defines per‑capita consumption as the average resource use per person, which fully addresses the question at the middle‑school level."
MS-ESS3-007,Nemotron 3 Super 120b a12,1,The answer correctly distinguishes point source pollution (single identifiable source) from nonpoint source pollution (many diffuse sources) using clear examples appropriate for middle‑school level.
MS-ESS3-007,Gemini Flash 3,1,The answer accurately defines both terms using standard scientific distinctions and provides appropriate examples for each.
MS-ESS3-009,OSS 120b,1,"The answer correctly explains that burning fossil fuels adds CO₂ and greenhouse gases to the atmosphere, leading to the greenhouse effect and climate change, adequately addressing the question."
MS-ESS3-006,Nemotron 3 Super 120b a12,1,"The answer accurately defines an indicator species and explains its function in monitoring environmental conditions, which satisfies the question and aligns with MS-ESS3-3."
MS-ESS3-009,Nemotron 3 Super 120b a12,1,"The answer correctly states that burning fossil fuels releases greenhouse gases that enhance the greenhouse effect, directly addressing how it affects Earth's atmosphere."
MS-ESS3-008,Gemini Flash 3,1,"The answer accurately defines per-capita consumption as the average resource use per person and correctly describes how it is calculated, which is foundational for understanding the MS-ESS3-4 standard."
MS-ESS3-010,Nemotron 3 Super 120b a12,1,"The answer accurately defines freshwater and correctly explains its limited availability, meeting the question's requirements."
MS-ESS3-009,Gemini Flash 3,1,"The answer accurately identifies the causal link between burning fossil fuels, the release of greenhouse gases, and their impact on global climate patterns as required by the standard."
MS-ESS3-011,OSS 120b,1,"The answer correctly defines methane as a greenhouse gas, identifies major sources, and explains its climate relevance by noting its high heat-trapping potency."
MS-ESS3-012,Nemotron 3 Super 120b a12,1,"The answer correctly defines global average temperature and appropriately describes its purpose for tracking climate change, meeting the expectations of the standard."
MS-ESS3-007,OSS 120b,1,"The answer correctly defines point source pollution as a single identifiable source and nonpoint source pollution as diffuse, spread-out sources, providing appropriate examples."
MS-ESS3-011,Nemotron 3 Super 120b a12,1,"The answer correctly defines methane as a potent greenhouse gas, lists sources, and explains its greater heat‑trapping ability per molecule than CO₂, addressing both parts of the question."
MS-ESS3-011,Gemini Flash 3,1,"The answer accurately defines methane as a greenhouse gas, identifies major sources related to human activity, and correctly states its high potency in trapping heat compared to carbon dioxide."
MS-ESS3-010,Gemini Flash 3,1,The answer accurately defines freshwater and provides correct scientific figures regarding its scarcity and distribution on Earth.
MS-ESS3-010,OSS 120b,1,"The answer correctly defines freshwater and accurately explains why it is limited, providing appropriate evidence."
MS-ESS3-012,Gemini Flash 3,1,The reference answer provides an accurate and age-appropriate definition of global average temperature and explains its significance in tracking climate trends.
MS-ESS3-012,OSS 120b,1,"The answer accurately defines global average temperature as the averaged measurements from land and ocean surfaces, which sufficiently explains the term."
MS-ESS3-013,OSS 120b,1,"The answer correctly explains that coal forms only where ancient plant material was buried, compressed, and heated, which occurred in specific environments and times, leading to its presence in particular rock layers rather than evenly throughout the crust."
MS-ESS3-014,Nemotron 3 Super 120b a12,1,"The answer correctly explains that oil and gas form from buried organic matter transformed by heat and pressure, and are trapped underground by overlying rock layers, which adequately addresses why they are found underground rather than at the surface."
MS-ESS3-014,OSS 120b,1,"The answer correctly explains that burial, heat, pressure, and trapping by overlying rocks keep oil and gas underground, aligning with the geoscience processes required by the standard."
MS-ESS3-013,Gemini Flash 3,1,The answer correctly identifies the biological origin and geological processes of heat and pressure that lead to the uneven spatial and temporal distribution of coal deposits.
MS-ESS3-013,Nemotron 3 Super 120b a12,1,"The answer correctly explains that coal forms from ancient plant material in specific depositional environments, leading to localized concentrations in particular rock layers."
MS-ESS3-015,Gemini Flash 3,1,"The answer accurately identifies specific tectonic processes and mechanisms that lead to the concentration of mineral resources at plate boundaries, fulfilling the requirements of the standard."
MS-ESS3-015,OSS 120b,1,"The answer correctly explains that plate‑tectonic processes (volcanism, subduction, mountain building) concentrate minerals via heat and fluid flow, leading to richer deposits near plate boundaries."
MS-ESS3-015,Nemotron 3 Super 120b a12,1,"The answer correctly explains that tectonic processes such as volcanism, subduction, and mountain building concentrate minerals through heat and fluid movement at plate boundaries, which aligns with the standard."
MS-ESS3-016,OSS 120b,1,"The answer correctly explains that ancient shallow seas accumulated organic material that, under burial, heat, and pressure, transformed into oil and gas, providing a complete, appropriate explanation."
MS-ESS3-014,Gemini Flash 3,1,"The answer correctly identifies the key geoscience processes—burial, heat, pressure, and geological trapping—required for the formation and preservation of fossil fuels at depth."
MS-ESS3-017,OSS 120b,1,"The answer correctly explains that ocean-based sensors detect the tsunami's pressure wave early, providing more warning time than land-based systems."
MS-ESS3-017,Nemotron 3 Super 120b a12,1,"The answer correctly explains that ocean-based sensors detect tsunami waves early, providing advance warning for coastal populations."
MS-ESS3-018,OSS 120b,1,"The answer correctly explains that loose soil can liquefy and amplify shaking, while solid bedrock provides a more stable foundation, making it safer during earthquakes."
MS-ESS3-018,Nemotron 3 Super 120b a12,1,"The answer correctly explains that loose soil can liquefy and amplify shaking while bedrock transmits seismic waves steadily, reducing damage."
MS-ESS3-016,Gemini Flash 3,1,"The answer accurately explains the formation of oil through the burial of marine organisms and subsequent geological transformation, clearly linking past geoscience processes to the current distribution of energy resources as required by MS-ESS3-1."
MS-ESS3-019,OSS 120b,1,"The answer correctly explains that trees act as a riparian buffer, using their roots to absorb and filter fertilizers and chemicals, thereby reducing nutrient runoff and algae blooms, which directly addresses how planting trees reduces farm water pollution."
MS-ESS3-017,Gemini Flash 3,1,"The answer accurately explains that ocean-based sensors detect the tsunami's physical wave travel early, providing crucial evacuation time that land-based sensors alone cannot provide."
MS-ESS3-016,Nemotron 3 Super 120b a12,1,"The answer correctly explains that oil formed from marine organic matter deposited in ancient shallow seas, buried, and transformed by heat and pressure, which satisfies the standard's call for a past‑geoscience‑process explanation of uneven energy resource distribution."
MS-ESS3-018,Gemini Flash 3,1,"The answer accurately explains the phenomena of soil liquefaction and seismic wave amplification, providing a clear and scientifically sound comparison between bedrock and loose soil in the context of earthquake safety."
MS-ESS3-019,Nemotron 3 Super 120b a12,1,"The answer correctly explains that tree roots form a riparian buffer that filters farm runoff, reducing nutrient pollution and algal blooms."
MS-ESS3-020,OSS 120b,1,"The answer correctly explains that catch limits keep removals below reproductive rates, preventing overfishing and population collapse."
MS-ESS3-020,Nemotron 3 Super 120b a12,1,"The answer correctly explains that catch limits set below the reproductive rate allow the fish population to replenish, preventing overfishing and collapse, which aligns with the standard's focus on sustainable human impact management."
MS-ESS3-019,Gemini Flash 3,1,The answer accurately explains how riparian buffers filter agricultural runoff to prevent nutrient pollution and is appropriate for the MS-ESS3-3 middle school standard.
MS-ESS3-021,OSS 120b,1,"The answer correctly explains that monitoring erosion rates reveals soil loss rates, enabling farmers to adopt practices like contour plowing or cover crops to reduce erosion and preserve soil fertility for future crops."
MS-ESS3-020,Gemini Flash 3,1,"The answer accurately explains the scientific principle of matching harvest rates to reproduction rates to ensure sustainability and prevent population collapse, which aligns well with the standard."
MS-ESS3-021,Nemotron 3 Super 120b a12,1,"The answer correctly explains that monitoring erosion rates reveals soil loss and informs adaptive practices, directly linking monitoring to minimizing human impact on land for future crops."
MS-ESS3-022,Nemotron 3 Super 120b a12,1,"The answer accurately explains that coal combustion emits SO₂ and NOₓ that form acid rain, while solar panels produce electricity without these emissions, directly addressing why the switch reduces acid rain."
MS-ESS3-021,Gemini Flash 3,1,"The answer correctly explains how monitoring data informs the selection of specific mitigation strategies to minimize soil loss, which aligns perfectly with the monitoring and minimization requirements of MS-ESS3-3."
MS-ESS3-022,OSS 120b,1,"The answer correctly explains that coal combustion emits sulfur dioxide and nitrogen oxides that cause acid rain, while solar panels generate electricity without those emissions, thus reducing acid rain."
MS-ESS3-023,OSS 120b,1,"The answer correctly explains that population growth increases demand for land (farms, homes, roads), leading to forest clearing, and links this to ecosystem impacts, fully addressing the question."
MS-ESS3-022,Gemini Flash 3,1,"The answer accurately identifies the pollutants responsible for acid rain produced by coal combustion and explains how solar energy avoids these emissions, directly addressing the environmental impact as required by the standard."
MS-ESS3-024,Nemotron 3 Super 120b a12,1,"The answer correctly links population growth to intensified farming, nutrient depletion, and erosion, which reduces soil fertility."
MS-ESS3-023,Nemotron 3 Super 120b a12,1,"The answer correctly explains that a growing population increases the need for farmland, homes, and roads, causing forests to be cleared, and it connects this to impacts on carbon absorption and habitat, fulfilling the standard's requirement."
MS-ESS3-023,Gemini Flash 3,1,The answer accurately explains the causal link between population growth and deforestation while addressing the resulting impacts on Earth's systems as required by the standard.
MS-ESS3-024,Gemini Flash 3,1,"The answer accurately explains the causal link between population growth, increased food demand, and the resulting intensive farming practices that lead to soil nutrient depletion and erosion."
MS-ESS3-024,OSS 120b,1,"The answer correctly explains that a growing population leads to more intensive farming, nutrient depletion, and erosion, which reduce soil fertility, meeting the standard."
MS-ESS3-025,OSS 120b,1,"The answer correctly explains how mining harms ecosystems through habitat loss, water contamination, and erosion, addressing why increased mining damages Earth's systems."
MS-ESS3-025,Nemotron 3 Super 120b a12,1,"The answer correctly identifies habitat destruction, water contamination, and erosion as ways mining harms Earth's systems, which sufficiently addresses the question."
MS-ESS3-026,OSS 120b,1,"The answer correctly explains that increased per‑capita waste leads to soil and groundwater contamination, harming land and water ecosystems, which addresses the question."
MS-ESS3-025,Gemini Flash 3,1,"The answer accurately identifies multiple ways mining impacts Earth's systems, including habitat loss, water contamination, and geosphere disruption, which directly supports the requirements of MS-ESS3-4."
MS-ESS3-026,Nemotron 3 Super 120b a12,1,"The answer correctly explains that increased per‑capita waste leads to harmful substances leaching into soil and groundwater, thereby polluting land and water ecosystems."
MS-ESS3-027,OSS 120b,1,"The answer accurately explains how urban sprawl reduces infiltration, increases runoff, lowers groundwater recharge, and raises flood risk, addressing the water‑cycle impacts of population‑driven expansion."
MS-ESS3-027,Nemotron 3 Super 120b a12,1,"The answer correctly explains how urban sprawl reduces infiltration and groundwater recharge while increasing runoff and flood risk, directly addressing the impact on the water cycle."
MS-ESS3-026,Gemini Flash 3,1,"The answer correctly identifies the causal link between increased per-capita consumption, waste generation, and the resulting pollution of land and water systems."
MS-ESS3-027,Gemini Flash 3,1,"The answer accurately describes how urbanization increases impermeable surfaces, leading to higher runoff and decreased groundwater recharge, which directly addresses the impact of population growth on the water cycle."
MS-ESS3-028,OSS 120b,1,"The answer correctly explains that burning fossil fuels adds CO₂, a greenhouse gas that traps heat, leading to higher global temperatures, which adequately addresses the question."
MS-ESS3-029,OSS 120b,1,"The answer correctly explains that livestock produce methane, a potent greenhouse gas that traps more heat than CO₂, thereby contributing to global warming."
MS-ESS3-028,Nemotron 3 Super 120b a12,1,"The answer correctly explains that burning fossil fuels releases CO₂, a greenhouse gas that traps heat, leading to temperature rise, which sufficiently addresses the question for the middle-school standard."
MS-ESS3-029,Nemotron 3 Super 120b a12,1,"The answer correctly describes livestock methane production and its potent greenhouse effect, directly explaining how it contributes to global warming."
MS-ESS3-028,Gemini Flash 3,1,"The answer accurately explains the link between fossil fuels, carbon dioxide, and the greenhouse effect in a way that is scientifically correct and appropriate for the middle school level."
MS-ESS3-031,OSS 120b,1,"The answer correctly explains that darker surfaces absorb more solar energy than reflective ice, leading to additional warming via the ice‑albedo feedback."
MS-ESS3-030,OSS 120b,1,"The answer correctly explains that converting forests to farmland or cities reduces CO₂ absorption and increases heat absorption due to surface changes, which are key reasons land‑use change warms the climate."
MS-ESS3-029,Gemini Flash 3,1,The answer accurately identifies enteric fermentation as the source of methane and explains its role as a potent greenhouse gas that contributes to global warming.
MS-ESS3-030,Nemotron 3 Super 120b a12,1,"The answer correctly explains that converting forests reduces CO₂ uptake and surface albedo, leading to increased heat absorption and warming."
MS-ESS3-031,Nemotron 3 Super 120b a12,1,"The answer correctly explains that dark surfaces absorb more solar energy than reflective ice, leading to increased warming via the ice‑albedo feedback."
MS-ESS3-031,Gemini Flash 3,1,"The answer accurately explains the concept of albedo and the ice-albedo feedback loop, which is a key mechanism in the warming of the Arctic and the overall global temperature rise."
MS-ESS3-032,OSS 120b,1,The answer correctly identifies a geologic process—variations in underground aquifer distribution due to porous versus impermeable rock—as a plausible explanation for differing well water availability.
MS-ESS3-033,OSS 120b,1,"The answer correctly explains that coal originates from ancient swamp plant matter, making former tropical swamps the appropriate search area and noting deserts lack the necessary organic deposits."
MS-ESS3-033,Nemotron 3 Super 120b a12,1,"The answer correctly explains that coal forms from accumulated plant material in wet, swampy environments, making a former tropical swamp a better place to search for coal than a former desert."
MS-ESS3-030,Gemini Flash 3,1,The answer correctly identifies both the reduction in carbon sequestration and the increase in surface heat absorption as key mechanisms linking land use change to rising temperatures.
MS-ESS3-032,Nemotron 3 Super 120b a12,1,"The answer correctly attributes the well difference to uneven underground aquifer distribution caused by varying rock porosity and permeability, which is a valid geoscience process explaining groundwater resource unevenness."
MS-ESS3-033,Gemini Flash 3,1,"The answer accurately identifies that coal forms from ancient swamp vegetation and explains why a desert environment would lack the necessary organic material, which directly addresses the standard's focus on past geoscience processes."
MS-ESS3-034,OSS 120b,1,"The answer correctly predicts reduced river flow and a consequent drop in the city's water supply due to loss of snowmelt, which directly addresses the question."
MS-ESS3-032,Gemini Flash 3,1,"The answer correctly identifies that the uneven distribution of groundwater is due to underlying geological structures and rock properties, which is a key component of the MS-ESS3-1 standard."
MS-ESS3-034,Nemotron 3 Super 120b a12,1,"The answer correctly explains that reduced snowfall reduces snowmelt and river flow, directly addressing how geoscience processes affect water resource distribution."
MS-ESS3-034,Gemini Flash 3,1,"The answer accurately explains how the reduction of a specific geoscience process (snowfall and melting) impacts the availability of a water resource, which aligns with the standard's requirements."
MS-ESS3-035,OSS 120b,1,"The answer correctly explains that plate boundaries generate heat, pressure, and fluid flow that concentrate copper into ore deposits, addressing why such locations are favorable."
MS-ESS3-036,OSS 120b,1,"The answer correctly interprets the flood frequency data, forecasts a likely flood risk for the school, and recommends avoiding the location, meeting the standard."
MS-ESS3-036,Nemotron 3 Super 120b a12,1,"The answer correctly interprets the flood frequency data as indicating a high risk and recommends building the school on higher ground away from the flood zone, fully addressing the question."
MS-ESS3-035,Nemotron 3 Super 120b a12,1,"The answer correctly describes how plate‑boundary processes concentrate copper via hydrothermal fluids, providing a valid geoscience explanation for uneven mineral distribution."
MS-ESS3-035,Gemini Flash 3,1,The answer accurately identifies hydrothermal activity at subduction zones as the primary geoscience process responsible for concentrating copper into mineable ore deposits.
MS-ESS3-037,OSS 120b,1,"The answer correctly links earthquake data to designing flexible, reinforced structures and foundations to mitigate seismic damage, meeting the standard."
MS-ESS3-037,Gemini Flash 3,1,"The answer accurately describes how earthquake data informs specific engineering design choices to mitigate the impact of the hazard, which aligns perfectly with the standard."
MS-ESS3-036,Gemini Flash 3,1,"The answer correctly interprets the frequency data to identify a recurring risk and suggests a practical mitigation strategy, which aligns with the requirements of MS-ESS3-2."
MS-ESS3-037,Nemotron 3 Super 120b a12,1,"The answer correctly explains that earthquake data should inform construction with flexible materials and deep foundations to absorb shaking, which aligns with using hazard data to develop mitigation technologies as required by MS-ESS3-2."
MS-ESS3-038,OSS 120b,1,"The answer correctly explains that the sensors provide early detection and warning of tsunamis, allowing timely evacuation to protect shore residents."
MS-ESS3-039,OSS 120b,1,"The answer correctly predicts a landslide risk from wet, loose soil and advises evacuation of residents, fully addressing the question."
MS-ESS3-038,Nemotron 3 Super 120b a12,1,"The answer correctly explains that underwater earthquake sensors provide early tsunami detection and warning, enabling people to evacuate to higher ground."
MS-ESS3-040,Nemotron 3 Super 120b a12,1,"The answer correctly explains that past flood zones indicate areas likely to be inundated again, so building outside them reduces future tsunami risk, aligning with the standard's focus on using hazard data for mitigation."
MS-ESS3-039,Gemini Flash 3,1,The answer accurately forecasts a landslide based on soil conditions and provides a logical mitigation recommendation as required by the standard.
MS-ESS3-038,Gemini Flash 3,1,"The answer accurately describes the role of early detection sensors in providing warning time for tsunami evacuation, which aligns with forecasting natural hazards and mitigating their effects."
MS-ESS3-039,Nemotron 3 Super 120b a12,1,"The answer correctly predicts a landslide due to saturated, unstable soil and recommends evacuation for residents below the hill, fulfilling the standard's requirement to analyze data, forecast hazards, and suggest mitigation."
MS-ESS3-040,OSS 120b,1,"The answer correctly explains that using past flood zone maps identifies areas repeatedly affected by tsunamis, so locating the hospital outside those zones reduces risk of future damage."
MS-ESS3-040,Gemini Flash 3,1,The answer accurately explains how historical hazard data is used to forecast future risk and informs mitigation strategies by avoiding high-risk areas.
MS-ESS3-041,OSS 120b,1,"The answer correctly interprets the drought frequency data to forecast future droughts and advises planners to design water storage capable of covering those dry periods, aligning with the standard."
MS-ESS3-042,Nemotron 3 Super 120b a12,1,"The bioswale design correctly uses plants and gravel to filter oil from runoff, directly addressing pollution mitigation for the pond."
MS-ESS3-041,Gemini Flash 3,1,"The answer correctly applies historical hazard data to forecast future events and suggests specific infrastructure design to mitigate the impact, aligning perfectly with standard MS-ESS3-2."
MS-ESS3-042,OSS 120b,1,"The answer correctly identifies a bioswale, a proven storm‑water treatment that captures oil and pollutants before they reach the pond, adequately addressing the minimization request."
MS-ESS3-043,OSS 120b,1,The answer correctly describes how trees mitigate heat islands and provides a clear method (using temperature sensors and control sites) to monitor effectiveness.
MS-ESS3-042,Gemini Flash 3,1,"The bioswale is a scientifically accurate method for filtering runoff pollutants like oil, directly addressing the requirement to minimize human impact on the environment."
MS-ESS3-044,OSS 120b,1,The answer correctly identifies measuring nitrate and phosphate concentrations as a way to monitor nutrient levels driving the algae bloom.
MS-ESS3-041,Nemotron 3 Super 120b a12,1,The answer correctly interprets the drought frequency data to inform adequate water storage capacity for mitigation.
MS-ESS3-043,Gemini Flash 3,1,"The answer correctly identifies the scientific mechanism of cooling (shading and evapotranspiration) and provides a clear, measurable method for monitoring the solution's effectiveness."
MS-ESS3-044,Nemotron 3 Super 120b a12,1,"The answer correctly identifies testing nitrate and phosphate concentrations as a measurement to monitor nutrient levels causing algae blooms, which aligns with the standard's focus on monitoring human environmental impacts."
MS-ESS3-043,Nemotron 3 Super 120b a12,0,
MS-ESS3-045,OSS 120b,1,"The answer correctly explains that owning three cars increases fuel consumption, leading to higher emissions of CO₂ and pollutants, thus worsening air quality, which aligns with the standard."
MS-ESS3-046,Nemotron 3 Super 120b a12,1,"The answer correctly identifies that population growth near the lake increases sewage, fertilizer runoff, pollutants, algae blooms, oxygen depletion, and water demand, which aligns with the standard's focus on human impacts on Earth's systems."
MS-ESS3-046,OSS 120b,1,"The answer correctly links rapid population growth and development to sewage, fertilizer runoff, and pollutant inputs that degrade water quality through algal blooms, oxygen depletion, and reduced lake levels."
MS-ESS3-044,Gemini Flash 3,1,"The answer accurately identifies the specific nutrients (nitrates and phosphates) and the tool needed to monitor the impact of agricultural runoff on the pond ecosystem, which aligns with the standard's monitoring requirement."
MS-ESS3-045,Nemotron 3 Super 120b a12,1,"The answer correctly states that owning three cars increases gasoline burning and pollutant emissions, thereby worsening air quality, which directly addresses the impact of increased per‑capita consumption on Earth's systems."
MS-ESS3-047,Nemotron 3 Super 120b a12,1,"The answer correctly links doubled beef consumption to greater land needs for cattle grazing and feed crops, noting resulting deforestation, habitat loss, biodiversity impacts, and carbon storage changes, which satisfies the standard's requirement for an evidence‑based argument."
MS-ESS3-047,OSS 120b,1,"The answer correctly states that twice the beef consumption would raise land demand for grazing and feed, providing appropriate evidence and linking to broader ecological impacts."
MS-ESS3-046,Gemini Flash 3,1,The answer correctly identifies specific pollutants and resource consumption patterns that result from population growth and explains their negative impacts on the lake ecosystem in alignment with the standard.
MS-ESS3-048,OSS 120b,1,"The answer correctly identifies that fivefold higher water demand can deplete the river’s flow, harming ecosystems and downstream users, matching the standard’s focus on population‑driven resource impacts."
MS-ESS3-047,Gemini Flash 3,1,The answer accurately links an increase in per-capita consumption to increased land demand and provides specific examples of how this impact affects Earth's systems as required by the standard.
MS-ESS3-049,OSS 120b,1,"The answer correctly explains that tree removal reduces CO2 absorption, leaving more greenhouse gas in the atmosphere, which contributes to higher global temperatures."
MS-ESS3-048,Nemotron 3 Super 120b a12,1,"The answer correctly identifies the fivefold increase in water demand and its impacts on river flow, ecosystems, downstream users, and seasonal dryness, satisfying the standard."
MS-ESS3-048,Gemini Flash 3,1,The answer correctly identifies that a five-fold population increase leads to a proportional increase in resource demand and accurately describes the subsequent negative impacts on the river's ecosystem and downstream availability.
MS-ESS3-050,OSS 120b,1,The answer correctly explains the analogy between trapped heat in a car and greenhouse gases retaining Earth's heat.
MS-ESS3-050,Nemotron 3 Super 120b a12,1,"The reference answer correctly explains that car windows, like greenhouse gases, allow incoming solar energy while trapping outgoing heat, directly addressing the analogy asked for in the question."
MS-ESS3-049,Nemotron 3 Super 120b a12,1,"The answer correctly explains that deforestation reduces CO₂ uptake, raising atmospheric CO₂ and enhancing the greenhouse effect, which aligns with the standard's focus on identifying factors behind rising global temperatures."
MS-ESS3-049,Gemini Flash 3,1,"The answer accurately explains the relationship between deforestation, carbon dioxide levels, and the greenhouse effect in a manner appropriate for middle-school standards."
MS-ESS3-051,OSS 120b,1,"The answer correctly predicts a significant decrease in CO2 emissions due to replacing coal with solar, adequately addressing the question."
MS-ESS3-045,Gemini Flash 3,1,The answer correctly identifies that increased car ownership leads to higher resource consumption and explains the resulting negative impact on the atmosphere through increased emissions.
MS-ESS3-050,Gemini Flash 3,1,"The answer accurately explains the greenhouse effect analogy by describing how both car windows and greenhouse gases allow solar radiation to enter while trapping thermal energy, leading to increased temperatures."
MS-ESS3-052,OSS 120b,1,"The answer correctly links increased cattle farming to higher methane emissions, explaining how this enhances the greenhouse effect and raises global temperatures, meeting the standard."
MS-ESS3-051,Nemotron 3 Super 120b a12,1,"The answer correctly predicts a significant decrease in CO₂ emissions when coal is replaced by solar power and connects this reduction to less atmospheric warming, which aligns with the standard’s focus on factors influencing global temperature rise."
MS-ESS3-052,Nemotron 3 Super 120b a12,1,"The answer correctly explains that expanding cattle farming increases methane emissions, a potent greenhouse gas, which enhances the greenhouse effect and raises global temperatures."
MS-ESS3-051,Gemini Flash 3,1,"The answer accurately explains that switching from coal to solar reduces CO2 emissions and correctly links this reduction to the greenhouse effect and global temperature trends, which aligns with the core concepts of standard MS-ESS3-5."
MS-ESS3-052,Gemini Flash 3,1,The answer accurately identifies methane as a potent greenhouse gas and correctly explains the mechanism by which increased cattle farming enhances the greenhouse effect and raises global temperatures.
MS-ETS1-001,OSS 120b,1,The answer correctly defines constraints as limits or restrictions on a design and provides appropriate examples.
MS-ESS3-053,OSS 120b,1,"The answer correctly explains that burning releases the stored carbon instantly as CO₂, causing a rapid increase in greenhouse gases, which makes it worse than simply cutting down trees."
MS-ETS1-002,OSS 120b,1,"The answer correctly explains that defining a design problem involves clearly stating the need, required functions, and applicable limits, matching the standard’s emphasis on criteria and constraints."
MS-ETS1-001,Nemotron 3 Super 120b a12,1,"The answer correctly defines constraints as limits/restrictions and gives relevant examples, which sufficiently addresses the standard's focus on constraints limiting solutions."
MS-ESS3-053,Nemotron 3 Super 120b a12,1,"The answer correctly explains that burning releases stored carbon as CO₂ rapidly, causing a faster increase in greenhouse gases compared to the slower release from merely cutting trees, which adequately addresses the question for the standard."
MS-ETS1-001,Gemini Flash 3,1,The answer accurately defines constraints as limits or restrictions and provides appropriate examples relevant to the MS-ETS1-1 standard.
MS-ETS1-003,OSS 120b,1,"The answer accurately defines a trade‑off as a compromise between design attributes, giving a clear example."
MS-ESS3-053,Gemini Flash 3,1,"The answer accurately explains that combustion results in a rapid release of stored carbon into the atmosphere as CO2, which accelerates the greenhouse effect compared to the slower carbon release of decomposition."
MS-ETS1-003,Nemotron 3 Super 120b a12,1,"The answer accurately defines a trade-off in engineering design and provides a relevant example, which fully addresses the question."
MS-ETS1-002,Gemini Flash 3,1,"The answer accurately captures the core components of defining a problem—identifying the goal, criteria, and constraints—which aligns perfectly with the MS-ETS1-1 standard."
MS-ETS1-004,OSS 120b,1,"The answer correctly defines a design constraint as a limitation such as cost, materials, size, or time, satisfying the question."
MS-ETS1-005,OSS 120b,1,"The answer accurately defines evaluating a design solution as assessing its fit to criteria and constraints with evidence and a systematic process, matching the standard."
MS-ETS1-004,Nemotron 3 Super 120b a12,1,The answer accurately defines a design constraint and provides appropriate examples suitable for middle‑school level.
MS-ETS1-004,Gemini Flash 3,1,The answer provides a clear and accurate definition of a design constraint with appropriate examples that align with the MS-ETS1-2 standard.
MS-ETS1-002,Nemotron 3 Super 120b a12,1,"The answer correctly captures that defining a design problem means stating the problem, what the solution must do (criteria), and what limits apply (constraints), which aligns with the standard’s focus on criteria and constraints."
MS-ETS1-005,Nemotron 3 Super 120b a12,1,"The answer correctly defines 'evaluate' as judging or assessing how well a design meets criteria and constraints using evidence and a systematic process, which aligns with MS‑ETS1‑2."
MS-ETS1-003,Gemini Flash 3,1,"The definition accurately captures the essence of balancing competing design factors and provides a clear, age-appropriate example that aligns with the concept of managing constraints."
MS-ETS1-005,Gemini Flash 3,1,The reference answer accurately defines 'evaluate' within the context of MS-ETS1-2 by mentioning assessment against criteria and constraints using a systematic process.
MS-ETS1-006,Nemotron 3 Super 120b a12,1,"The answer accurately defines a competing design solution as one of multiple designs addressing the same problem for comparison, which is correct and sufficient for the standard."
MS-ETS1-007,OSS 120b,1,"The answer correctly defines a prototype as an early model built for testing before final production, which adequately addresses the question."
MS-ETS1-006,OSS 120b,1,The answer correctly defines a competing design solution as alternative designs addressing the same problem for comparison.
MS-ETS1-007,Nemotron 3 Super 120b a12,1,"The answer accurately defines a prototype as an early testable model, which is appropriate for the middle‑school engineering standard."
MS-ETS1-008,Nemotron 3 Super 120b a12,1,"The answer accurately defines the iterative design process as repeated testing, evaluation, and improvement through multiple refinement cycles, which aligns with the standard's focus on systematic design evaluation."
MS-ETS1-006,Gemini Flash 3,1,"The answer accurately defines competing design solutions as multiple, distinct approaches to the same problem intended for comparison, which aligns with the requirements of the standard."
MS-ETS1-007,Gemini Flash 3,1,The definition accurately captures the core purpose and function of a prototype in the engineering design process at a middle-school level.
MS-ETS1-009,Nemotron 3 Super 120b a12,1,"The answer correctly explains that testing all designs under identical conditions isolates the effect of the designs themselves, enabling a fair comparison as required by the standard."
MS-ETS1-009,OSS 120b,1,"The answer correctly explains that testing under identical conditions allows a fair comparison by attributing performance differences to the designs themselves, aligning with the standard."
MS-ETS1-008,OSS 120b,1,"The answer correctly defines iterative design as repeated testing, evaluation, and refinement in multiple cycles, adequately covering the concept."
MS-ETS1-008,Gemini Flash 3,1,"The answer accurately describes the cyclic nature of testing, evaluating, and refining that defines the iterative design process in an engineering context."
MS-ETS1-010,OSS 120b,1,The answer correctly outlines the main steps of the engineering design process and is sufficiently complete for a middle-school level.
MS-ETS1-009,Gemini Flash 3,1,The answer accurately explains that controlling testing conditions is necessary to ensure a fair comparison by isolating the design as the only variable affecting performance.
MS-ETS1-010,Nemotron 3 Super 120b a12,1,The answer correctly defines the engineering design process and lists its key steps appropriate for middle-school understanding.
MS-ETS1-011,OSS 120b,1,"The answer accurately defines optimization as improving a design to best meet success criteria, often by merging the best features of multiple solutions, which aligns with the standard."
MS-ETS1-011,Nemotron 3 Super 120b a12,1,"The answer accurately defines optimization as improving a design to best meet success criteria, which matches the standard’s focus on combining the best features of multiple solutions."
MS-ETS1-011,Gemini Flash 3,1,The answer accurately defines optimization in the context of the engineering design process and correctly links it to the standard's goal of combining features to improve success.
MS-ETS1-012,OSS 120b,1,"The answer accurately describes comparing design solutions as analyzing test data to identify similarities and differences in meeting criteria and constraints, matching the standard."
MS-ETS1-012,Nemotron 3 Super 120b a12,1,"The answer correctly states that comparing design solutions involves analyzing test data to identify similarities and differences in meeting criteria and constraints, which aligns with MS-ETS1-3."
MS-ETS1-010,Gemini Flash 3,1,"The reference answer accurately defines the engineering design process and lists its essential steps, providing the necessary conceptual foundation for evaluating design solutions as required by the standard."
MS-ETS1-013,Nemotron 3 Super 120b a12,1,"The answer correctly states that testing multiple solutions reveals strengths and weaknesses to combine the best features, aligning with MS‑ETS1‑3."
MS-ETS1-012,Gemini Flash 3,1,"The answer accurately describes the process of analyzing test data to identify similarities and differences in performance relative to criteria and constraints, which aligns with the core requirements of MS-ETS1-3."
MS-ETS1-013,OSS 120b,1,"The answer correctly states that testing multiple designs reveals each one's strengths and weaknesses, enabling the combination of the best features into an improved solution, which aligns with the standard."
MS-ETS1-013,Gemini Flash 3,1,"The answer accurately captures the core objective of MS-ETS1-3, which involves analyzing multiple designs to synthesize their best features into an optimized solution."
MS-ETS1-014,OSS 120b,1,The answer correctly explains that combining features involves selecting the best characteristics from multiple designs to create an improved solution.
MS-ETS1-014,Gemini Flash 3,1,"The answer accurately describes the process of synthesizing the most effective components from multiple prototypes into a single, improved design as intended by the standard."
MS-ETS1-015,OSS 120b,1,"The answer correctly defines the best solution as the design that most fully meets the success criteria within constraints, using test data, matching the engineering design concept."
MS-ETS1-016,Nemotron 3 Super 120b a12,1,"The answer accurately describes a model's purpose in engineering design—testing ideas, gathering data, and predicting performance—and aligns with the standard's focus on using models for iterative testing and modification."
MS-ETS1-014,Nemotron 3 Super 120b a12,1,"The answer correctly describes combining features as selecting the best characteristics from each design to create an improved solution, aligning with the standard."
MS-ETS1-015,Nemotron 3 Super 120b a12,1,"The answer correctly defines the best solution as the design that most fully meets all criteria and constraints, as evidenced by test data, which aligns with the standard's focus on analyzing test data to identify optimal design characteristics."
MS-ETS1-016,OSS 120b,1,"The answer correctly states that a model serves as a representational tool for testing, data collection, and performance prediction, aligning with the engineering design purpose."
MS-ETS1-017,OSS 120b,1,The answer correctly defines optimization in engineering as improving a design to perform as well as possible within constraints and criteria.
MS-ETS1-015,Gemini Flash 3,1,"The answer accurately defines a 'best solution' as one that balances criteria and constraints based on empirical evidence, which aligns with the core principles of engineering design at the middle school level."
MS-ETS1-018,OSS 120b,1,"The answer correctly defines a simulation as a computer-based model that mimics real behavior and enables virtual testing, which aligns with the concept needed for iterative design."
MS-ETS1-016,Gemini Flash 3,1,"The answer accurately describes the purpose of a model in the engineering design process, including data collection and performance testing, which aligns with the requirements of MS-ETS1-4."
MS-ETS1-019,OSS 120b,1,"The answer correctly states that data provides evidence of performance, helps identify issues, and guides design modifications, aligning with the purpose of iterative testing."
MS-ETS1-018,Nemotron 3 Super 120b a12,1,"The answer correctly defines a simulation as a computer-based model that mimics real behavior and enables virtual testing and data collection, which aligns with the standard's purpose of generating data for iterative design improvement."
MS-ETS1-017,Nemotron 3 Super 120b a12,1,"The answer correctly defines optimization as improving a design to perform as well as possible within constraints while best meeting all criteria, which aligns with the engineering concept required for the standard."
MS-ETS1-019,Nemotron 3 Super 120b a12,1,"The answer correctly states that data collection provides evidence to assess design performance and guide improvements, which fulfills the purpose described in MS-ETS1-4."
MS-ETS1-017,Gemini Flash 3,1,The answer accurately defines optimization in an engineering context by emphasizing the balance between meeting criteria and working within constraints to achieve the best possible result.
MS-ETS1-019,Gemini Flash 3,1,The answer accurately reflects the standard's focus on using data from testing to inform iterative improvements and identify design flaws.
MS-ETS1-020,Nemotron 3 Super 120b a12,1,"The answer accurately defines a control variable as a factor held constant to isolate the effect of the changed variable, which is appropriate for middle‑school design testing."
MS-ETS1-021,OSS 120b,1,"The answer correctly defines optimal design as the best solution meeting criteria and constraints, emphasizing iterative testing and improvement."
MS-ETS1-020,OSS 120b,1,"The answer correctly defines a control variable as a factor kept constant to isolate the effect of the independent variable, meeting the standard."
MS-ETS1-021,Nemotron 3 Super 120b a12,1,"The answer correctly defines optimal design as the best solution satisfying criteria and constraints, achieved through iterative testing and improvement, which aligns with the standard's focus on modeling and refinement."
MS-ETS1-018,Gemini Flash 3,1,"The answer accurately defines a simulation as a computer-based model used for virtual testing and data collection, directly supporting the iterative design goals of MS-ETS1-4."
MS-ETS1-022,OSS 120b,1,"The answer correctly explains that precise definitions provide a clear target and enable reliable testing of solutions, which is the essential reason for avoiding vague descriptions."
MS-ETS1-021,Gemini Flash 3,1,"The answer accurately defines optimal design within the context of criteria, constraints, and iterative testing, which aligns perfectly with the MS-ETS1-4 standard."
MS-ETS1-022,Nemotron 3 Super 120b a12,1,"The answer correctly states that precision provides a shared, testable target, which fulfills the standard’s need for clear criteria and constraints to evaluate solutions."
MS-ETS1-020,Gemini Flash 3,1,"The answer accurately defines a control variable as a factor kept constant to ensure a fair test, which is a fundamental concept in iterative design testing at the middle school level."
MS-ETS1-023,Nemotron 3 Super 120b a12,1,"The answer correctly states that a budget limits cost, thereby restricting material and technology options, which accurately captures the role of a budget as a constraint in design problems."
MS-ETS1-022,Gemini Flash 3,1,"The answer accurately explains that precision is necessary for objective testing of solutions and ensuring all stakeholders share a common goal, which directly addresses the core requirement of the standard."
MS-ETS1-024,Nemotron 3 Super 120b a12,1,"The answer correctly explains that design trade-offs cause a solution to excel in some criteria while being weaker in others, which aligns with the standard's focus on evaluating competing solutions."
MS-ETS1-024,Gemini Flash 3,1,"The answer correctly identifies the concept of trade-offs, which is the central reason why a design solution cannot maximize every criterion simultaneously according to the MS-ETS1-2 standard."
MS-ETS1-025,OSS 120b,1,"The answer accurately explains that testing multiple designs allows comparison of performance and identification of strengths to inform an improved solution, matching the standard."
MS-ETS1-023,OSS 120b,1,"The answer correctly explains that a budget limits cost, thereby restricting material and technology choices and eliminating otherwise viable solutions."
MS-ETS1-023,Gemini Flash 3,1,"The answer accurately explains that a budget is a financial limit that restricts design choices to those that are affordable, which is a core concept of constraints in MS-ETS1-1."
MS-ETS1-026,OSS 120b,1,"The answer correctly explains that engineers consider performance on individual criteria and may combine strengths from multiple designs, so a top-scoring overall design might still be rejected."
MS-ETS1-027,Nemotron 3 Super 120b a12,1,"The answer correctly explains that model testing identifies issues and allows improvements cost‑effectively and safely before full‑scale construction, which aligns with the standard's goal of iterative testing for optimal design."
MS-ETS1-024,OSS 120b,1,The answer correctly explains that design trade‑offs cause a solution to excel on some criteria while performing poorly on others.
MS-ETS1-026,Nemotron 3 Super 120b a12,1,"The answer correctly explains that a highest overall score may hide weaknesses in important criteria and that engineers evaluate each criterion to select the best features for combination, which aligns with the standard's focus on analyzing test data to combine the best characteristics."
MS-ETS1-027,OSS 120b,1,"The answer correctly explains that testing models allows engineers to identify issues and refine designs cost‑effectively and safely before full‑scale construction, aligning with the standard."
MS-ETS1-028,Nemotron 3 Super 120b a12,1,"The answer correctly explains that a failed test provides diagnostic information essential for iterative improvement, which directly addresses the question."
MS-ETS1-026,Gemini Flash 3,1,The answer accurately reflects the standard's emphasis on identifying and combining the best characteristics from multiple design solutions rather than simply selecting a single top-scoring prototype.
MS-ETS1-025,Nemotron 3 Super 120b a12,1,"The answer correctly explains that testing multiple designs allows comparison, identification of strengths, and creation of an improved solution, aligning with MS‑ETS1‑3."
MS-ETS1-028,OSS 120b,1,"The answer correctly explains that a failed test provides useful information about design weaknesses, guiding improvements in future iterations."
MS-ETS1-027,Gemini Flash 3,1,"The answer accurately reflects the standard's focus on using models for iterative testing, identifying flaws, and optimizing designs efficiently and safely."
MS-ETS1-025,Gemini Flash 3,1,"The answer accurately explains that testing multiple designs allows for the comparison of performance and the identification of specific strengths to inform an improved final design, which directly aligns with the requirements of MS-ETS1-3."
MS-ETS1-029,OSS 120b,1,"The answer correctly identifies the volume requirement as the criterion and the weight limit as the constraint, fully addressing the question."
MS-ETS1-030,OSS 120b,1,"The answer correctly identifies the limited sunlight as a constraint affecting panel size, battery capacity, and cost, which matches the standard's requirement to define criteria and constraints."
MS-ETS1-029,Nemotron 3 Super 120b a12,1,"The answer correctly identifies holding at least 32 oz as the functional criterion and weighing less than 8 oz as a design constraint, fully addressing the question."
MS-ETS1-028,Gemini Flash 3,1,The answer accurately reflects the iterative nature of the engineering design process by explaining how failure provides the necessary data for making modifications to achieve an optimal design.
MS-ETS1-031,OSS 120b,1,The answer correctly identifies the scientific principle as a specific design criterion (1.5‑inch entrance hole) and explains its importance for meeting the design goal.
MS-ETS1-030,Nemotron 3 Super 120b a12,1,"The answer correctly explains that the 4‑hour sunlight limit requires the solar panel and battery to collect and store enough energy in that time, which constrains panel size, battery capacity, and cost."
MS-ETS1-030,Gemini Flash 3,1,The answer accurately identifies how the environmental limitation of sunlight duration dictates the technical requirements and physical constraints of the design components.
MS-ETS1-029,Gemini Flash 3,1,"The answer accurately identifies the functional goal as the criterion and the physical limitation as the constraint, which aligns correctly with the definitions required by the MS-ETS1-1 standard."
MS-ETS1-031,Gemini Flash 3,1,"The answer accurately demonstrates how a scientific principle is used to define a precise criterion for a successful design solution, as required by the MS-ETS1-1 standard."
MS-ETS1-032,OSS 120b,1,"The answer correctly identifies the environmental impact as a design constraint, specifying criteria like biodegradable or recyclable materials, aligning with the standard's focus on defining constraints to address environmental impacts."
MS-ETS1-031,Nemotron 3 Super 120b a12,1,"The answer correctly identifies the bluebird preference as a precise design criterion and explains the consequence of ignoring it, satisfying the standard."
MS-ETS1-032,Nemotron 3 Super 120b a12,1,The answer correctly identifies the long degradation time as an environmental constraint that should be incorporated into the design problem definition.
MS-ETS1-033,OSS 120b,1,The answer correctly states the dam failed the 2‑minute criterion and advises redesigning the dam to improve its performance.
MS-ETS1-032,Gemini Flash 3,1,"The answer correctly identifies that environmental impacts should be addressed by setting constraints, which aligns with the MS-ETS1-1 requirement to consider impacts on the environment when defining a design problem."
MS-ETS1-034,OSS 120b,1,"The answer correctly explains that a specific time provides a measurable, testable target, making the criterion clear and evaluable, which aligns with the need for precise design criteria."
MS-ETS1-034,Gemini Flash 3,1,"The answer correctly identifies that precise, measurable criteria are essential for testing and evaluating the success of a design, which directly aligns with the requirements of standard MS-ETS1-1."
MS-ETS1-033,Gemini Flash 3,1,The answer accurately identifies that the success criterion was not met and provides a logical next step in the iterative engineering design process.
MS-ETS1-034,Nemotron 3 Super 120b a12,1,"The answer correctly explains that a specific time provides a measurable, testable target, which satisfies the need for precise criteria in the design problem."
MS-ETS1-035,Nemotron 3 Super 120b a12,1,"The answer correctly identifies that the low average wind speed imposes a design constraint requiring blades that can operate effectively at 8 mph, which aligns with defining criteria and constraints for the design problem."
MS-ETS1-036,Nemotron 3 Super 120b a12,1,The answer correctly identifies the statement as a constraint tied to environmental impacts and provides appropriate design implications.
MS-ETS1-035,OSS 120b,1,"The answer correctly identifies the low average wind speed as a design constraint, stating that the turbine must be capable of generating power at 8 mph and that higher‑speed designs would fail."
MS-ETS1-035,Gemini Flash 3,1,"The answer correctly identifies the environmental wind speed as a constraint and explains how it dictates the functional requirements of the turbine design, aligning with the standard's focus on defining constraints."
MS-ETS1-033,Nemotron 3 Super 120b a12,1,"The answer correctly states the dam fails the 2‑minute criterion and proposes a reasonable redesign step, satisfying the standard’s requirement to define criteria and constraints."
MS-ETS1-036,OSS 120b,1,"The answer correctly identifies the requirement as a constraint and explains its impact on design choices, matching the standard."
MS-ETS1-037,OSS 120b,1,"The answer correctly identifies that the design fails to meet the cost constraint, thus the problem is not solved successfully."
MS-ETS1-037,Nemotron 3 Super 120b a12,1,"The answer correctly notes that exceeding the $8,000 budget violates a constraint, so the design is not successful, which matches the standard's requirement to satisfy all criteria and constraints."
MS-ETS1-036,Gemini Flash 3,1,"The answer accurately identifies the requirement as a constraint, correctly references the environmental impact aspect of the standard, and provides specific examples of how it limits design choices."
MS-ETS1-038,OSS 120b,1,The answer correctly identifies the truss design as stronger based on test results and explains that systematic testing provides measurable data to evaluate designs against the strength criterion.
MS-ETS1-037,Gemini Flash 3,1,"The answer correctly identifies that the design fails because it violates the budget constraint, which is a fundamental requirement for a successful solution as defined in standard MS-ETS1-1."
MS-ETS1-038,Gemini Flash 3,1,The answer correctly identifies the superior design based on testing data and explains how systematic testing provides objective evidence for comparing designs against criteria.
MS-ETS1-039,OSS 120b,1,"The answer correctly identifies Design A as the better choice because it meets both the budget constraint and the primary performance criterion, while Design B fails the security criterion."
MS-ETS1-038,Nemotron 3 Super 120b a12,1,The answer correctly identifies the truss design as better meeting the strength criterion because it held twice the weight and explains that systematic testing provides measurable data for objective comparison.
MS-ETS1-039,Nemotron 3 Super 120b a12,1,"The answer correctly evaluates both designs against the budget constraint and the performance criterion, concluding that Design A better meets both criteria and constraints."
MS-ETS1-040,OSS 120b,1,"The answer correctly identifies Cooker A as better because it raises the water temperature more within the same time, directly meeting the design criterion."
MS-ETS1-041,OSS 120b,1,The answer correctly identifies the steep‑pitched roof as better for preventing leaks and explains that the test demonstrates the impact of roof pitch on water drainage.
MS-ETS1-039,Gemini Flash 3,1,The reference answer correctly identifies the superior design by evaluating both solutions against the specified budget constraint and performance criterion as required by the MS-ETS1-2 standard.
MS-ETS1-041,Nemotron 3 Super 120b a12,1,The answer correctly identifies Team 1’s steep‑pitched roof as meeting the no‑leak criterion and explains that the test shows pitch angle directly affects drainage performance.
MS-ETS1-042,OSS 120b,1,"The answer correctly identifies Helmet A as better because it transfers less force, directly addressing the protection criterion."
MS-ETS1-040,Gemini Flash 3,1,"The answer correctly identifies Cooker A as the better design based on the specified criterion and provides a clear, data-driven comparison of the two designs."
MS-ETS1-040,Nemotron 3 Super 120b a12,1,"The reference answer correctly identifies Cooker A as superior based on the higher temperature increase, directly addressing the criterion to maximize heating."
MS-ETS1-041,Gemini Flash 3,1,The answer accurately evaluates the two designs against the criteria based on the provided test data and correctly identifies the relationship between pitch angle and drainage.
MS-ETS1-042,Nemotron 3 Super 120b a12,1,"The answer correctly identifies Helmet A as better because lower transferred force indicates better protection, which directly addresses the criterion."
MS-ETS1-043,OSS 120b,1,"The answer correctly explains that the numeric scale quantifies clarity, enabling direct comparison of the designs against the criterion."
MS-ETS1-042,Gemini Flash 3,1,The answer correctly identifies Helmet A as the superior design based on the quantitative data provided and explains that lower transferred force correlates with better protection.
MS-ETS1-043,Nemotron 3 Super 120b a12,1,"The answer correctly explains that the numeric scale provides measurable data for direct comparison, showing which filter better meets the clarity criterion, which fully addresses the question."
MS-ETS1-044,OSS 120b,1,"The answer correctly explains that using the same load controls variables so differences in pressure are due to strap design, ensuring a fair, systematic comparison."
MS-ETS1-045,OSS 120b,1,"The answer correctly identifies Design B as meeting the 5‑minute criterion and states that Design A should be revised/improved, which satisfies the question."
MS-ETS1-043,Gemini Flash 3,1,"The answer correctly identifies that quantification allows for an objective, systematic comparison of the designs against the stated criteria, which aligns with the requirements of MS-ETS1-2."
MS-ETS1-044,Gemini Flash 3,1,The reference answer correctly identifies that controlling variables is a necessary part of a systematic evaluation to ensure that differences in performance are due to the design itself rather than external factors.
MS-ETS1-044,Nemotron 3 Super 120b a12,1,"The answer correctly states that keeping the load weight equal ensures a fair test by isolating the strap design as the only variable affecting shoulder pressure, which is essential for a systematic comparison as required by MS-ETS1-2."
MS-ETS1-045,Gemini Flash 3,1,The answer correctly identifies the design that meets the specified criteria and appropriately suggests revising and retesting the failing design according to the engineering design process.
MS-ETS1-045,Nemotron 3 Super 120b a12,1,"The reference answer correctly identifies Design B as meeting the ≥5‑minute criterion and appropriately recommends revising and retesting Design A, fulfilling the evaluation requirement of MS-ETS1-2."
MS-ETS1-046,OSS 120b,1,"The answer correctly predicts that a parachute combining the widest canopy, lightest weight, and strongest strings would outperform any single design in protecting the egg during landing."
MS-ETS1-046,Nemotron 3 Super 120b a12,1,"The answer correctly explains that combining the widest canopy (max air resistance), lightest weight (less inertia), and strongest strings (no snap) would improve the parachute's performance and better protect the egg than any single design."
MS-ETS1-047,OSS 120b,0,"The answer overstated the outcome by implying the new filter will produce completely clean water faster, neglecting the possibility that dirt may still pass through."
MS-ETS1-047,Gemini Flash 3,1,"The answer correctly identifies that combining the strengths of both designs results in a filter that is both effective at cleaning and efficient in speed, which directly aligns with the standard's focus on combining best characteristics."
MS-ETS1-048,Nemotron 3 Super 120b a12,1,"The answer correctly combines Model A's wide base for stability with Model B's flexible frame to absorb shaking, addressing both tipping and cracking."
MS-ETS1-048,OSS 120b,1,"The answer correctly identifies the best features from each model (wide base and flexible frame) and explains how combining them improves performance, fulfilling the standard."
MS-ETS1-049,OSS 120b,1,"The answer correctly identifies that combining the best features solves the combined problems of keeping food cold, preventing leaks, and staying securely closed, which is the intended solution."
MS-ETS1-048,Gemini Flash 3,1,"The answer correctly identifies the successful features of both models and explains how their combination addresses the specific failures observed in the test data, fulfilling the requirements of MS-ETS1-3."
MS-ETS1-046,Gemini Flash 3,0,"The answer contains a scientific inaccuracy by stating that 'less weight' would slow the parachute down, when weight is actually the downward force that opposes the air resistance."
MS-ETS1-047,Nemotron 3 Super 120b a12,1,"The answer correctly predicts that combining Filter 1’s bacteria‑removing strength with Filter 2’s fast‑flow design yields a filter that provides clean water more quickly, reflecting the best characteristics of each design."
MS-ETS1-049,Nemotron 3 Super 120b a12,1,"The reference answer correctly states that combining the best features yields a bag that keeps food cold, prevents leaks, and stays securely closed, thus solving all three lunch‑bag problems better than any single bag, which aligns with the standard's goal of identifying and combining optimal design"
MS-ETS1-049,Gemini Flash 3,1,"The answer correctly identifies how combining the best features of multiple designs creates a superior solution that meets all success criteria simultaneously, directly aligning with the MS-ETS1-3 standard."
MS-ETS1-050,OSS 120b,1,The answer correctly predicts that Car D would be faster and travel farther than each of the other cars by combining the advantageous features of all three.
MS-ETS1-051,OSS 120b,1,"The answer correctly predicts that the hybrid helmet would improve impact absorption while retaining light weight, addressing the expected improvement."
MS-ETS1-050,Gemini Flash 3,1,The answer correctly identifies that combining the optimized features from the three designs into one will result in a superior model that performs better than any of the individual prototypes.
MS-ETS1-051,Nemotron 3 Super 120b a12,1,"The answer correctly combines the best traits of each helmet (impact absorption from A, light weight from B) and states the expected improvement, satisfying the standard's goal of identifying and integrating optimal design characteristics."
MS-ETS1-053,Nemotron 3 Super 120b a12,1,"The answer correctly identifies the process as iterative design/testing and modification, aligning with MS-ETS1-4’s focus on generating data through repeated testing and improvement to achieve an optimal design."
MS-ETS1-051,Gemini Flash 3,1,"The answer accurately describes how combining the best features of two designs results in a new solution that optimizes both impact absorption and weight, which directly aligns with the standard MS-ETS1-3."
MS-ETS1-053,OSS 120b,1,"The answer correctly identifies the process as iterative design, which matches the described testing, problem identification, and improvement cycle."
MS-ETS1-052,OSS 120b,1,The answer correctly identifies that A's air‑pocket raises the raft to prevent splashing and B's wide platform provides stability to stop wobbling.
MS-ETS1-054,OSS 120b,1,"The answer correctly explains that changing one variable at a time isolates the effect of that change, aligning with the iterative testing principle."
MS-ETS1-054,Nemotron 3 Super 120b a12,1,"The answer correctly explains that isolating one variable allows identification of cause-and-effect, which is essential for iterative testing and design improvement per the standard."
MS-ETS1-052,Gemini Flash 3,1,"The answer accurately identifies how the specific features from each design address the identified weaknesses of the other, directly fulfilling the requirement to analyze and combine successful design characteristics."
MS-ETS1-052,Nemotron 3 Super 120b a12,1,"The reference answer correctly identifies that the air‑pocket base solves the low‑float/splashing problem and the wide platform solves the wobbling problem, fully addressing the question."
MS-ETS1-050,Nemotron 3 Super 120b a12,1,"The answer correctly predicts that combining low friction, aerodynamic shape, and balanced weight would yield greater speed and distance, aligning with the standard's goal of identifying the best combined characteristics."
MS-ETS1-054,Gemini Flash 3,1,"The answer accurately explains the necessity of isolating variables in iterative testing to identify which specific modification leads to an improvement in design, which is a core component of MS-ETS1-4."
MS-ETS1-053,Gemini Flash 3,1,"The answer correctly identifies 'iterative design' as the process described in the scenario and explains how the cycle of testing and modification leads to an improved design, which aligns perfectly with the standard."
MS-ETS1-055,OSS 120b,1,"The answer correctly explains that the small model provides data for iterative testing and adjustment of filter layers, guiding the design of an optimal full-size filter."
MS-ETS1-055,Nemotron 3 Super 120b a12,1,"The answer correctly explains that the small model provides data for iterative testing and modification of filter layers to achieve an optimal design before scaling up, which aligns with MS-ETS1-4."
MS-ETS1-055,Gemini Flash 3,1,"The answer correctly identifies that a model provides data for iterative testing and optimization, which are the core components of standard MS-ETS1-4."
MS-ETS1-056,Gemini Flash 3,1,"The answer accurately identifies the goal of iterative testing in engineering design, which is to verify if a modification leads to a performance improvement toward an optimal result."
MS-ETS1-057,Nemotron 3 Super 120b a12,1,The reference answer correctly explains that the graph visualizes the effect of each modification and indicates optimal design when launch distance plateaus at the goal.
MS-PS1-047,Nemotron 3 Super 120b a12,1,"The answer accurately defines elements and compounds, correctly highlighting the difference in atomic composition, which satisfies the standard's focus on describing atomic composition of substances."
MS-ETS1-056,Nemotron 3 Super 120b a12,1,"The answer correctly states she hopes for a higher temperature to show the modification improved performance, which matches the standard’s goal of using test data to iteratively refine a design toward optimality."
MS-PS1-047,OSS 120b,1,"The answer correctly distinguishes elements (single type of atom) from compounds (two or more different elements chemically bonded), meeting the standard."
MS-ETS1-057,Gemini Flash 3,1,The answer accurately explains how visualizing data trends through a graph allows a designer to track improvements and identify the peak performance necessary for an optimal design.
MS-PS1-047,Gemini Flash 3,1,"The answer accurately distinguishes between elements and compounds based on their atomic composition, which is a foundational concept for the MS-PS1-1 standard."
MS-PS1-048,OSS 120b,1,"The answer correctly defines a physical property and provides appropriate examples, fully addressing the question."
MS-PS1-049,Nemotron 3 Super 120b a12,1,"The answer correctly identifies sand, soda ash, and limestone as natural resources used to make glass, which fully addresses the question."
MS-PS1-048,Nemotron 3 Super 120b a12,1,"The reference answer correctly defines a physical property and provides appropriate examples, which aligns with the standard's focus on distinguishing physical from chemical changes."
MS-ETS1-057,OSS 120b,1,"The answer correctly explains that the graph lets the student see performance trends and identify when improvements plateau, indicating an optimal design."
MS-ETS1-056,OSS 120b,1,"The answer correctly identifies that the student expects the new data to show a higher temperature, indicating that the added reflectors improve solar oven performance."
MS-PS1-048,Gemini Flash 3,1,The reference answer provides an accurate definition of a physical property and includes relevant examples that align with the foundational knowledge required for the MS-PS1-2 standard.
MS-PS1-049,OSS 120b,1,"The answer correctly lists the natural mineral resources (sand, soda ash, limestone) used to make glass, fulfilling the question and standard."
MS-PS1-050,Nemotron 3 Super 120b a12,1,The answer correctly identifies Antoine Lavoisier as the scientist who first stated the law of conservation of mass based on experimental evidence.
MS-PS1-051,OSS 120b,1,"The answer accurately defines a balanced equation as having equal numbers of each type of atom on both sides, reflecting conservation of atoms."
MS-PS1-050,OSS 120b,1,The answer correctly identifies Antoine Lavoisier as the first to clearly state the law of conservation of mass based on experiments.
MS-PS1-051,Nemotron 3 Super 120b a12,1,"The answer correctly states that a balanced chemical equation has equal numbers of each type of atom on both sides, illustrating atom conservation."
MS-PS1-052,OSS 120b,1,"The answer correctly explains that added heat is used for breaking intermolecular bonds (latent heat) rather than increasing kinetic energy, keeping temperature constant during melting."
MS-PS1-051,Gemini Flash 3,1,The answer accurately defines a balanced equation and correctly links it to the conservation of atoms as required by standard MS-PS1-5.
MS-PS1-050,Gemini Flash 3,1,"Antoine Lavoisier is correctly identified as the scientist who formulated the law of conservation of mass through rigorous experimental measurement, which aligns with the historical context of the standard."
MS-PS1-049,Gemini Flash 3,1,"The answer accurately identifies sand, soda ash, and limestone as the primary natural resources used to produce glass, which directly addresses the first part of the MS-PS1-3 standard."
MS-PS1-053,Nemotron 3 Super 120b a12,1,"The answer correctly states that a water molecule consists of two hydrogen atoms and one oxygen atom, directly addressing the question."
MS-PS1-053,OSS 120b,1,"The answer correctly identifies that breaking a water molecule yields two hydrogen atoms and one oxygen atom, fully addressing the question."
MS-PS1-052,Nemotron 3 Super 120b a12,1,"The answer correctly explains that added thermal energy during melting is used to break intermolecular bonds rather than increase particle kinetic energy, keeping temperature constant until the phase change completes, which aligns with the standard's focus on particle motion, temperature, and state "
MS-PS1-054,OSS 120b,1,The answer correctly identifies that a CO₂ molecule consists of three atoms: one carbon and two oxygen atoms.
MS-PS1-052,Gemini Flash 3,1,"The answer correctly explains that during a phase change, thermal energy is used to overcome intermolecular forces (potential energy) rather than increasing particle speed (kinetic energy), which is what temperature measures."
MS-PS1-054,Nemotron 3 Super 120b a12,1,"The answer correctly states that a CO₂ molecule consists of one carbon and two oxygen atoms, which fully addresses the question about modeling a gas molecule's atomic composition."
MS-PS1-054,Gemini Flash 3,1,"The answer accurately identifies the atomic composition of carbon dioxide as one carbon atom and two oxygen atoms, which directly fulfills the requirements of the standard."
MS-PS1-053,Gemini Flash 3,1,"The answer accurately identifies the types and quantities of atoms in a water molecule, which directly aligns with the middle-school standard for describing atomic composition."
MS-PS1-055,OSS 120b,1,"The answer correctly states that the ash and gases are different substances from the original wood, indicating a chemical reaction occurred."
MS-PS1-055,Nemotron 3 Super 120b a12,1,"The answer correctly states that ash and gases are new substances with different properties than the original wood, which meets the standard's requirement to analyze whether a chemical reaction occurred."
MS-PS1-055,Gemini Flash 3,1,"The answer correctly identifies that burning is a chemical reaction that produces new substances and provides specific property changes as evidence, which aligns with the requirements of MS-PS1-2."
MS-PS1-057,OSS 120b,1,"The answer correctly identifies petroleum (crude oil) as the natural resource from which plastic bottles are derived, meeting the question's requirement."
MS-PS1-056,Nemotron 3 Super 120b a12,1,"The answer correctly applies the law of conservation of mass to the combustion reaction, identifying the relevant products and stating that total mass of stub plus gases equals the original candle mass."
MS-PS1-057,Nemotron 3 Super 120b a12,1,"The answer correctly identifies petroleum (crude oil) as the natural resource from which most plastic water bottles are derived, fulfilling the standard's requirement to trace synthetic materials to natural resources."
MS-PS1-056,OSS 120b,0,"The answer incorrectly states the total mass of the stub and gases equals the original candle, ignoring the added mass of oxygen from the air that participates in combustion."
MS-PS1-057,Gemini Flash 3,1,"The answer accurately identifies petroleum as the natural resource for plastic and describes the chemical processing required to create the synthetic material, which aligns with the standard."
MS-PS1-056,Gemini Flash 3,0,"The answer is incorrect because it fails to account for the mass of the oxygen reactant consumed during combustion, meaning the mass of the products would actually be greater than the mass of the original candle alone."
MS-PS1-058,OSS 120b,1,The answer correctly identifies aspirin as synthetic and explains that the chemical processing from a natural resource creates a new substance not found in nature.
MS-PS1-058,Nemotron 3 Super 120b a12,1,"The answer correctly states aspirin is synthetic because it is chemically processed from a natural resource, creating a new substance not found in nature, which aligns with the standard's concept of synthetic materials derived from natural resources."
MS-PS1-058,Gemini Flash 3,1,The answer accurately identifies aspirin as synthetic and correctly explains that synthetic materials are chemically transformed from natural resources into new substances.
MS-PS1-059,OSS 120b,1,"The answer correctly describes how added thermal energy increases particle motion, allowing water molecules to overcome intermolecular forces, change state to gas, and disperse, meeting the standard's expectations."
MS-PS1-060,Nemotron 3 Super 120b a12,1,"The answer correctly states that mass is conserved overall, noting that the apparent loss is due to CO₂ gas escaping, and that a sealed system would show no mass change, aligning with MS-PS1-5."
MS-PS1-060,OSS 120b,1,"The answer correctly explains that mass is conserved overall and the observed weight loss is due to CO₂ gas escaping, aligning with the conservation of atoms concept."
MS-PS1-059,Nemotron 3 Super 120b a12,1,"The answer correctly describes how added thermal energy increases particle motion, enabling water molecules to escape as steam and spread apart, which aligns with the standard's focus on particle motion, temperature, and state changes."
MS-PS2-065,Nemotron 3 Super 120b a12,1,"The answer correctly states that magnetic force weakens with increased distance, addressing the factor of separation as required by the standard."
MS-PS1-059,Gemini Flash 3,1,"The answer accurately describes the relationship between adding thermal energy, increased particle motion, and the resulting change of state from liquid to gas as required by the standard."
MS-PS2-065,OSS 120b,1,"The answer correctly states that increasing the distance between magnets weakens the magnetic force, directly addressing the question."
MS-PS1-060,Gemini Flash 3,1,"The answer accurately explains the conservation of mass and atoms while accounting for the escape of gas in an open system, which directly addresses the requirements of standard MS-PS1-5."
MS-PS2-065,Gemini Flash 3,1,"The answer accurately describes the inverse relationship between distance and magnetic force strength, which is a core concept for standard MS-PS2-3."
MS-PS2-066,OSS 120b,1,"The answer correctly states that gravity acts between any two masses, not just Earth, fulfilling the question and the standard."
MS-PS2-067,Nemotron 3 Super 120b a12,1,"The reference answer correctly states that increasing the mass of one object increases the gravitational force, aligning with the standard's claim that gravitational interactions depend on mass."
MS-PS2-067,OSS 120b,1,"The answer correctly states that increasing one object's mass increases the gravitational force, matching the concept that force depends on mass."
MS-PS2-066,Nemotron 3 Super 120b a12,1,"The answer correctly states that gravity acts between any two objects with mass and is attractive, directly addressing the standard's claim about gravitational interactions depending on mass."
MS-PS2-066,Gemini Flash 3,1,"The answer correctly and clearly explains that gravity is a universal force acting between all objects with mass, directly addressing the question in alignment with the standard."
MS-PS2-069,OSS 120b,1,"The answer correctly explains that action-reaction forces act on different objects and therefore do not cancel, providing a complete explanation suitable for the standard."
MS-PS2-067,Gemini Flash 3,1,"The answer accurately describes the proportional relationship between mass and gravitational force, which directly aligns with the requirements of the MS-PS2-4 standard."
MS-PS2-069,Nemotron 3 Super 120b a12,1,"The answer correctly states that the equal‑and‑opposite force pair acts on different objects, so they do not cancel and each force influences the motion of the object it acts on."
MS-PS2-068,OSS 120b,1,"The answer correctly identifies the Moon as having the stronger pull and explains that it is due to its much larger mass, addressing the mass-dependence aspect of gravitational interaction."
MS-PS2-070,OSS 120b,1,"The answer correctly states that gravitational force depends on both masses and increases with each, aligning with the standard’s requirement."
MS-PS2-068,Gemini Flash 3,1,"The answer correctly identifies the Moon as having a stronger pull due to its much larger mass, which directly addresses the mass-dependency requirement of standard MS-PS2-4."
MS-PS2-071,OSS 120b,1,"The answer correctly explains that an invisible magnetic field exerts a force on the paper clip, allowing attraction without contact, which aligns with the standard."
MS-PS2-069,Gemini Flash 3,1,The answer accurately explains that Newton's Third Law forces do not cancel because they act on two different objects rather than a single object.
MS-PS2-071,Gemini Flash 3,1,"The answer accurately explains the concept of a magnetic field and how it exerts force at a distance, which directly addresses the core requirement of standard MS-PS2-5."
MS-PS2-070,Gemini Flash 3,1,"The answer accurately states that gravitational force is directly proportional to the mass of both interacting objects, which correctly addresses the specific question and the requirements of the standard."
MS-PS2-071,Nemotron 3 Super 120b a12,1,"The answer correctly explains that a magnet's invisible magnetic field exerts a force on a paper clip at a distance, which aligns with the standard's goal of showing fields can exert forces without contact."
MS-PS2-070,Nemotron 3 Super 120b a12,1,"The answer correctly states that gravitational force increases with the mass of either object, which aligns with the claim that gravitational interactions depend on mass."
MS-PS2-072,OSS 120b,1,The answer correctly states that the players exert equal and opposite forces on each other and explains the differing motion effects due to their different masses.
MS-PS2-072,Nemotron 3 Super 120b a12,1,"The answer correctly states that forces are equal and opposite per Newton's Third Law and explains the observable effect using the relationship between force, mass, and acceleration, which sufficiently addresses the standard."
MS-PS2-073,OSS 120b,1,"The answer correctly states the box moves right and that the net force is 20 N to the right, fully addressing both parts of the question."
MS-PS2-072,Gemini Flash 3,1,"The answer correctly identifies that forces are equal in magnitude and opposite in direction according to Newton's Third Law, while also accurately explaining the resulting motion based on the players' masses."
MS-PS2-074,OSS 120b,1,"The answer correctly states that the lighter soccer ball accelerates more because the same force produces greater acceleration on a smaller mass, addressing the core concept."
MS-PS2-068,Nemotron 3 Super 120b a12,1,"The answer correctly states that the Moon’s greater mass gives it a stronger gravitational pull on Earth, aligning with the mass‑dependence claim of the standard."
MS-PS2-074,Nemotron 3 Super 120b a12,1,"The answer correctly applies Newton's second law, explaining that equal force produces greater acceleration and thus greater speed change for the lower‑mass soccer ball."
MS-PS2-073,Nemotron 3 Super 120b a12,1,"The answer correctly computes the net force as 20 N to the right and states that the box moves (accelerates) in that direction, which satisfies the question and aligns with MS‑PS2‑2."
MS-PS2-074,Gemini Flash 3,1,"The answer correctly identifies that the soccer ball's lower mass results in a greater change in speed when the same force is applied, accurately reflecting the relationship between force, mass, and acceleration."
MS-PS2-075,OSS 120b,1,"The answer correctly identifies the small car as stopping in a shorter distance and explains it using the relationship between force, mass, and acceleration."
MS-PS2-073,Gemini Flash 3,1,The answer correctly calculates the net force by finding the sum of the opposing force vectors and identifies that the object will accelerate in the direction of that net force.
MS-PS2-076,OSS 120b,1,"The answer correctly states that the electric force decreases as the distance between the charged balloon and the paper increases, fully addressing the question."
MS-PS2-075,Nemotron 3 Super 120b a12,1,"The answer correctly applies Newton's second law to show that equal braking force produces greater deceleration on the smaller‑mass car, resulting in a shorter stopping distance."
MS-PS2-075,Gemini Flash 3,1,"The answer correctly applies Newton's Second Law by explaining that less mass results in greater deceleration for a constant force, leading to a shorter stopping distance."
MS-PS2-077,OSS 120b,1,"The answer correctly explains that Jupiter's greater mass leads to stronger gravity, aligning with the standard that gravitational attraction depends on mass."
MS-PS2-077,Nemotron 3 Super 120b a12,1,"The answer correctly explains that Jupiter's greater mass results in a stronger gravitational pull, aligning with the standard's focus on mass‑dependent gravitational attraction."
MS-PS2-076,Gemini Flash 3,1,"The answer accurately states that electric force decreases as distance increases, which is a fundamental relationship required by the MS-PS2-3 standard."
MS-PS2-078,Nemotron 3 Super 120b a12,1,"The answer correctly states that the Moon's gravity attracts the astronaut (gravitational interactions are always attractive) and explains that the pull is weaker than Earth's due to the Moon's lower mass, meeting the standard's requirements."
MS-PS2-076,Nemotron 3 Super 120b a12,1,"The answer correctly states that the electric force weakens with increasing distance, which aligns with the inverse‑square relationship governing electric forces."
MS-PS2-077,Gemini Flash 3,1,"The answer correctly identifies that Jupiter's greater mass results in a stronger gravitational pull, which directly aligns with the middle-school standard focusing on the relationship between mass and gravity."
MS-PS2-079,OSS 120b,1,"The answer correctly explains that Earth's gravitational field exerts a force on the ball without physical contact, meeting the standard."
MS-PS2-079,Nemotron 3 Super 120b a12,1,"The answer correctly describes Earth's gravitational field as a non-contact force acting on the ball, aligning with the standard."
MS-PS2-078,OSS 120b,1,"The answer correctly states that the Moon’s gravity will pull the astronaut toward its surface and explains this using the attractive nature of gravity and the dependence on mass, matching the standard."
MS-PS3-059,Nemotron 3 Super 120b a12,1,Doubling speed quadruples kinetic energy because kinetic energy is proportional to the square of speed.
MS-PS3-059,OSS 120b,1,"The answer correctly states that KE becomes four times larger when speed doubles, accurately reflecting the KE ∝ v² relationship."
MS-PS3-060,OSS 120b,1,"The answer correctly states that the object with greater mass has more kinetic energy, accurately reflecting the KE relationship for equal speeds."
MS-PS2-078,Gemini Flash 3,1,"The answer accurately states that gravity is always attractive and correctly identifies that the strength of the pull depends on mass, fulfilling the requirements of the standard."
MS-PS3-060,Nemotron 3 Super 120b a12,1,"The answer correctly states that greater mass yields greater kinetic energy at constant speed, which aligns with KE = ½mv²."
MS-PS2-079,Gemini Flash 3,1,"The answer correctly identifies the gravitational field as the mechanism that exerts a non-contact force on the ball, directly addressing the core concept of the MS-PS2-5 standard."
MS-PS3-061,OSS 120b,1,"The answer correctly explains that higher speed greatly increases kinetic energy (proportional to speed squared), accounting for the greater damage in a crash."
MS-PS3-059,Gemini Flash 3,1,The answer accurately describes the quadratic relationship between speed and kinetic energy as required by the MS-PS3-1 standard.
MS-PS3-062,Nemotron 3 Super 120b a12,1,"The answer correctly explains that water's higher specific heat capacity requires more energy to raise its temperature, linking energy transfer, type of matter, mass, and particle kinetic energy as required by the standard."
MS-PS3-062,OSS 120b,1,"The answer correctly explains that water's higher specific heat capacity requires more energy to raise its temperature, addressing the relationship between matter type, energy transferred, and temperature change."
MS-PS3-061,Gemini Flash 3,1,"The answer accurately explains the relationship between speed and kinetic energy as defined by the standard, specifically noting the squared relationship which accounts for the increased damage."
MS-PS3-061,Nemotron 3 Super 120b a12,1,"The answer correctly states that kinetic energy increases with the square of speed, explaining why a faster car releases far more energy in a crash, which satisfies the standard’s focus on the KE‑speed relationship (mass being constant for the same car)."
MS-PS3-063,OSS 120b,1,"The answer correctly links greater mass (more particles) to higher total thermal energy and slower temperature decline, satisfying the standard's focus on mass and energy transfer."
MS-PS3-060,Gemini Flash 3,1,The answer accurately identifies that kinetic energy increases with mass when speed is constant and correctly describes the relationship as proportional.
MS-PS3-062,Gemini Flash 3,1,"The answer correctly identifies specific heat capacity as the property governing the relationship between energy transfer and temperature change, aligning perfectly with the standard's focus on matter type and particle kinetic energy."
MS-PS3-064,OSS 120b,1,"The answer correctly explains that friction transfers kinetic energy to heat, causing the puck to lose kinetic energy and stop, satisfying the standard."
MS-PS3-063,Nemotron 3 Super 120b a12,1,"The answer correctly explains that greater mass means more particles and total thermal energy, so the average kinetic energy (temperature) decreases more slowly, which aligns with the standard's focus on mass, energy transfer, and temperature change."
MS-PS3-064,Nemotron 3 Super 120b a12,1,"The answer correctly explains that friction transfers kinetic energy from the puck to thermal energy, accounting for the observed slowdown and stop, which aligns with the standard's claim about energy transfer when kinetic energy changes."
MS-PS3-065,OSS 120b,1,"The answer correctly links greater mass to higher kinetic energy at impact and explains that more kinetic energy results in a larger force transferred to the ground, satisfying the standard."
MS-PS3-066,OSS 120b,1,"The answer correctly explains that the spring’s stored potential energy is transferred to the ball as kinetic energy when released, adequately addressing the energy transfer mechanism."
MS-PS3-063,Gemini Flash 3,1,"The answer correctly explains the relationship between mass and thermal energy, noting that a larger mass requires more energy transfer to result in a significant change in average kinetic energy (temperature)."
MS-PS3-064,Gemini Flash 3,1,"The answer accurately identifies that friction transfers kinetic energy away from the puck, converting it to thermal energy, which directly supports the claim that energy transfer results in a change in kinetic energy as required by standard MS-PS3-5."
MS-PS3-066,Gemini Flash 3,1,"The answer accurately describes the transfer of potential energy from the spring to kinetic energy in the ball, directly addressing the energy transfer required by the standard."
MS-PS3-065,Nemotron 3 Super 120b a12,1,"The reference answer correctly states that a heavier object gains more kinetic energy from the same drop height, leading to a greater energy transfer (and thus a harder impact) on the ground, which aligns with the standard’s focus on energy transfer when kinetic energy changes."
MS-PS3-067,OSS 120b,1,"The answer correctly states that kinetic energy quadruples when speed is doubled, directly addressing the relationship required by the standard."
MS-PS3-066,Nemotron 3 Super 120b a12,1,"The answer correctly explains that the spring's stored potential energy is transferred to the ball, giving it kinetic energy, which directly illustrates energy transfer accompanying a change in kinetic energy as required by the standard."
MS-PS3-067,Nemotron 3 Super 120b a12,1,"The answer correctly states that kinetic energy is proportional to the square of speed, so doubling the speed increases kinetic energy by a factor of four, directly answering the question."
MS-PS3-068,OSS 120b,1,The answer correctly identifies the truck as harder to stop and explains it using the kinetic energy relationship (KE ∝ mass at equal speed).
MS-PS3-067,Gemini Flash 3,1,"The answer accurately describes the proportional relationship between kinetic energy and the square of speed, correctly concluding that doubling the speed results in four times the kinetic energy."
MS-PS3-069,Nemotron 3 Super 120b a12,1,"The answer correctly identifies wool as a thermal insulator that reduces heat transfer from the surrounding warm air to the cold drink, which aligns with the standard's focus on minimizing thermal energy transfer."
MS-PS3-069,OSS 120b,1,"The answer correctly states that the wool-wrapped can stays cold longer and explains it by wool's poor thermal conductivity, which aligns with the required reasoning."
MS-PS3-068,Nemotron 3 Super 120b a12,1,"The answer correctly states that the truck is harder to stop because its greater mass gives it much more kinetic energy at the same speed, which directly addresses the KE‑mass relationship required by the standard."
MS-PS3-069,Gemini Flash 3,1,"The answer correctly identifies that wool acts as an insulator to slow thermal energy transfer from the warmer environment to the colder drink, accurately reflecting the scientific principles required by the standard."
MS-PS3-068,Gemini Flash 3,1,The answer accurately identifies the proportional relationship between mass and kinetic energy as required by standard MS-PS3-1 to explain the difference in stopping difficulty.
MS-PS3-070,OSS 120b,1,"The answer correctly explains that metal’s high thermal conductivity transfers heat quickly, while wood’s low conductivity limits heat transfer, fully addressing the question."
MS-PS3-071,OSS 120b,1,"The answer correctly explains that the vacuum eliminates conduction and convection, thus minimizing heat loss and keeping the soup hot."
MS-PS3-070,Nemotron 3 Super 120b a12,1,"The answer correctly identifies metal as a good conductor and wood as an insulator, explaining the observed temperature difference."
MS-PS3-071,Nemotron 3 Super 120b a12,1,"The answer correctly explains that a vacuum eliminates conduction and convection, thereby reducing heat transfer and keeping the soup hot."
MS-PS3-070,Gemini Flash 3,1,"The answer accurately uses the concepts of thermal conduction and material properties (conductors vs. insulators) to explain the difference in energy transfer, which is a foundational principle for the standard."
MS-PS3-071,Gemini Flash 3,1,"The answer accurately explains that a vacuum prevents conduction and convection by removing the matter necessary for those processes, which directly addresses the mechanism of the thermos in the context of thermal energy transfer."
MS-PS3-072,OSS 120b,1,"The answer correctly identifies the small pat melts faster and explains it by its lower mass requiring less energy to reach the melting temperature, which adequately addresses the question."
MS-PS3-072,Nemotron 3 Super 120b a12,1,"The answer correctly notes that the smaller mass requires less thermal energy to reach the melting point, so it melts faster under identical heating conditions, which aligns with the standard’s focus on mass, energy transfer, and temperature change."
MS-PS3-073,OSS 120b,1,"The answer correctly explains that concrete feels hotter because water's higher specific heat requires more energy for the same temperature rise, so concrete reaches a higher temperature under the same solar heating."
MS-PS3-074,Nemotron 3 Super 120b a12,1,"The answer correctly states that the baseball's kinetic energy is transferred to the hand/glove (felt as force) and partly converted to heat and sound, which aligns with the standard's claim about energy transfer when kinetic energy changes."
MS-PS3-074,OSS 120b,1,"The answer correctly explains that the baseball’s kinetic energy is transferred to the hand/glove and is transformed into heat, sound, and felt force, meeting the standard."
MS-PS3-073,Gemini Flash 3,1,"The answer accurately identifies that water's higher specific heat requires more energy for a temperature change compared to concrete, correctly linking the type of matter to the change in average kinetic energy."
MS-PS3-073,Nemotron 3 Super 120b a12,1,"The answer correctly explains that water’s higher specific heat means it needs more energy to increase its temperature, so concrete becomes hotter than water after receiving the same solar energy."
MS-PS3-074,Gemini Flash 3,1,"The answer correctly identifies that the kinetic energy is transferred to the surroundings and transformed into other forms of energy, such as heat and sound, which directly addresses the standard's focus on energy transfer."
MS-PS3-075,OSS 120b,1,The answer correctly explains that the ball's kinetic energy decreases and is transferred to the grass/ground as heat via friction.
MS-PS3-075,Nemotron 3 Super 120b a12,1,"The answer correctly states that the ball's kinetic energy decreases as it is transferred to the grass/ground via friction, converting to heat, which supports the claim that a change in kinetic energy involves energy transfer."
MS-PS4-050,OSS 120b,1,"The answer accurately defines digitizing as converting information into binary numbers for electronic use, which fully addresses the question."
MS-PS3-075,Gemini Flash 3,1,"The answer accurately explains that kinetic energy is transferred to the surroundings via friction and converted into thermal energy, which directly supports the requirements of MS-PS3-5."
MS-PS3-065,Gemini Flash 3,0,"The answer is scientifically inaccurate because force is not a quantity that is 'transferred' between objects; rather, energy is transferred to the ground through the application of force."
MS-PS3-072,Gemini Flash 3,1,"The answer correctly identifies the inverse relationship between mass and the rate of temperature change for a given energy input, which directly addresses the core concepts of standard MS-PS3-4."
MS-PS4-050,Nemotron 3 Super 120b a12,1,"The answer correctly defines digitization as converting information into binary (0s and 1s) for electronic storage, processing, or transmission, which aligns with the standard's focus on digital signals."
MS-PS4-052,OSS 120b,1,"The answer correctly explains that a higher amplitude on a wave diagram indicates more energy, directly addressing the question and the standard."
MS-PS4-051,OSS 120b,1,"The answer correctly links higher amplitude to greater energy and explains why loud sounds can cause ear damage while quiet sounds cannot, matching the standard."
MS-PS4-050,Gemini Flash 3,1,"The answer accurately defines digitization as the conversion of information into a numerical format, specifically binary code, which is appropriate for the middle-school level and foundational for Standard MS-PS4-3."
MS-PS4-052,Nemotron 3 Super 120b a12,1,"The answer correctly explains that greater amplitude in a wave diagram indicates more energy, which aligns with the standard's focus on amplitude-energy relationship."
MS-PS4-053,Nemotron 3 Super 120b a12,1,"The answer correctly states that white surfaces reflect more light (absorbing less energy) while black surfaces absorb more light, converting it to heat, which aligns with the standard's focus on wave reflection and absorption."
MS-PS4-053,OSS 120b,1,"The answer correctly explains that white reflects most light (reducing heat absorption) while black absorbs light (increasing heat), matching the required model of wave interaction with materials."
MS-PS4-051,Gemini Flash 3,1,"The answer accurately links loudness to amplitude and amplitude to energy, which directly addresses the core relationship required by the standard."
MS-PS4-051,Nemotron 3 Super 120b a12,1,"The answer correctly states that a loud sound has greater amplitude and thus more energy, which can damage ear structures, while a quiet sound lacks sufficient energy to cause harm."
MS-PS4-054,OSS 120b,1,"The answer correctly links larger amplitude (taller peaks) near the epicenter to higher energy and explains that reduced amplitude farther away means less energy, satisfying the standard."
MS-PS4-055,OSS 120b,1,"The answer correctly explains that bone's higher density absorbs more X‑rays, making it appear white, while soft tissue transmits most X‑rays and appears darker."
MS-PS4-054,Nemotron 3 Super 120b a12,1,"The answer correctly explains that larger amplitude indicates more energy and that amplitude (and thus energy) decreases with distance, which satisfies the standard."
MS-PS4-054,Gemini Flash 3,1,"The answer correctly identifies the relationship between wave amplitude (peak height) and energy, directly addressing the requirement of standard MS-PS4-1."
MS-PS4-053,Gemini Flash 3,1,"The answer correctly identifies reflection and absorption as the primary mechanisms that determine how light energy interacts with the two colors, aligning perfectly with standard MS-PS4-2."
MS-PS4-056,Nemotron 3 Super 120b a12,1,"The answer correctly identifies transmission of visible light through glass as the wave behavior that allows clear vision, aligning with the standard."
MS-PS4-056,OSS 120b,1,The answer correctly identifies transmission of visible light through glass as the wave behavior enabling clear viewing.
MS-PS4-055,Nemotron 3 Super 120b a12,1,"The answer correctly explains that dense bone absorbs X-rays more than soft tissue, causing bones to appear white and soft tissue darker, which accurately reflects the wave absorption and transmission concepts required by MS-PS4-2."
MS-PS4-052,Gemini Flash 3,1,The answer correctly defines amplitude on a diagram and accurately identifies the qualitative relationship between higher amplitude and higher energy required by the MS-PS4-1 standard.
MS-PS4-055,Gemini Flash 3,1,"The answer accurately applies the concepts of wave absorption and transmission to explain how different materials interact with X-rays to create an image, which directly aligns with standard MS-PS4-2."
MS-PS4-056,Gemini Flash 3,1,"The answer accurately identifies transmission as the wave behavior and correctly explains its role in allowing light to pass through the glass to the observer's eyes, which aligns perfectly with standard MS-PS4-2."
MS-PS4-058,OSS 120b,1,"The answer correctly identifies that aluminum foil reflects microwaves, preventing heating of the food and causing sparks, thus meeting the standard's focus on wave behavior with materials."
MS-PS4-057,OSS 120b,1,"The answer correctly explains that concrete absorbs and attenuates the radio waves, reducing transmitted signal strength, which aligns with the standard."
MS-PS4-057,Nemotron 3 Super 120b a12,1,"The answer correctly states that concrete absorbs and blocks radio waves, reducing transmission, which aligns with the standard's concept of wave absorption and transmission through materials."
MS-LS1-057,OSS 120b,1,"The answer correctly identifies the cell as the fundamental unit of structure and function in all living organisms, which aligns with the standard."
MS-LS1-057,Nemotron 3 Super 120b a12,1,"The reference answer correctly identifies the cell as the basic unit of structure and function and adds relevant context about tissues and organs, fully addressing the question and aligning with MS-LS1-3."
MS-PS4-058,Nemotron 3 Super 120b a12,1,"The answer correctly states that aluminum foil reflects microwaves rather than absorbing or transmitting them, which directly addresses the wave behavior described in MS-PS4-2."
MS-PS4-058,Gemini Flash 3,1,"The answer accurately identifies reflection as the interaction occurring between the metal and the microwaves, which directly addresses the core concepts of standard MS-PS4-2."
MS-LS1-058,OSS 120b,1,"The answer correctly names two environmental factors (sunlight and water) that influence plant growth, meeting the question's requirement."
MS-LS1-058,Nemotron 3 Super 120b a12,1,"The answer correctly identifies two environmental factors (sunlight and water) that affect plant growth and includes additional correct examples, satisfying the standard's requirement."
MS-LS1-057,Gemini Flash 3,1,The answer accurately identifies the cell as the basic unit of life and correctly connects it to the hierarchical organization of tissues and organs required by the standard.
MS-LS1-059,OSS 120b,1,"The answer correctly defines a nutrient and explains that organisms need them to build cells and generate energy for growth, fully addressing the question."
MS-PS4-057,Gemini Flash 3,1,"The answer accurately uses the concepts of absorption and transmission to explain how material properties affect wave propagation, which directly aligns with the requirements of standard MS-PS4-2."
MS-LS1-060,OSS 120b,1,"The answer correctly explains that all organisms consist of at least one cell and that cells perform all life functions, which justifies why cells are the basic building blocks."
MS-LS1-058,Gemini Flash 3,1,"The answer accurately identifies multiple environmental factors that influence plant growth, such as sunlight and water, which directly addresses the question and aligns with the requirements of standard MS-LS1-5."
MS-LS1-059,Gemini Flash 3,1,"The answer provides a scientifically accurate definition of nutrients and correctly identifies their roles in energy production and cell building, which are fundamental to the growth of organisms as required by the standard."
MS-LS1-060,Nemotron 3 Super 120b a12,1,"The answer correctly states that all living organisms are composed of cells and that cells carry out essential life functions, which fully addresses why cells are the basic building blocks of life."
MS-LS1-059,Nemotron 3 Super 120b a12,1,"The answer correctly defines a nutrient as an environmentally acquired substance for life functions and explains that nutrients are required to build new cells and produce energy, which directly supports organismal growth."
MS-LS1-060,Gemini Flash 3,1,"The answer accurately explains that all organisms are composed of cells and that cells are the smallest units capable of performing all life functions, which aligns with the core concepts of the standard."
MS-LS1-061,OSS 120b,1,"The answer correctly explains that microscopes magnify otherwise invisible cells, allowing direct observation of cellular structure in organisms, which provides the needed evidence."
MS-LS1-061,Nemotron 3 Super 120b a12,1,"The answer correctly explains that a microscope magnifies small structures, enabling direct observation of cells in tissue, which provides evidence that living things are made of cells."
MS-LS1-061,Gemini Flash 3,1,"The answer accurately explains that microscopes provide the necessary magnification to see cells that are otherwise invisible, directly addressing how the tool provides evidence for the cell theory."
MS-LS1-062,OSS 120b,1,"The answer correctly explains that viruses lack cells and cannot independently perform life processes, aligning with the cell theory criteria for life."
MS-LS1-063,OSS 120b,1,"The answer correctly explains that a single cell lacks the size and specialization needed, and it describes how groups of cells form tissues, organs, and systems to perform the body's functions, aligning with the standard."
MS-LS1-062,Nemotron 3 Super 120b a12,1,"The answer correctly states that viruses cannot carry out life processes independently and lack cells, which aligns with cell theory and explains why they are not considered living."
MS-LS1-063,Gemini Flash 3,1,"The answer correctly explains that multicellular organisms require specialized subsystems (tissues, organs, and systems) to handle complex functions that a single cell cannot perform, which aligns with the MS-LS1-3 standard."
MS-LS1-064,OSS 120b,1,"The answer correctly explains that organ systems are interdependent, so damage to one disrupts resources or signals needed by others, and provides a supporting example."
MS-LS1-063,Nemotron 3 Super 120b a12,1,"The answer correctly states that a single cell lacks the capacity for all needed functions and explains that specialized cell groups form tissues, organs, and systems to divide labor."
MS-LS1-065,Nemotron 3 Super 120b a12,1,"The answer correctly identifies soil nutrient deficiency as the environmental factor limiting growth despite adequate water and light, linking it to the plant's genetic potential."
MS-LS1-065,OSS 120b,1,"The answer correctly explains that nutrient deficiency in poor soil limits growth despite adequate water and light, aligning with the standard."
MS-LS1-066,Nemotron 3 Super 120b a12,1,"The answer correctly describes CO₂ entering via stomata and being incorporated into organic molecules during photosynthesis, which explains how atmospheric carbon becomes part of the plant’s leaves and stems."
MS-LS1-064,Gemini Flash 3,1,"The answer accurately explains the interdependence of organ systems and provides a clear example of how a failure in one system impacts others, effectively addressing the concept of interacting subsystems."
MS-LS1-065,Gemini Flash 3,1,"The answer accurately identifies nutrients as the key environmental factor provided by soil and explains their role in building biological molecules relative to the plant's genetic potential, fulfilling the requirements of MS-LS1-5."
MS-LS1-064,Nemotron 3 Super 120b a12,1,"The answer correctly explains that organ systems are interconnected and depend on each other, giving a clear example that illustrates how damage to one system affects others, meeting the standard's requirement for an evidence‑based argument about interacting subsystems."
MS-LS1-062,Gemini Flash 3,1,"The answer accurately explains that viruses are non-living because they lack cellular structure and cannot perform life processes independently, which directly relates to the cell theory component of MS-LS1-1."
MS-LS1-066,OSS 120b,1,"The answer correctly explains that CO₂ enters through stomata and, using photosynthetic energy, is incorporated into glucose and other organic molecules that form leaf and stem tissue."
MS-LS1-066,Gemini Flash 3,1,"The answer accurately describes the biological mechanism (stomata), the chemical transformation (photosynthesis), and the energy source required to convert atmospheric carbon into the plant's physical structure."
MS-LS1-067,OSS 120b,1,"The answer correctly identifies observing individual onion cells (grid-like pattern with cell walls) as evidence that the onion is composed of cells, fulfilling the LS1-1 standard."
MS-LS1-067,Nemotron 3 Super 120b a12,1,"The reference answer correctly states that seeing individual onion cells with visible cell walls demonstrates the onion is made of cells, providing evidence it is a living thing as required by MS-LS1-1."
MS-LS1-068,OSS 120b,1,"The answer correctly identifies the sunny plant as larger and explains that environmental factors (light and water) drive growth despite identical genetics, meeting the standard."
MS-LS1-069,OSS 120b,1,"The answer correctly states that additional CO₂ would increase photosynthesis because it provides more raw material, aligning with the expected explanation for the given standard."
MS-LS1-067,Gemini Flash 3,1,The answer accurately identifies that observing cells under a microscope provides the evidence required by the standard to prove an organism is a living thing.
MS-LS1-069,Nemotron 3 Super 120b a12,1,"The answer correctly states that added CO₂ increases photosynthesis by providing more raw material for sugar production, linking matter cycling and energy flow as required by the standard."
MS-LS1-068,Nemotron 3 Super 120b a12,1,"The answer correctly states that the plant with light and water will be larger due to environmental factors, while noting the twins share identical genetics, providing a sufficient explanation of how environment influences growth."
MS-LS1-068,Gemini Flash 3,1,"The answer correctly identifies and explains how environmental factors (light and water) impact plant growth despite identical genetic factors, aligning perfectly with the MS-LS1-5 standard."
MS-LS1-069,Gemini Flash 3,1,"The answer accurately identifies carbon dioxide as a necessary reactant for photosynthesis and explains that increasing its availability will increase the rate of food production, directly addressing the cycling of matter as required by the standard."
MS-LS1-070,OSS 120b,0,"The answer incorrectly attributes the rapid response to the brain, omitting the key role of the spinal reflex arc that bypasses conscious processing."
MS-LS1-071,OSS 120b,1,"The answer correctly explains that ear receptors convert sound vibrations into nerve signals, send them to the brain, and the brain processes and reacts, matching the standard."
MS-LS1-072,OSS 120b,1,"The answer correctly explains that eye receptors detect the ball, send signals to the brain, which then coordinates the muscle response to kick at the right moment."
MS-LS1-070,Nemotron 3 Super 120b a12,0,"The answer incorrectly states that the brain mediates the rapid hand withdrawal, when in fact this reflex is processed in the spinal cord without requiring conscious brain involvement."
MS-LS1-071,Gemini Flash 3,1,"The answer accurately describes the role of sensory receptors in detecting stimuli and transmitting signals to the brain for behavioral processing, which directly aligns with the MS-LS1-8 standard."
MS-LS1-071,Nemotron 3 Super 120b a12,1,"The answer correctly states that ear sensory receptors detect sound vibrations, send nerve signals to the brain, and the brain processes the signal to recognize the name and trigger a response, which aligns with the standard about receptors sending messages to the brain for immediate behavior."
MS-LS1-072,Nemotron 3 Super 120b a12,1,"The answer correctly describes sensory receptors detecting the ball, sending signals to the brain, and the brain triggering the motor response, which aligns with the standard's focus on immediate behavior."
MS-LS2-057,OSS 120b,1,"The answer accurately defines carrying capacity as the maximum population size an ecosystem can sustain based on resources and notes consequences of exceeding it, fully addressing the question."
MS-LS1-072,Gemini Flash 3,1,"The answer accurately describes the sequence of events from stimulus detection by sensory receptors to the brain's processing and resulting physical action, which directly addresses the core components of the MS-LS1-8 standard."
MS-LS2-057,Nemotron 3 Super 120b a12,1,"The answer correctly defines carrying capacity as the maximum sustainable population given resources and notes the effect of exceeding it, which satisfies the standard."
MS-LS2-058,OSS 120b,1,"The answer correctly defines an abiotic factor as a non‑living physical or chemical component and provides appropriate examples, fully addressing the question."
MS-LS2-058,Nemotron 3 Super 120b a12,1,"The answer correctly defines an abiotic factor as a non‑living physical or chemical component and provides suitable examples, fully addressing the question."
MS-LS2-057,Gemini Flash 3,1,The reference answer provides an accurate and age-appropriate definition of carrying capacity that directly relates population limits to resource availability as required by the standard.
MS-LS2-058,Gemini Flash 3,1,"The answer provides an accurate definition and relevant examples of abiotic factors, which are fundamental components for understanding how ecosystem changes affect populations."
MS-LS2-059,Nemotron 3 Super 120b a12,1,"The answer accurately describes the predator‑prey feedback loop that causes cyclic population changes, which satisfies the standard’s requirement to explain interaction patterns across ecosystems."
MS-LS2-059,OSS 120b,1,"The answer correctly explains the cyclical rise and fall of predator and prey populations through a feedback loop of food availability and population changes, meeting the standard."
MS-LS2-059,Gemini Flash 3,1,The answer correctly describes the causal feedback loop between predator and prey populations that creates the cyclical pattern required by the standard.
MS-LS2-060,Nemotron 3 Super 120b a12,1,"The answer correctly explains that competition arises from shared limited resources and links it to survival and reproduction, which adequately addresses why non‑predator‑prey animals compete."
MS-LS2-060,OSS 120b,1,"The answer correctly explains that non‑predator/prey animals compete for limited resources such as food, water, shelter, and mates, which is a complete, accurate explanation for the given question."
MS-LS2-061,Nemotron 3 Super 120b a12,1,"The answer correctly describes a trophic cascade resulting from top predator removal, which predicts interaction patterns across ecosystems as required by the standard."
MS-LS2-061,OSS 120b,1,"The answer correctly explains trophic cascades caused by loss of a top predator, describing unchecked prey growth, overgrazing, reduced plant diversity, and broader ecosystem impacts, fulfilling the standard."
MS-LS2-062,OSS 120b,1,"The answer correctly explains that parasites avoid killing their hosts quickly because they need the host for sustained resources and reproduction, reflecting a general pattern of host-parasite interactions."
MS-LS2-062,Nemotron 3 Super 120b a12,1,"The answer correctly explains that parasites rely on a living host for food and shelter, so killing the host immediately would deprive them of resources needed for survival and reproduction, which matches the standard's focus on interaction patterns across ecosystems."
MS-LS2-060,Gemini Flash 3,1,The answer accurately identifies that competition is driven by the shared need for limited resources and correctly explains how this interaction affects survival and population dynamics within an ecosystem.
MS-LS2-061,Gemini Flash 3,1,"The answer accurately describes the concept of a trophic cascade and explicitly mentions its occurrence across various ecosystems, aligning with the requirements of standard MS-LS2-2."
MS-LS2-063,Nemotron 3 Super 120b a12,1,"The answer correctly explains that indirect effects propagate through feeding relationships, which addresses why species far apart in a food web can still influence each other."
MS-LS2-063,OSS 120b,1,"The answer correctly explains indirect effects/trophic cascades, showing how changes propagate through feeding relationships, which addresses why distant species can affect each other."
MS-LS2-062,Gemini Flash 3,1,"The answer accurately explains the evolutionary advantage of parasite-host dynamics by linking host survival to the parasite's own reproductive success and resource needs, which fits the standard's focus on interaction patterns."
MS-LS2-064,OSS 120b,1,"The answer correctly explains that while sunlight provides energy for photosynthesis, essential mineral nutrients from the soil are required for building proteins, DNA, and other structural molecules, which sunlight alone cannot supply."
MS-LS2-064,Nemotron 3 Super 120b a12,1,"The answer correctly explains that photosynthesis provides energy but plants still require soil‑derived minerals (e.g., nitrogen, phosphorus) to synthesize essential biomolecules like proteins and DNA, addressing the cycling of matter in ecosystems."
MS-LS2-065,OSS 120b,1,"The answer correctly explains the causal chain from reduced plant food due to drought to declines in herbivore and predator populations, meeting the standard."
MS-LS2-063,Gemini Flash 3,1,"The answer accurately explains the concept of indirect interactions and trophic cascades within a food web, providing a clear and relevant example that fits the MS-LS2-2 standard."
MS-LS2-066,OSS 120b,1,"The answer correctly explains that a monoculture would support fewer insect species due to reduced food and shelter variety, while a diverse field would support greater biodiversity."
MS-LS2-065,Gemini Flash 3,1,"The answer correctly explains the chain of events where a physical change (drought) reduces primary producers, leading to population declines across multiple trophic levels."
MS-LS2-065,Nemotron 3 Super 120b a12,1,"The answer correctly explains that a drought reduces grass and plant food, leading to herbivore population declines and consequently predator declines, which addresses the standard’s requirement."
MS-LS2-067,Nemotron 3 Super 120b a12,1,The answer correctly predicts competition as the interaction when the shared berry resource becomes limited and explains this as a common pattern across ecosystems.
MS-LS2-066,Nemotron 3 Super 120b a12,1,"The answer correctly explains that monoculture reduces food and shelter variety, leading to fewer insect species, while diverse plantings support greater insect biodiversity, fulfilling the standard's requirement to predict interaction patterns."
MS-LS2-064,Gemini Flash 3,1,"The answer accurately distinguishes between energy production via photosynthesis and the requirement of soil-derived elements for building complex biological molecules, which directly addresses the cycling of matter in an ecosystem."
MS-LS2-067,OSS 120b,1,The answer correctly identifies competition as the predicted interaction and provides an appropriate explanation linking resource limitation to competitive behavior.
MS-LS2-066,Gemini Flash 3,1,"The answer accurately explains the relationship between plant diversity and insect biodiversity through the availability of resources like food and shelter, which directly addresses the patterns of interaction required by MS-LS2-2."
MS-LS2-068,OSS 120b,1,"The answer correctly states that only a small fraction (~10%) of the grass energy reaches the wolf, explaining loss as heat, which fully addresses the question."
MS-LS2-067,Gemini Flash 3,1,"The reference answer correctly identifies and explains the concept of competition in response to limited resources, which directly addresses the interaction patterns required by the MS-LS2-2 standard."
MS-LS2-069,Nemotron 3 Super 120b a12,1,"The answer correctly explains that burned tree carbon is released as CO₂ into the atmosphere and can be re‑absorbed by plants via photosynthesis, describing the cycling of matter as required by MS‑LS2‑3."
MS-LS2-069,OSS 120b,1,"The answer correctly explains that burning releases the stored carbon as CO₂, returning it to the nonliving part of the ecosystem for later reuse."
MS-LS2-068,Nemotron 3 Super 120b a12,1,"The answer correctly states that only about 10% of energy transfers between trophic levels, with most lost as heat, which accurately addresses the question about energy flow."
MS-LS2-068,Gemini Flash 3,1,"The answer accurately explains the 10% rule of energy transfer and the loss of energy as heat, which directly addresses the flow of energy component of the MS-LS2-3 standard."
MS-LS2-069,Gemini Flash 3,1,"The answer accurately describes the chemical transformation of carbon during combustion and its movement from the biotic to the abiotic components of the ecosystem, fulfilling the requirements of the standard."
MS-LS2-070,OSS 120b,1,The answer correctly identifies the stilts design as better for maintaining ecosystem services and explains why by citing key wetland functions.
MS-LS3-042,OSS 120b,1,"The answer correctly states that human gametes contain 23 chromosomes, accurately addressing the question."
MS-LS3-042,Nemotron 3 Super 120b a12,1,"The answer correctly states that human gametes have 23 chromosomes, which is half the diploid number, accurately addressing the question."
MS-LS2-070,Gemini Flash 3,1,The answer correctly identifies the design that preserves the wetland and justifies it by naming specific ecosystem services as required by the MS-LS2-5 standard.
MS-LS2-070,Nemotron 3 Super 120b a12,1,"The answer correctly states that keeping the wetland intact preserves key ecosystem services such as water filtration, flood control, and wildlife habitat, thereby maintaining biodiversity and ecosystem services as required by the standard."
MS-LS3-043,OSS 120b,1,The answer correctly identifies meiosis as the process that produces gametes with half the normal chromosome number and provides an appropriate brief explanation.
MS-LS3-044,OSS 120b,1,The answer correctly identifies that runners are a form of asexual reproduction and notes that the offspring are genetically identical to the parent.
MS-LS3-043,Nemotron 3 Super 120b a12,1,"The answer correctly identifies meiosis as the process that halves chromosome number to produce gametes, which aligns with the standard's focus on genetic variation in sexual reproduction."
MS-LS3-043,Gemini Flash 3,1,"The answer accurately identifies meiosis as the cell division process responsible for producing haploid gametes, which is foundational to understanding genetic variation in sexual reproduction as required by the standard."
MS-LS3-044,Nemotron 3 Super 120b a12,1,The answer correctly identifies strawberry runners as asexual reproduction and notes the resulting offspring are genetically identical to the parent.
MS-LS3-042,Gemini Flash 3,1,The answer is factually correct and provides the necessary context regarding the relationship between gametes and somatic cells relevant to sexual reproduction.
MS-LS3-045,Nemotron 3 Super 120b a12,1,"The answer correctly explains that a gene's DNA sequence provides the instructions for protein synthesis, and altering that sequence changes the instructions, potentially producing a different or faulty protein."
MS-LS3-045,OSS 120b,1,"The answer correctly explains that DNA provides the instructions for protein synthesis and that a sequence change alters those instructions, potentially resulting in a different or faulty protein."
MS-LS3-046,OSS 120b,1,"The answer correctly explains that the base sequence encodes the amino acid order, and that changes can alter protein shape and function, addressing why the order is crucial."
MS-LS3-044,Gemini Flash 3,1,"The answer accurately identifies the reproduction type as asexual and correctly notes that the offspring are genetically identical, which aligns with the requirements of standard MS-LS3-2."
MS-LS3-047,Nemotron 3 Super 120b a12,1,"The answer correctly explains that proteins perform essential cellular functions and determine organismal traits, which directly addresses why proteins matter to appearance and function."
MS-LS3-045,Gemini Flash 3,1,"The answer accurately explains the relationship between DNA as instructions and protein synthesis in a clear, age-appropriate manner for the middle school standard."
MS-LS3-046,Nemotron 3 Super 120b a12,1,"The reference answer correctly explains that the base sequence encodes the amino‑acid sequence of a protein, and that changes can alter the protein, which directly addresses why base order matters for making the right protein."
MS-LS3-047,OSS 120b,1,"The answer correctly explains that proteins perform essential cellular functions and determine an organism's traits, directly addressing why proteins are crucial for appearance and function."
MS-LS3-048,OSS 120b,1,"The answer correctly explains that a mutation can alter a protein's 3‑D shape, preventing it from fitting its target and thus stopping it from functioning, which aligns with the standard."
MS-LS3-047,Gemini Flash 3,1,The answer accurately explains that proteins are the functional molecules responsible for the cellular processes and structures that determine an organism's traits.
MS-LS3-048,Nemotron 3 Super 120b a12,1,"The answer correctly explains that a protein's function depends on its specific 3‑D shape, and a mutation altering that shape can prevent proper binding, thus stopping the protein from doing its job, which aligns with the standard."
MS-LS3-046,Gemini Flash 3,1,"The answer accurately explains that the sequence of DNA bases determines the amino acid sequence, which in turn dictates the protein's shape and function, aligning perfectly with the core concepts of MS-LS3-1."
MS-LS3-048,Gemini Flash 3,1,The answer accurately explains the fundamental relationship between a protein's structure and its function using the age-appropriate 'lock and key' model.
MS-LS3-049,OSS 120b,1,"The answer correctly explains that a mutation in a growth-regulating gene can cause uncontrolled cell division, leading to tumors or cancer, which aligns with the standard."
MS-LS3-049,Gemini Flash 3,1,"The answer accurately explains how a mutation leads to uncontrolled cell division and cancer, which directly addresses the standard's requirement to describe harmful effects of mutations on an organism's function."
MS-LS1-070,Gemini Flash 3,0,"The reference answer is scientifically inaccurate because the immediate withdrawal reflex is processed in the spinal cord rather than the brain, which is the specific mechanism that allows the response to occur before conscious thought."
MS-LS3-049,Nemotron 3 Super 120b a12,1,"The answer correctly explains that a mutation in a cell‑growth gene can cause uncontrolled cell division, leading to tumors or cancer, which is a harmful effect as required by the standard."
MS-LS3-051,Nemotron 3 Super 120b a12,1,"The answer correctly explains that random shuffling and combination of parental chromosomes during meiosis creates different gene combinations in each offspring, accounting for sibling variation."
MS-LS3-051,OSS 120b,1,"The answer correctly explains that random shuffling of parental chromosomes during sexual reproduction gives each sibling a unique genetic combination, addressing why siblings look different."
MS-LS3-050,OSS 120b,1,The answer correctly explains that carriers of recessive mutations can be asymptomatic yet transmit the mutation to offspring.
MS-LS3-050,Nemotron 3 Super 120b a12,1,"The answer correctly explains that recessive mutations can be carried without symptoms, allowing an asymptomatic parent to pass the mutation to a child."
MS-LS3-051,Gemini Flash 3,1,"The answer accurately explains that sexual reproduction involves the random shuffling and combination of parental chromosomes, resulting in the genetic variation required by standard MS-LS3-2."
MS-LS3-052,Nemotron 3 Super 120b a12,1,"The answer correctly identifies bulb growth as asexual reproduction via mitosis that copies the parent's DNA exactly, explaining why offspring are identical to the parent."
MS-LS3-052,OSS 120b,1,"The answer correctly explains that bulb reproduction is asexual, uses mitosis to copy DNA exactly, and lacks a second parent, which accounts for the identical offspring."
MS-LS3-052,Gemini Flash 3,1,"The answer accurately identifies that reproduction via bulbs is asexual, utilizes mitosis for exact DNA replication, and involves only one parent, which directly addresses the standard's requirements."
MS-LS3-053,Nemotron 3 Super 120b a12,1,"The answer correctly describes a chromosomal gene mutation altering protein instructions, leading to increased seed production, which matches the standard's focus on mutation effects on protein function."
MS-LS3-050,Gemini Flash 3,1,"The answer accurately explains the concept of recessive inheritance, where a parent can be a carrier of a mutation without exhibiting symptoms, which is a key way a mutation can have a neutral effect on one individual but be passed to offspring."
MS-LS3-054,OSS 120b,1,"The answer correctly explains a plausible scenario where the thick fur provides a survival advantage, aligning with the standard."
MS-LS3-055,Nemotron 3 Super 120b a12,1,"The answer correctly connects a mutation affecting a protein needed for chlorophyll synthesis to loss of photosynthesis and likely plant death, aligning with the standard."
MS-LS3-053,Gemini Flash 3,1,"The reference answer correctly identifies that a mutation in a gene on a chromosome changes protein instructions, which in turn alters a specific trait or function of the organism, aligning perfectly with standard MS-LS3-1."
MS-LS3-055,OSS 120b,1,"The answer correctly links the gene mutation to loss of chlorophyll, explains the resulting lack of photosynthesis, and states the likely outcome for the plant."
MS-LS3-053,OSS 120b,1,"The answer correctly links a chromosomal gene mutation to altered protein instructions that can increase seed production, aligning with the standard."
MS-LS3-056,OSS 120b,1,"The answer correctly explains that a mutation can alter enzyme shape, impair its function, and thus hinder digestion of certain foods, aligning with the standard."
MS-LS3-054,Gemini Flash 3,1,"The answer correctly identifies a specific environmental context (cold climate) where the mutation-derived trait provides a survival advantage, effectively illustrating a beneficial effect as required by the standard."
MS-LS3-056,Nemotron 3 Super 120b a12,1,"The answer correctly explains that a mutation altering enzyme shape can impair its function, which directly addresses how digestion of certain foods could be affected."
MS-LS3-055,Gemini Flash 3,1,"The answer correctly connects the gene mutation to a protein change, which leads to a loss of function (photosynthesis) and a harmful outcome for the organism, aligning with the standard."
MS-LS3-057,OSS 120b,1,"The answer correctly links the gene mutation to a more efficient protein, explains the resulting physiological advantage, and describes the positive impact on survival, meeting the standard."
MS-LS3-056,Gemini Flash 3,1,"The answer accurately explains the relationship between a gene mutation, the resulting change in protein shape, and the subsequent impact on the organism's physiological function as required by the standard."
MS-LS3-057,Nemotron 3 Super 120b a12,1,"The answer correctly describes a beneficial mutation improving protein function, leading to a survival advantage and inheritance, which aligns with MS‑LS3‑1’s focus on how gene mutations affect proteins and organismal fitness."
MS-LS3-058,OSS 120b,1,"The answer correctly identifies that loss of the red pigment-producing protein would likely result in a white or lighter‑colored flower, explaining the phenotype as a consequence of the missing pigment."
MS-LS3-054,Nemotron 3 Super 120b a12,1,"The answer correctly explains that a thicker fur coat could be beneficial in a cold climate by improving survival, which directly addresses how the mutation could be considered beneficial."
MS-LS3-058,Nemotron 3 Super 120b a12,1,"The answer correctly explains that loss of red pigment due to a nonfunctional protein from the mutation would make the flower white or lighter, which aligns with the standard."
MS-LS3-059,OSS 120b,1,"The answer correctly explains that the toxic protein can deter predators, thereby increasing the frog's survival, which is a beneficial effect of the mutation."
MS-LS3-057,Gemini Flash 3,1,"The answer accurately explains how a mutation affecting a protein can lead to a functional advantage that improves an organism's survival and reproductive success, aligning with the standard."
MS-LS3-058,Gemini Flash 3,1,"The answer correctly identifies the phenotypic change and links it to the protein's loss of function caused by the mutation, which directly addresses the requirements of the MS-LS3-1 standard."
MS-LS3-059,Gemini Flash 3,1,"The answer accurately explains how a mutation-induced protein change provides a survival advantage, fulfilling the 'beneficial effect' requirement of the standard."
MS-LS3-059,Nemotron 3 Super 120b a12,1,"The answer correctly explains that the mutation leads to a toxic protein that deters predators, providing a beneficial effect on the frog's survival, which aligns with the standard's focus on how gene mutations can affect proteins and result in beneficial outcomes."
MS-LS3-060,OSS 120b,1,"The answer correctly identifies cuttings (asexual reproduction) as the method to produce genetically identical trees and explains that seeds would introduce variation, fully addressing the question."
MS-LS3-061,Nemotron 3 Super 120b a12,1,"The answer correctly explains that cloning, as a form of asexual reproduction, produces offspring with identical genetic information to the parent, satisfying the standard."
MS-LS3-060,Gemini Flash 3,1,"The answer accurately links asexual reproduction (cuttings) to genetic identity and sexual reproduction (seeds) to genetic variation, directly addressing the core concept of standard MS-LS3-2."
MS-LS3-060,Nemotron 3 Super 120b a12,1,"The answer correctly explains that cuttings (asexual) produce genetically identical offspring while seeds (sexual) produce variation, fully meeting the standard."
MS-LS3-062,OSS 120b,1,"The answer correctly explains that children of identical twins will not be identical due to the genetic mixing inherent in sexual reproduction, satisfying the required standard."
MS-LS3-061,Gemini Flash 3,1,"The answer accurately states that the cloned frog is genetically identical and correctly attributes this to asexual reproduction and the lack of gene mixing, aligning perfectly with the standard."
MS-LS3-061,OSS 120b,1,"The answer correctly states that the cloned frog will have identical genetic information to the original, aligning with the concept that asexual reproduction produces genetically identical offspring."
MS-LS3-062,Gemini Flash 3,1,The answer correctly identifies that the children will not be identical and explains that sexual reproduction results in genetic variation because offspring inherit a unique combination of genes from two different parents.
MS-LS3-062,Nemotron 3 Super 120b a12,1,"The answer correctly states that the children will not be identical because sexual reproduction mixes genes from both parents, creating unique genetic combinations."
MS-LS3-063,Nemotron 3 Super 120b a12,1,"The answer correctly identifies the cutting as asexual reproduction, explains that offspring are genetically identical to the parent, and thus predicts purple flowers, satisfying the standard's requirement to describe why asexual reproduction yields identical genetic information."
MS-LS3-063,OSS 120b,1,The answer correctly predicts purple flowers and explains it using asexual reproduction resulting in identical genetic information.
MS-LS4-038,OSS 120b,1,"The answer correctly explains that scientists infer extinction by noting a species' presence in older strata and its complete absence in younger layers, which aligns with the standard."
MS-LS3-063,Gemini Flash 3,1,The answer correctly identifies that taking a cutting is asexual reproduction and explains that the resulting identical genetic information leads to the same trait (flower color) as the parent.
MS-LS4-038,Gemini Flash 3,1,"The answer accurately describes the pattern of disappearance in younger rock layers used by scientists to infer extinction in the fossil record, which is appropriate for the middle-school level."
MS-LS4-038,Nemotron 3 Super 120b a12,1,"The answer correctly explains that extinction is inferred when a species disappears from younger rock layers after a consistent presence, which matches the standard's goal of interpreting fossil patterns."
MS-LS4-040,Nemotron 3 Super 120b a12,1,"The reference answer correctly states that a clone inherits the same genetic traits as the original because cloning replicates the organism's DNA, which aligns with the standard's focus on technologies influencing trait inheritance."
MS-LS4-039,OSS 120b,1,"The answer correctly explains that similar body shape is due to convergent evolution, not close relatedness, and notes the need to examine deeper anatomical traits."
MS-LS4-040,OSS 120b,1,"The answer correctly states that a clone inherits the same genetic traits because it has identical DNA, aligning with the standard’s focus on technologies influencing trait inheritance."
MS-LS4-040,Gemini Flash 3,1,The answer accurately states that cloning involves copying DNA to replicate genetic traits and correctly identifies this as a technology used by humans to influence inheritance.
MS-LS4-039,Gemini Flash 3,1,"The answer correctly identifies convergent evolution as the reason for the similarities and explains that internal anatomical structures provide better evidence for evolutionary relationships, aligning perfectly with standard MS-LS4-2."
MS-LS4-039,Nemotron 3 Super 120b a12,1,"The answer correctly explains that similar body shape alone does not indicate close evolutionary relationship due to convergent evolution and stresses that deeper anatomical comparisons are needed to infer relationships, aligning with MS-LS4-2."
MS-LS4-041,Nemotron 3 Super 120b a12,1,"The answer correctly explains that white mice have higher survival and reproduction, leading to an increase in the white-fur trait over generations, which aligns with natural selection."
MS-LS4-041,OSS 120b,1,"The answer correctly predicts that the proportion of white mice will increase and explains the natural‑selection mechanism, which sufficiently addresses the question."
MS-LS4-042,Gemini Flash 3,1,"The answer correctly uses the provided numerical data to explain how environmental changes led to differential survival and reproduction, which is the core requirement of standard MS-LS4-6."
MS-LS4-042,Nemotron 3 Super 120b a12,1,"The answer correctly interprets the shift in phenotype frequencies as evidence that natural selection favored dark moths due to better camouflage after pollution, linking differential survival and reproduction to the observed change, which satisfies the standard's expectation for using data to expla"
MS-LS4-041,Gemini Flash 3,1,"The answer accurately predicts the increase in the trait's frequency and provides a clear explanation of the natural selection mechanism, including survival, reproduction, and inheritance."
MS-LS4-042,OSS 120b,1,"The answer correctly explains that the change reflects natural selection favoring dark moths due to improved camouflage on soot-darkened trees, causing the observed shift in percentages."
MS-LS4-043,OSS 120b,1,"The answer correctly predicts an increase in long‑tongued bees and explains it using differential survival and reproduction, matching the standard."
MS-LS4-044,OSS 120b,1,"The answer correctly predicts a higher percentage and explains it using natural selection, fulfilling the standard's requirement."
MS-ESS1-065,OSS 120b,1,"The answer correctly identifies the Sun as the central object and explains its gravitational role, meeting the standard."
MS-LS4-043,Gemini Flash 3,1,"The answer correctly identifies that the percentage of long-tongued bees will increase and provides a clear explanation based on survival, reproduction, and the inheritance of traits as required by the standard."
MS-ESS1-065,Nemotron 3 Super 120b a12,1,"The answer correctly identifies the Sun as the central object and explains its gravitational role, aligning with the standard."
MS-ESS1-066,OSS 120b,1,The answer correctly identifies the Milky Way as the galaxy containing our solar system and provides sufficient information.
MS-LS4-044,Nemotron 3 Super 120b a12,0,The answer correctly predicts an increase but does not include any mathematical representation to support the explanation as required by MS-LS4-6.
MS-ESS1-065,Gemini Flash 3,1,The answer is factually correct and directly addresses the standard by linking the Sun's mass and gravity to the motion of the planets in the solar system.
MS-ESS1-066,Nemotron 3 Super 120b a12,1,"The reference answer correctly identifies the Milky Way galaxy as the galaxy containing our solar system and provides relevant, accurate additional detail."
MS-LS4-044,Gemini Flash 3,1,"The answer correctly predicts the increase in the frequency of the favorable trait and explains it using the principles of differential survival, reproduction, and inheritance as required by the standard."
MS-LS4-043,Nemotron 3 Super 120b a12,0,"The answer correctly predicts an increase in long‑tongued bees but offers no mathematical representation (e.g., frequencies, fitness calculations) to support the explanation as required by MS‑LS4‑6."
MS-ESS1-067,OSS 120b,1,"The answer accurately and succinctly states the law of superposition, which is essential for explaining geologic time using rock strata."
MS-ESS1-067,Nemotron 3 Super 120b a12,1,The answer accurately states the law of superposition and fully answers the question.
MS-ESS1-066,Gemini Flash 3,1,The answer correctly identifies the Milky Way galaxy and provides accurate descriptive details that are appropriate for the middle-school level.
MS-ESS1-068,OSS 120b,1,"The answer correctly explains that the Sun's gravity continuously pulls the planets, curving their straight‑line motion into stable orbits, aligning with the standard’s focus on gravity’s role in solar‑system motions."
MS-ESS1-068,Nemotron 3 Super 120b a12,1,"The answer correctly explains that the Sun's gravitational pull provides the centripetal force needed to counteract the planets' inertial motion, which satisfies the standard's requirement to describe gravity's role in orbital motions."
MS-ESS1-070,Nemotron 3 Super 120b a12,1,"The answer correctly explains seasonal differences due to Earth's axial tilt, which aligns with the standard's focus on explaining seasons."
MS-ESS1-069,OSS 120b,1,"The answer correctly explains that layered rock strata provide a chronological record, allowing scientists to determine relative ages and events in Earth's history."
MS-ESS1-067,Gemini Flash 3,1,"The answer accurately and completely defines the law of superposition, which is a fundamental principle used to organize Earth's history via rock strata as required by the standard."
MS-ESS1-070,OSS 120b,1,"The answer correctly explains that Earth's axial tilt causes opposite hemispheres to receive different amounts of sunlight, producing summer in Australia and winter in Canada."
MS-ESS1-068,Gemini Flash 3,1,"The answer accurately explains the balance between gravitational pull and the planets' forward motion, which is the central concept for orbital motion under standard MS-ESS1-2."
MS-ESS1-071,OSS 120b,1,"The answer correctly states that the full moon occurs about 14–15 days after a new moon, matching the expected half‑cycle duration."
MS-ESS1-069,Gemini Flash 3,1,"The answer accurately explains the Law of Superposition and the role of fossils in determining relative ages, which is the foundational concept for organizing the geologic time scale according to the standard."
MS-ESS1-070,Gemini Flash 3,1,The answer accurately identifies Earth's axial tilt and explains how the resulting differences in sunlight intensity and day length cause opposite seasons in the Northern and Southern Hemispheres.
MS-ESS1-072,OSS 120b,1,"The answer correctly identifies a lunar eclipse and explains the reddish color as refracted sunlight filtered through Earth's atmosphere, fully addressing the question."
MS-ESS1-069,Nemotron 3 Super 120b a12,1,"The answer correctly explains that rock strata form sequential layers (superposition) and that studying their order, composition, and fossils allows scientists to determine relative ages, which addresses the question."
MS-ESS1-071,Nemotron 3 Super 120b a12,1,"The answer correctly states that a full moon occurs about half a lunar cycle (~14-15 days) after a new moon, which accurately reflects the cyclic pattern of lunar phases required by the standard."
MS-ESS1-071,Gemini Flash 3,1,"The answer accurately identifies that a full moon occurs approximately halfway through the 29.5-day lunar cycle, which is about 14 to 15 days after a new moon."
MS-ESS1-072,Nemotron 3 Super 120b a12,1,"The answer correctly identifies a lunar eclipse and explains the reddish color via atmospheric refraction/scattering, which fully addresses the question."
MS-ESS1-073,OSS 120b,1,"The answer correctly explains that the Moon's proximity makes its apparent size comparable to the Sun's, allowing it to fully cover the Sun during alignment, which addresses the question."
MS-ESS1-073,Nemotron 3 Super 120b a12,1,"The answer correctly explains that the Moon's closer distance gives it an angular size similar to the Sun's, allowing it to completely block the Sun during a total solar eclipse."
MS-ESS1-072,Gemini Flash 3,1,"The answer correctly identifies the lunar eclipse, describes the alignment of the Earth-sun-moon system, and explains the atmospheric refraction that causes the reddish color."
MS-ESS1-074,OSS 120b,1,"The answer correctly estimates the Moon’s distance and computes the travel time at 60 mph, giving an appropriate approximate duration."
MS-ESS1-073,Gemini Flash 3,1,"The answer accurately explains that the relative distances of the Moon and Sun make them appear the same size in the sky, which is the correct scientific explanation for why the Moon can block the Sun."
MS-ESS1-075,OSS 120b,1,"The answer correctly applies the Sun–Earth diameter ratio (≈1/109) to the 24 cm Sun model, yielding about 0.22 cm (≈2 mm) for Earth, which fully answers the question."
MS-ESS1-074,Gemini Flash 3,1,The reference answer accurately calculates the travel time based on the average distance to the Moon and correctly contextualizes the result to illustrate scale in the solar system.
MS-ESS1-074,Nemotron 3 Super 120b a12,1,"The calculation of 239,000 miles ÷ 60 mph ≈ 4,000 hours (~166 days) is accurate, and describing this as 'nearly half a year' is a reasonable approximation for middle‑school level."
MS-ESS1-075,Gemini Flash 3,1,The calculation accurately uses the standard Sun-to-Earth diameter ratio of approximately 109:1 to derive a mathematically correct and physically descriptive answer.
MS-ESS1-077,OSS 120b,1,"The answer correctly states that almost all of Earth's 4.6‑billion‑year history occurred before humans, quantifying the period and linking it to the geologic time scale."
MS-ESS1-076,OSS 120b,1,"The answer correctly explains that despite tilting, geologists can infer the original sequence using principles like original horizontality and fossil correlation, allowing use of the geologic time scale to identify the oldest layer."
MS-ESS1-077,Nemotron 3 Super 120b a12,1,The answer correctly states that nearly all of Earth's 4.6‑billion‑year history occurred before humans appeared and ties this to the geologic time scale and Cenozoic Era as required.
MS-ESS1-076,Nemotron 3 Super 120b a12,1,"The answer correctly states that tilted layers can be restored to their original order using depositional clues and fossil correlation, allowing the geologic time scale to identify the oldest layer."
MS-ESS2-067,Nemotron 3 Super 120b a12,1,The answer correctly identifies the process as solidification (or crystallization) and explains how cooling magma/lava forms igneous rock.
MS-ESS1-075,Nemotron 3 Super 120b a12,1,"The answer correctly applies the Earth‑to‑Sun diameter ratio (~1/109) to the 24 cm basketball model, yielding ~0.22 cm (≈2 mm) for Earth, which accurately satisfies the scale‑property interpretation required by MS‑ESS1-3."
MS-ESS2-068,Nemotron 3 Super 120b a12,1,"The answer accurately defines deposition as the settling of eroded sediment and gives appropriate examples, meeting the middle‑school expectation."
MS-ESS2-067,Gemini Flash 3,1,The answer correctly identifies the process as solidification or crystallization and explains how magma or lava transforms into igneous rock through cooling.
MS-ESS1-076,Gemini Flash 3,1,The answer accurately explains that geologists use principles of original deposition and fossil correlation to apply the geologic time scale to disturbed rock strata.
MS-ESS2-067,OSS 120b,1,"The answer correctly names the process (solidification/crystallization) and explains that cooling magma hardens into igneous rock, satisfying the question."
MS-ESS2-068,Gemini Flash 3,1,"The answer accurately defines deposition and provides appropriate examples of the resulting landforms, which aligns well with the requirements for middle-school science."
MS-ESS2-070,Nemotron 3 Super 120b a12,1,The reference answer correctly identifies temperature and moisture content as the two main characteristics used to classify air masses.
MS-ESS2-069,OSS 120b,1,"The answer accurately describes that magnetic striping records Earth's magnetic reversals and its symmetric pattern on both sides of a ridge provides evidence for seafloor spreading, meeting the standard."
MS-ESS2-068,OSS 120b,1,"The answer correctly defines deposition as the settling of eroded sediment and gives appropriate examples, aligning with the standard's focus on geoscience processes."
MS-ESS2-070,OSS 120b,1,The answer correctly identifies temperature and moisture content as the two main characteristics for classifying air masses.
MS-ESS2-069,Gemini Flash 3,1,"The answer accurately explains the origin and significance of magnetic striping as evidence for seafloor spreading and plate tectonics, which aligns perfectly with MS-ESS2-3."
MS-ESS1-077,Gemini Flash 3,1,The answer accurately explains the relative scale of Earth's history compared to human existence and correctly identifies that the vast majority of geological time is recorded in rock strata below human-containing layers.
MS-ESS2-071,OSS 120b,1,"The answer correctly explains that the advancing cold, dense air forces warm air upward, leading to condensation, clouds, wind, and precipitation, which accounts for the weather changes associated with a cold front."
MS-ESS2-070,Gemini Flash 3,1,"The answer accurately identifies temperature and moisture content as the two primary characteristics used to classify air masses, which directly aligns with middle school science curriculum standards."
MS-ESS2-071,Nemotron 3 Super 120b a12,1,"The reference answer correctly describes how a cold front forces warm air to rise, leading to cloud formation, precipitation, and then cooler, clearer conditions, which directly addresses why weather changes with a cold front."
MS-ESS2-072,OSS 120b,1,"The answer correctly explains that Earth's rotation produces the Coriolis effect, which deflects moving air and causes winds to curve rather than travel in straight lines."
MS-ESS2-072,Gemini Flash 3,1,"The answer accurately identifies the Coriolis effect and describes its hemispheric directional influence on wind patterns, which directly addresses the mechanism requested by the standard."
MS-ESS2-072,Nemotron 3 Super 120b a12,1,"The answer correctly explains that Earth's rotation creates the Coriolis effect, which deflects moving air rightward in the Northern Hemisphere and leftward in the Southern Hemisphere, causing winds to curve."
MS-ESS2-071,Gemini Flash 3,1,"The answer accurately describes the interaction between dense cold air and warmer air, explaining the mechanism of uplift, condensation, and the resulting weather changes characteristic of a cold front."
MS-ESS2-069,Nemotron 3 Super 120b a12,1,"The answer correctly describes magnetic striping as symmetrical bands recording past magnetic reversals, providing evidence of seafloor spreading and past plate motions."
MS-ESS2-073,OSS 120b,1,"The answer correctly predicts that the cliff will be somewhat smaller and more eroded due to wave action, providing an appropriate geologic process explanation."
MS-ESS2-073,Nemotron 3 Super 120b a12,1,"The answer correctly identifies wave‑driven erosion as a geoscience process that changes the cliff over the given time span and provides a clear explanation, satisfying the standard’s requirement for an evidence‑based explanation of surface change."
MS-ESS2-075,OSS 120b,1,"The answer correctly explains that plate tectonics moved the region from a former shallow sea environment, accounting for the inland coral reef fossils, which aligns with the standard."
MS-ESS2-074,OSS 120b,1,"The answer correctly explains that repeated heavy rainstorms cause erosion, deepening and widening the stream channel and forming gullies, which aligns with the standard."
MS-ESS2-074,Nemotron 3 Super 120b a12,1,"The answer correctly explains that prolonged stream erosion of soft soil will deepen and widen the channel, potentially forming a gully or ravine, which aligns with the standard's focus on geoscience processes shaping Earth's surface over time and space."
MS-ESS2-074,Gemini Flash 3,1,"The answer accurately describes the process of erosion and its long-term physical impact on the landscape, which correctly addresses the geoscience processes and timescales required by the standard."
MS-ESS2-075,Nemotron 3 Super 120b a12,1,"The answer correctly explains that central Canada was once near a warm, shallow sea and that plate motion moved the landmass to its current inland location, which aligns with the standard’s focus on using fossil distribution to infer past plate motions."
MS-ESS2-073,Gemini Flash 3,1,"The answer accurately identifies wave erosion as the process causing the cliff to wear down over the specified 50-year timeframe, which aligns with the standard's focus on geoscience processes at varying scales."
MS-ESS2-075,Gemini Flash 3,1,"The answer accurately explains that plate tectonics accounts for the change in geographic location and environment over time, which directly addresses the standard's focus on fossil distribution as evidence of plate motion."
MS-ESS2-076,OSS 120b,1,"The answer correctly identifies that stopping Earth's rotation removes the Coriolis effect, leading to straight-line wind flow from high to low pressure and the loss of the familiar curved wind belts, adequately addressing the question."
MS-ESS2-076,Nemotron 3 Super 120b a12,1,"The answer correctly states that without Earth's rotation the Coriolis effect would vanish, causing winds to flow directly from high to low pressure and preventing the formation of curved wind belts like the trade winds and westerlies."
MS-ESS2-076,Gemini Flash 3,1,"The answer accurately identifies that stopping Earth's rotation would eliminate the Coriolis effect, causing winds to flow directly between pressure zones rather than forming curved global belts."
MS-ESS3-054,OSS 120b,1,"The answer correctly identifies burial, compression, heat, and pressure (coalification) as the geologic process forming most coal deposits."
MS-ESS2-077,Nemotron 3 Super 120b a12,1,"The reference answer correctly identifies the trade winds as the westward-blowing wind belt in the tropics and explains their formation via equatorial heating, subtropical inflow, and the Coriolis effect, aligning with standard MS-ESS2-6."
MS-ESS2-077,Gemini Flash 3,1,The answer correctly identifies the trade winds and explains their direction through the combination of Hadley cell circulation (unequal heating) and the Coriolis effect (rotation).
MS-ESS3-054,Nemotron 3 Super 120b a12,1,"The answer correctly describes coal formation through burial, compression, heat, and pressure, which is the primary geologic process (coalification) forming most coal deposits."
MS-ESS2-077,OSS 120b,1,The answer correctly identifies the trade winds as the westward‑blowing tropical wind belt and explains their direction using unequal heating and the Coriolis effect.
MS-ESS3-054,Gemini Flash 3,1,"The answer accurately describes the biological origin and the physical processes of burial, heat, and pressure that characterize coal formation over geologic time."
MS-ESS3-055,OSS 120b,1,The answer correctly defines mitigation as actions to lessen the severity/impact of natural hazards and provides an appropriate example.
MS-ESS3-055,Nemotron 3 Super 120b a12,1,The answer correctly defines mitigation as taking actions to reduce the severity or impact of a natural hazard and provides a relevant example.
MS-ESS3-057,OSS 120b,1,"The answer correctly lists the main types of data (seismic activity, ground deformation, gas emissions, temperature changes) that scientists monitor to forecast volcanic eruptions."
MS-ESS3-058,Nemotron 3 Super 120b a12,1,"The answer correctly defines runoff and explains why it is an environmental concern by describing how it transports pollutants into water bodies, which aligns with the standard's focus on understanding human impacts."
MS-ESS3-055,Gemini Flash 3,1,The answer provides an accurate definition of mitigation and a relevant example that aligns with the standard's focus on reducing the impact of natural hazards.
MS-ESS3-057,Nemotron 3 Super 120b a12,1,"The answer accurately lists the primary data types scientists monitor to forecast volcanic eruptions, satisfying the standard’s requirement."
MS-ESS3-056,Nemotron 3 Super 120b a12,1,"The answer accurately describes a tsunami warning system as a network of sensors, buoys, and communication tools that detects ocean‑wave anomalies and issues evacuation alerts, which aligns with forecasting and mitigating tsunami hazards as required by the standard."
MS-ESS3-056,Gemini Flash 3,1,"The answer accurately describes the technological components and the mitigation purpose of the system, which directly aligns with the goals of standard MS-ESS3-2."
MS-ESS3-057,Gemini Flash 3,1,"The answer accurately identifies the key scientific indicators used to monitor and forecast volcanic eruptions, aligning well with the requirements of MS-ESS3-2 for middle school students."
MS-ESS3-056,OSS 120b,1,"The answer accurately describes a tsunami warning system's components and purpose, matching the standard's focus on interpreting hazard data and informing mitigation technology."
MS-ESS3-058,OSS 120b,1,The answer accurately defines runoff and explains its environmental concern by describing pollutant transport and ecosystem harm.
MS-ESS3-059,OSS 120b,1,"The answer accurately defines carrying capacity as the maximum sustainable population given resources, which fully addresses the question."
MS-ESS3-059,Nemotron 3 Super 120b a12,1,The answer accurately defines carrying capacity as the maximum sustainable population size an environment can support given available resources.
MS-ESS3-060,OSS 120b,1,"The answer correctly explains that coal’s uneven global distribution results from specific past geologic and environmental conditions (ancient forests, burial, pressure, and heat), matching the standard."
MS-ESS3-059,Gemini Flash 3,1,The reference answer provides a scientifically accurate and clear definition of carrying capacity that is appropriate for understanding the limits of population growth and resource consumption required by the standard.
MS-ESS3-061,OSS 120b,1,"The answer correctly explains that burial, heat, pressure, and trapping by impermeable rocks cause hydrocarbons to form and accumulate at depth, which sufficiently addresses why deposits are deep underground."
MS-ESS3-060,Nemotron 3 Super 120b a12,1,"The answer correctly explains coal formation and links its uneven distribution to past geologic conditions, satisfying the standard."
MS-ESS3-060,Gemini Flash 3,1,"The answer accurately explains how specific past geological processes and environments led to the current uneven distribution of coal, which directly fulfills the requirements of MS-ESS3-1."
MS-ESS3-062,OSS 120b,1,"The answer accurately explains that burning fossil fuels adds CO₂, enhancing the greenhouse effect and trapping heat, which raises global temperatures."
MS-ESS3-061,Nemotron 3 Super 120b a12,1,"The answer correctly explains that oil and gas form from buried organic matter subjected to heat and pressure and require impermeable traps, which only occur underground, thus addressing the question."
MS-ESS3-061,Gemini Flash 3,1,"The answer accurately identifies that burial, heat, pressure, and geological trapping are the essential processes that explain why these resources form and accumulate deep underground."
MS-ESS3-063,OSS 120b,1,"The answer correctly interprets the flood frequency data to forecast an imminent event and recommends appropriate mitigation actions, fulfilling the standard."
MS-ESS3-062,Nemotron 3 Super 120b a12,1,"The answer correctly explains that burning fossil fuels releases CO2, enhancing the greenhouse effect and raising global temperatures, which sufficiently addresses the question for the middle-school standard."
MS-ESS3-063,Nemotron 3 Super 120b a12,1,"The answer correctly interprets the flood pattern to predict an imminent event and proposes appropriate mitigation actions, fulfilling the standard's requirement to forecast hazards and inform mitigation technologies."
MS-ESS3-058,Gemini Flash 3,1,"The answer accurately defines runoff and explains how it transports human-related pollutants to harm ecosystems, which is a foundational concept for understanding and minimizing human impact under MS-ESS3-3."
MS-ESS3-064,OSS 120b,1,"The answer correctly proposes a simple, feasible monitoring method (regular water sampling and testing key indicators) that aligns with the question and standard."
MS-ESS3-063,Gemini Flash 3,1,The answer correctly interprets the historical data to forecast a near-term event and suggests appropriate mitigation and preparation strategies consistent with the MS-ESS3-2 standard.
MS-ESS3-062,Gemini Flash 3,1,"The answer accurately identifies the causal link between burning fossil fuels, the release of carbon dioxide, and the intensification of the greenhouse effect resulting in global warming."
MS-ESS3-064,Nemotron 3 Super 120b a12,1,"The answer provides a straightforward, scientifically sound method for residents to monitor river water quality over time, which satisfies the standard's goal of applying principles to monitor human environmental impacts."
MS-ESS3-064,Gemini Flash 3,1,The answer provides a scientifically sound and age-appropriate method for monitoring water quality that directly addresses the requirements of the standard MS-ESS3-3.
MS-ETS1-058,OSS 120b,1,"The answer accurately defines criteria as the specific requirements or goals a design must meet, which correctly addresses the question."
MS-ESS3-065,OSS 120b,1,"The answer correctly proposes a buffer strip of vegetation to absorb fertilizer and reduce runoff, which is an appropriate design change for minimizing the impact."
MS-ESS3-065,Nemotron 3 Super 120b a12,1,"The answer correctly proposes a vegetative buffer strip, a scientifically sound design change that absorbs fertilizer and slows runoff, thereby minimizing the environmental impact."
MS-ESS3-065,Gemini Flash 3,1,The answer correctly identifies a scientifically sound design solution (buffer strips) and explains how it minimizes the environmental impact of fertilizer runoff.
MS-ETS1-058,Nemotron 3 Super 120b a12,1,"The answer correctly defines criteria as the specific requirements or goals a design must meet, which aligns with the standard's focus on evaluating solutions against success criteria."
MS-ETS1-059,OSS 120b,1,"The answer correctly explains that constraints define limits such as budget, materials, or safety, ensuring designs are feasible and affordable, which aligns with the standard."
MS-ETS1-058,Gemini Flash 3,1,The answer accurately defines criteria as the requirements for a successful design and provides appropriate examples for the middle-school level.
MS-ETS1-059,Nemotron 3 Super 120b a12,1,"The answer correctly explains that constraints define limits so engineers can design feasible solutions, which aligns with the standard's purpose."
MS-ETS1-060,OSS 120b,1,"The answer correctly explains that vague problem statements omit essential criteria and constraints, making success criteria unclear and leading to suboptimal or unsuitable solutions, matching the standard."
MS-ETS1-059,Gemini Flash 3,1,"The answer accurately identifies constraints as necessary limitations that ensure a design solution is feasible, safe, and within budget, which directly aligns with the standard's focus on defining design problems."
MS-ETS1-061,OSS 120b,1,"The answer correctly explains that combining strengths from multiple solutions allows the final design to meet more criteria than any single solution, directly addressing the question."
MS-ETS1-060,Nemotron 3 Super 120b a12,1,"The answer correctly explains that a vague problem statement omits essential criteria and constraints, making it unclear what counts as success and leading to solutions that may fail to meet needs or violate limits."
MS-ETS1-060,Gemini Flash 3,1,"The answer accurately explains how a lack of precision in defining criteria and constraints prevents engineers from identifying successful outcomes or adhering to necessary limitations, as required by MS-ETS1-1."
MS-ETS1-061,Nemotron 3 Super 120b a12,1,"The answer correctly states that different solutions excel in different areas, so merging their best features enables the final design to satisfy more success criteria than any single solution alone, which directly addresses the question and aligns with MS‑ETS1‑3."
MS-ETS1-061,Gemini Flash 3,1,"The answer accurately reflects the core concept of MS-ETS1-3, explaining that combining successful features from different designs optimizes the final solution to meet various criteria."
MS-ETS1-062,OSS 120b,1,"The answer correctly explains that a top‑scoring design can still have weak features, so selecting the best traits from multiple designs is preferable."
MS-ETS1-062,Nemotron 3 Super 120b a12,1,"The answer correctly explains that a top-scoring design may still contain weak features, so combining the strongest traits from multiple designs can yield a better solution, which aligns with MS-ETS1-3."
MS-ETS1-063,OSS 120b,1,"The answer correctly explains that data identifies where the design falls short and enables informed, targeted improvements, aligning with the iterative design process."
MS-ETS1-063,Nemotron 3 Super 120b a12,1,"The answer correctly explains that data from model testing reveals where a design fails to meet goals, enabling engineers to make informed, specific improvements."
MS-ETS1-062,Gemini Flash 3,1,The answer accurately reflects the core principle of standard MS-ETS1-3 by explaining that superior solutions are often created by combining the best individual characteristics of multiple tested designs rather than just choosing one.
MS-ETS1-064,OSS 120b,1,"The answer correctly explains that models let engineers simulate and test designs, revealing flaws early so they can be fixed before final construction."
MS-ETS1-063,Gemini Flash 3,1,"The answer accurately explains how data from models identifies failures to meet criteria, which allows for evidence-based iterative improvements as required by the standard."
MS-ETS1-065,OSS 120b,1,"The answer correctly explains that engineers use test data to make evidence‑based decisions, ensuring improvements over guesses."
MS-ETS1-064,Nemotron 3 Super 120b a12,1,"The answer correctly states that building a model lets engineers simulate and identify design weaknesses early, enabling corrections before final production, which fulfills the standard's aim of iterative testing and modification."
MS-ETS1-064,Gemini Flash 3,1,"The answer accurately explains how models allow for iterative testing and identifying weaknesses to improve a design before final production, which aligns with the core requirements of MS-ETS1-4."
MS-ETS1-065,Nemotron 3 Super 120b a12,1,"The answer correctly explains that test data provide evidence for evidence‑based design improvements, aligning with the standard's iterative testing and optimization goal."
MS-ETS1-066,OSS 120b,1,The answer correctly explains that side‑by‑side comparison lets designers see how changes affect performance and decide which modifications to keep for the next iteration.
MS-ETS1-066,Nemotron 3 Super 120b a12,1,"The reference answer correctly explains that side‑by‑side data comparison reveals the effect of each design change, enabling engineers to retain successful modifications and iterate toward an optimal design, which aligns with MS‑ETS1‑4."
MS-ETS1-066,Gemini Flash 3,1,"The answer correctly explains how comparing data across iterations allows engineers to evaluate the effectiveness of specific changes, which is central to the iterative design process described in MS-ETS1-4."
MS-ETS1-067,OSS 120b,1,"The answer correctly predicts that the new case will combine the impact absorption of Design 1 with the slimness of Design 2, resulting in improved protection with reduced bulk."
MS-ETS1-067,Nemotron 3 Super 120b a12,1,"The answer correctly identifies that combining the shock‑absorbing material of Design 1 with the slim profile of Design 2 would improve protection and reduce bulk, meeting both criteria as required by the standard."
MS-ETS1-065,Gemini Flash 3,1,"The answer accurately explains how data-driven iterations lead to optimal design improvements, which aligns perfectly with the requirements of standard MS-ETS1-4."
MS-ETS1-067,Gemini Flash 3,1,The answer accurately identifies the strengths of each design and explains how combining them creates a superior solution that addresses both the protection and portability criteria defined in the standard.
MS-ETS1-069,OSS 120b,1,"The answer correctly explains that repeating trials provides reliable, consistent data to distinguish chance variation from true effects before modifying the design."
MS-ETS1-068,Nemotron 3 Super 120b a12,1,"The answer correctly explains that recording test results provides comparative data to assess whether design changes improve performance, which aligns with the iterative testing and modification goal of MS-ETS1-4."
MS-ETS1-068,OSS 120b,1,"The answer correctly explains that recording test results provides data to compare designs and determine if changes improve the bridge, which is essential for iterative testing and optimization."
MS-ETS1-070,OSS 120b,1,"The answer correctly explains that the murky output provides evidence of poor filtration, prompting data‑driven modifications such as adding layers or using finer sand, which aligns with iterative design."
MS-ETS1-068,Gemini Flash 3,1,"The answer correctly identifies that recording data allows for comparisons between iterations to determine if design modifications lead to improvement, which is central to the iterative testing process described in MS-ETS1-4."
MS-PS1-061,OSS 120b,1,"The answer correctly explains that ball-and-stick models represent atoms and bonds, allowing visualization of a molecule's 3D shape and composition, which aligns with the standard."
MS-ETS1-069,Gemini Flash 3,1,The answer correctly identifies that multiple trials establish a baseline of reliable data to ensure that subsequent changes in performance are due to design modifications rather than random error.
MS-ETS1-070,Nemotron 3 Super 120b a12,1,"The answer correctly explains that the murky output provides evidence for needed improvements, illustrating iterative testing and modification as required by the standard."
MS-PS1-061,Nemotron 3 Super 120b a12,1,"The answer correctly explains that ball-and-stick models represent atoms with colored balls and bonds with sticks, enabling scientists to visualize a molecule's 3D shape and composition."
MS-ETS1-070,Gemini Flash 3,1,"The answer accurately explains how testing data provides evidence for specific modifications within an iterative design process, aligning perfectly with the MS-ETS1-4 standard."
MS-PS1-061,Gemini Flash 3,1,The answer accurately describes the components of a ball-and-stick model and explains its utility in visualizing atomic composition and spatial arrangement as required by the MS-PS1-1 standard.
MS-PS1-063,OSS 120b,1,"The answer correctly explains that during boiling added heat goes into breaking intermolecular bonds, not raising kinetic energy, keeping temperature constant until the phase change is complete."
MS-PS1-063,Nemotron 3 Super 120b a12,1,"The answer correctly explains that during boiling added heat goes into breaking intermolecular bonds rather than increasing particle kinetic energy, keeping temperature constant, which aligns with MS-PS1-4."
MS-PS1-062,OSS 120b,1,"The answer correctly explains that diamond's hardness comes from each carbon atom forming strong covalent bonds in a rigid 3‑D network, which fully addresses why a single‑element material can be extremely hard."
MS-PS1-062,Nemotron 3 Super 120b a12,1,The answer correctly explains diamond's hardness via its tetrahedral covalent network of carbon atoms.
MS-ETS1-069,Nemotron 3 Super 120b a12,1,"Repeating trials yields reliable, consistent data to distinguish true effects from random variation, supporting iterative design improvement."
MS-PS1-064,OSS 120b,1,"The answer correctly explains that the mass is not lost but converted to gases and ash, aligning with the conservation of mass concept."
MS-PS1-065,OSS 120b,1,"The answer correctly explains that chemists balance equations to ensure equal numbers of each atom on both sides, reflecting the conservation of mass, which fully addresses the question."
MS-PS1-063,Gemini Flash 3,1,"The answer accurately explains that during a phase change, added energy is used to overcome intermolecular forces rather than increasing particle speed, which correctly links kinetic energy to temperature as required by the standard."
MS-PS1-064,Nemotron 3 Super 120b a12,1,"The answer correctly states that mass is conserved because the log's mass is converted into gases (CO₂, H₂O vapor) and ash, and that collecting all products would equal the original mass plus oxygen used, addressing the misconception."
MS-PS1-066,OSS 120b,1,The answer correctly explains that heat release or absorption depends on the balance between energy required to break bonds and energy released when new bonds form.
MS-PS1-065,Gemini Flash 3,1,"The answer accurately explains that balancing equations reflects the law of conservation of mass and the principle that the number of atoms remains constant, which directly aligns with standard MS-PS1-5."
MS-PS1-066,Nemotron 3 Super 120b a12,1,"The answer correctly explains that the net energy change from breaking and forming chemical bonds determines whether a reaction releases or absorbs heat, which aligns with the standard's focus on energy changes in chemical processes."
MS-PS1-064,Gemini Flash 3,1,"The answer accurately explains the law of conservation of mass by accounting for both visible products like ash and invisible products like gases, as well as the reactant oxygen."
MS-PS1-062,Gemini Flash 3,1,"The answer accurately describes the tetrahedral extended structure of diamond and explains how this repeating covalent network results in its hardness, aligning perfectly with standard MS-PS1-1."
MS-PS1-065,Nemotron 3 Super 120b a12,1,"The answer correctly states that balancing shows equal numbers of each type of atom on both sides, reflecting conservation of mass, which directly addresses the standard."
MS-PS1-068,OSS 120b,1,"The answer correctly explains that an endothermic reaction absorbs heat, causing the pack to become cold, which fully addresses the question."
MS-PS1-067,OSS 120b,1,"The answer correctly explains that added thermal energy increases particle motion, overcoming intermolecular forces and causing the solid butter to melt into a liquid."
MS-PS1-068,Nemotron 3 Super 120b a12,1,"The answer correctly identifies that the cold pack's temperature drop results from an endothermic chemical reaction absorbing thermal energy from the surroundings, which directly explains why the pack feels cold."
MS-PS2-080,OSS 120b,1,"The answer correctly states that increasing the charge on one object increases the electric force, matching Coulomb's law."
MS-PS1-067,Gemini Flash 3,1,"The answer accurately describes the transfer of thermal energy, the resulting increase in particle motion, and the transition from a rigid solid structure to a liquid state, directly addressing the requirements of standard MS-PS1-4."
MS-PS2-080,Nemotron 3 Super 120b a12,1,"The answer correctly states that increasing the charge on one object increases the electric force, which aligns with Coulomb's law and addresses the factor affecting force strength as required by the standard."
MS-PS1-066,Gemini Flash 3,1,The answer accurately explains the net energy change in a chemical reaction based on the balance of energy required to break bonds and energy released when forming them.
MS-PS1-068,Gemini Flash 3,1,The answer accurately identifies the reaction as endothermic and correctly explains that the temperature decrease is due to the absorption of thermal energy from the surroundings.
MS-PS1-067,Nemotron 3 Super 120b a12,1,"The answer correctly links added thermal energy to increased particle motion and the solid‑to‑liquid change, satisfying the standard’s expectations."
MS-PS2-081,Nemotron 3 Super 120b a12,1,"The answer correctly states that increasing mass increases gravitational pull, which aligns with the standard's claim that gravitational interactions depend on the masses of interacting objects."
MS-PS2-080,Gemini Flash 3,1,The answer accurately describes the direct relationship between charge magnitude and electric force strength as required by the MS-PS2-3 standard.
MS-PS2-081,Gemini Flash 3,1,"The answer accurately describes the direct relationship between mass and gravitational force, which is a core requirement of the MS-PS2-4 standard."
MS-PS2-081,OSS 120b,1,"The answer correctly states that a greater mass results in a stronger gravitational pull, accurately reflecting the dependence of gravitational force on mass."
MS-PS2-082,OSS 120b,1,"The answer correctly explains how to infer the presence of an invisible magnetic field using iron filings or a compass, demonstrating indirect evidence of the field as required."
MS-PS2-082,Nemotron 3 Super 120b a12,1,"The answer correctly describes using iron filings or a compass to detect a magnetic field, providing evidence of non-contact forces."
MS-PS2-082,Gemini Flash 3,1,"The answer accurately identifies two standard methods for detecting a magnetic field and explains how they provide evidence of non-contact forces, which aligns perfectly with MS-PS2-5."
MS-PS2-083,OSS 120b,1,"The answer correctly states that the ball exerts an equal and opposite force on the foot, which is the essential description of Newton's Third Law for this scenario."
MS-PS3-076,Nemotron 3 Super 120b a12,1,"The joule (J) is the SI unit for energy, which correctly and fully answers the question."
MS-PS3-076,OSS 120b,1,"The answer correctly identifies the standard unit of energy, joules (J), fully addressing the question."
MS-PS2-083,Nemotron 3 Super 120b a12,1,"The answer correctly identifies that the ball exerts an equal and opposite backward force on the foot, illustrating Newton's third law for the collision."
MS-PS3-077,OSS 120b,1,"The answer correctly identifies magnetic potential energy as the type stored between separated magnets, directly addressing the question."
MS-PS3-076,Gemini Flash 3,1,"The joule is the standard international unit used by scientists to measure energy, making the answer correct and sufficient for a middle-school level."
MS-PS2-083,Gemini Flash 3,1,The answer accurately describes the interaction of forces between the ball and the foot in accordance with Newton's Third Law.
MS-PS3-077,Nemotron 3 Super 120b a12,1,"The answer correctly identifies magnetic potential energy and explains its storage via magnetic force at a distance, meeting the standard."
MS-PS3-078,OSS 120b,1,"The answer correctly defines high specific heat capacity as needing a lot of energy to change temperature, which aligns with the standard's focus on energy transfer and temperature change."
MS-PS3-079,OSS 120b,1,"The answer correctly states that the ball loses kinetic energy, so energy is transferred away from it, satisfying the standard."
MS-PS3-077,Gemini Flash 3,1,"The answer correctly identifies magnetic potential energy and explains that it arises from the non-contact interaction between the magnets, which aligns with MS-PS3-2."
MS-PS3-079,Nemotron 3 Super 120b a12,1,"The answer correctly identifies that a decrease in kinetic energy means energy was transferred away from the ball, which directly supports the claim in MS-PS3-5."
MS-PS3-078,Nemotron 3 Super 120b a12,1,"The answer correctly defines high specific heat capacity and gives a suitable example, aligning with the standard's focus on energy transfer and temperature change."
MS-PS3-079,Gemini Flash 3,1,"The answer accurately identifies that energy is transferred away from the ball when it slows down and correctly links this to the decrease in kinetic energy, which aligns with standard MS-PS3-5."
MS-PS3-080,OSS 120b,1,"The answer correctly links greater mass to higher kinetic energy at equal speed, explaining why stopping requires more force/distance, matching the standard."
MS-PS3-080,Nemotron 3 Super 120b a12,1,"The answer correctly states that greater mass gives greater kinetic energy at the same speed, which requires more force or distance to stop, aligning with the standard's focus on mass‑kinetic energy relationships."
MS-PS3-081,OSS 120b,1,"The answer correctly links the greater mass of the larger pot to the need for more transferred energy to achieve the same temperature rise, explaining why it heats more slowly."
MS-PS3-080,Gemini Flash 3,1,The answer accurately applies the relationship between mass and kinetic energy as required by the standard to explain the physical phenomenon described.
MS-PS3-082,OSS 120b,1,"The answer correctly explains that the player's foot transfers energy to the ball, increasing its kinetic energy and thus its speed, meeting the standard."
MS-PS3-082,Nemotron 3 Super 120b a12,1,"The answer correctly explains that the player's foot transfers energy to the ball, increasing its kinetic energy and speed, which aligns with the standard."
MS-PS3-081,Gemini Flash 3,1,"The answer correctly identifies that a larger mass requires more total energy transfer to achieve the same increase in average kinetic energy (temperature), which directly addresses the relationships defined in the MS-PS3-4 standard."
MS-PS3-081,Nemotron 3 Super 120b a12,1,"The answer correctly explains that a larger mass requires more energy to raise the temperature (average kinetic energy) by the same amount, so with equal power input it takes longer to heat."
MS-PS3-083,OSS 120b,1,"The answer correctly explains that the smaller cup, having less mass, experiences a larger temperature increase for the same added heat."
MS-PS3-083,Nemotron 3 Super 120b a12,1,"The answer correctly states that the smaller mass of water will experience a greater temperature increase for the same heat input, linking energy, mass, material type, and change in average kinetic energy (temperature) as required by the standard."
MS-PS4-059,Nemotron 3 Super 120b a12,1,"The reference answer correctly identifies that materials allowing light to pass through completely are called transparent, which directly answers the question."
MS-PS3-082,Gemini Flash 3,1,"The answer accurately links the increase in the ball's kinetic energy to the transfer of energy from the player's foot, which directly satisfies the requirements of standard MS-PS3-5."
MS-PS4-059,OSS 120b,1,The answer correctly identifies the term 'transparent materials' for substances that let light pass through completely.
MS-PS4-060,OSS 120b,1,"The answer correctly defines bandwidth for digital signals as the data capacity of a channel per unit time, which is accurate and sufficient for the question."
MS-PS3-083,Gemini Flash 3,1,The answer accurately identifies the relationship between mass and temperature change and correctly links temperature to the average kinetic energy of particles as required by the MS-PS3-4 standard.
MS-PS4-059,Gemini Flash 3,1,"The term 'transparent' accurately describes materials that transmit light completely, which is a core concept of the MS-PS4-2 standard regarding light transmission."
MS-PS4-060,Nemotron 3 Super 120b a12,1,"The answer correctly defines bandwidth as the data transmission capacity of a channel measured in bits per second, which is appropriate for digital signals at a middle‑school level."
MS-PS4-061,Nemotron 3 Super 120b a12,1,"The answer correctly identifies amplitude as the visual indicator of wave energy and explains that greater amplitude means more energy, which aligns with the standard's focus on amplitude-energy relationship."
MS-PS4-061,OSS 120b,1,"The answer correctly identifies amplitude as the indicator of energy and states that the wave with the greatest amplitude has the most energy, fully addressing the question."
MS-PS4-062,OSS 120b,1,"The answer correctly explains that plucking harder adds energy, increases vibration amplitude, and thus produces a louder sound, matching the needed concept of amplitude‑energy relationship."
MS-PS4-063,Nemotron 3 Super 120b a12,1,"The answer correctly describes absorption, reflection, and transmission of sound waves by the wall, directly addressing why hearing is less clear."
MS-PS4-062,Gemini Flash 3,1,"The answer accurately explains the relationship between energy, amplitude, and loudness in accordance with the standard MS-PS4-1."
MS-PS4-062,Nemotron 3 Super 120b a12,1,"The answer correctly links greater plucking force to increased string energy, greater amplitude, and thus louder sound, aligning with the standard's concept that wave energy increases with amplitude."
MS-PS4-063,OSS 120b,1,"The answer correctly explains that walls absorb and reflect sound, reducing transmitted energy and thus making speech less clear, aligning with the wave transmission model."
MS-PS4-060,Gemini Flash 3,1,The definition provided is scientifically accurate and appropriate for a middle-school level explanation of how data is transmitted in digital systems.
MS-PS4-064,OSS 120b,1,"The answer correctly explains that soft tissue transmits X‑rays due to low absorption while dense bone absorbs more, creating white shadows, matching the standard."
MS-PS4-063,Gemini Flash 3,1,"The answer correctly uses the standard's core concepts of reflection, absorption, and transmission to explain how a wall reduces sound intensity."
MS-PS3-078,Gemini Flash 3,0,"The answer is inadequate because it fails to specify that specific heat capacity is defined per unit mass, which is a necessary distinction for the MS-PS3-4 standard."
MS-PS4-064,Nemotron 3 Super 120b a12,1,"The answer correctly explains that X-rays are transmitted through low‑absorption soft tissue and absorbed by high‑absorption bone, producing the observed image contrast, which aligns with the standard’s focus on wave absorption and transmission."
MS-PS4-065,OSS 120b,1,"The answer correctly explains that skin absorbs most wavelengths but transmits red/orange light, causing the hand to appear reddish, aligning with the wave transmission concept."
MS-PS4-065,Gemini Flash 3,1,"The answer correctly explains the phenomenon using the concepts of selective transmission and absorption, which aligns with the MS-PS4-2 standard."
MS-PS4-065,Nemotron 3 Super 120b a12,1,"The answer correctly explains that red/orange wavelengths are transmitted through skin while other wavelengths are absorbed, which aligns with the standard’s focus on wave transmission and absorption."
MS-PS4-066,OSS 120b,1,"The answer correctly explains that digital messaging uses 0‑1 encoding with error detection/correction, which prevents garbled text despite a weak signal, aligning with the standard."
MS-PS4-064,Gemini Flash 3,1,"The answer accurately uses the concepts of transmission and absorption to explain how X-ray waves interact differently with soft tissue and bone, aligning well with the MS-PS4-2 standard."
MS-PS4-066,Nemotron 3 Super 120b a12,1,"The answer correctly explains that digital texting uses error detection and correction to recover the original message despite weak signal, aligning with the standard's claim about digitized signals being more reliable."
MS-PS4-067,OSS 120b,1,"The answer correctly explains that digital broadcasts can reduce or eliminate static by using noise-tolerant encoding, while noting the need for sufficient signal strength."
MS-PS4-066,Gemini Flash 3,1,"The answer accurately explains that the binary nature of digital signals allows for error detection and correction, which ensures reliability in transmission even with a weak signal."
MS-LS1-073,Gemini Flash 3,1,The answer accurately describes the biological process and functional role of the mitochondria in a way that aligns with middle-school science standards.
MS-LS1-073,OSS 120b,1,"The answer correctly states that mitochondria generate cellular energy by converting glucose and oxygen into ATP, accurately describing their primary function for a middle-school level."
MS-PS4-067,Gemini Flash 3,1,"The answer accurately explains that digital signals are more reliable because they use discrete values (0s and 1s) that allow for noise to be ignored, unlike analog signals which incorporate interference directly into the transmission."
MS-PS4-067,Nemotron 3 Super 120b a12,1,"The answer correctly explains that digital signals are less affected by noise and can be accurately recovered if the signal is strong enough, while analog signals directly mix interference into the sound, which aligns with the claim that digitized signals are more reliable for encoding and transmitt"
MS-LS1-073,Nemotron 3 Super 120b a12,1,"The answer correctly describes the mitochondria’s role in producing ATP from glucose and oxygen, which fulfills the standard’s requirement to explain a cell part’s function."
MS-LS1-075,OSS 120b,1,The answer correctly identifies glucose as the primary product of photosynthesis and explains its role in storing chemical energy for the plant.
MS-LS1-074,OSS 120b,1,"The answer correctly identifies inherited genes (DNA) as a genetic factor that determines a plant's potential maximum height, directly addressing the question."
MS-LS1-076,Nemotron 3 Super 120b a12,1,"The answer correctly states that the brain can either trigger an immediate behavior or store the information as a memory, which fully addresses the question."
MS-LS1-075,Nemotron 3 Super 120b a12,1,"The answer correctly identifies glucose as the main product of photosynthesis and explains its role in storing chemical energy, fulfilling the standard's focus on matter cycling and energy flow."
MS-LS1-074,Gemini Flash 3,1,"The answer accurately defines genetic factors and provides a relevant example of how inherited DNA determines a plant's potential growth height, aligning well with middle-school science standards."
MS-PS4-061,Gemini Flash 3,1,"The answer accurately describes the relationship between amplitude and energy as specified in the MS-PS4-1 standard, correctly identifying that higher amplitude corresponds to higher energy."
MS-LS1-076,OSS 120b,1,The answer correctly identifies the two outcomes—immediate behavior and memory storage—as required by the standard.
MS-LS1-074,Nemotron 3 Super 120b a12,1,"The answer correctly identifies a genetic factor (inherited genes that set a plant's maximum height) and provides a clear, relevant example suitable for the middle‑school standard."
MS-LS1-075,Gemini Flash 3,1,"The answer accurately identifies glucose as the primary product and explains its function in energy storage and plant growth, which aligns well with the requirements of standard MS-LS1-6."
MS-LS1-077,OSS 120b,1,"The answer correctly explains that limited light causes plants to allocate resources to elongation (growing taller) and less to stem thickening, reflecting the environmental influence of light on growth."
MS-LS1-076,Gemini Flash 3,1,The reference answer accurately identifies the two outcomes specified in the NGSS standard MS-LS1-8: immediate behavior and storage as memories.
MS-LS1-078,OSS 120b,1,"The answer accurately describes how photosynthesis captures atmospheric CO₂ and incorporates its carbon into glucose and plant tissue, fulfilling the cycling of matter concept."
MS-LS1-079,OSS 120b,1,"The answer correctly identifies seeing cheek cells with nuclei and explains that this demonstrates the body is composed of many cells, satisfying the standard."
MS-LS1-078,Gemini Flash 3,1,"The answer accurately describes the process of carbon fixation from carbon dioxide into glucose and its subsequent movement through the food chain, addressing both the mechanism and the cycling of matter required by the standard."
MS-LS1-079,Nemotron 3 Super 120b a12,1,"Answer correctly describes cheek cells as small, flat cells with a visible nucleus and explains that this observation shows the body is made of cells, satisfying MS-LS1-1."
MS-LS1-077,Gemini Flash 3,1,The answer accurately identifies light as the key environmental factor and explains how the plant's growth response (shade avoidance) prioritizes vertical growth for photosynthesis over stem thickness.
MS-LS1-077,Nemotron 3 Super 120b a12,0,"The answer correctly explains shade‑avoidance elongation but omits any reference to genetic factors that also influence growth, making it incomplete for the standard."
MS-LS2-071,Nemotron 3 Super 120b a12,1,"The answer correctly states that the sun is the original energy source for most ecosystems and explains how producers use sunlight via photosynthesis, which fully addresses the question."
MS-LS1-080,OSS 120b,1,"The answer correctly explains that the plant will weaken and die due to the lack of light preventing photosynthesis, which stops sugar production needed for energy and growth."
MS-LS1-078,Nemotron 3 Super 120b a12,1,"The answer correctly explains that photosynthesis captures atmospheric CO₂ to synthesize glucose, incorporates carbon into plant biomass, and transfers it up the food chain, thereby addressing the cycling of matter and flow of energy as required by the standard."
MS-LS2-072,OSS 120b,1,The answer correctly identifies photosynthesis and cellular respiration as the two primary processes that exchange carbon between organisms and the atmosphere.
MS-LS2-071,OSS 120b,1,"The answer correctly identifies the Sun as the primary energy source and briefly explains how producers capture it, fully addressing the question."
MS-LS2-072,Nemotron 3 Super 120b a12,1,The answer correctly identifies photosynthesis and cellular respiration as the two main processes that cycle carbon between living things and the atmosphere.
MS-LS2-071,Gemini Flash 3,1,"The answer correctly identifies the sun as the primary source of energy and explains how producers introduce that energy into ecosystems, which aligns perfectly with the flow of energy requirements of the MS-LS2-3 standard."
MS-LS1-080,Gemini Flash 3,1,"The answer accurately explains that light is the energy source for photosynthesis and that without it, the plant cannot produce the sugar needed for energy and growth, which directly aligns with MS-LS1-6."
MS-LS1-079,Gemini Flash 3,1,"The answer accurately describes the results of a standard microscopic observation and correctly identifies the scientific conclusion that living things are composed of cells, as required by MS-LS1-1."
MS-LS2-073,OSS 120b,1,The answer correctly defines a habitat corridor as a connecting strip of land and explains its role in allowing animal movement between habitats.
MS-LS2-073,Nemotron 3 Super 120b a12,1,"The answer accurately defines a habitat corridor and explains its purpose, which satisfies the question for the MS-LS2-5 benchmark."
MS-LS2-072,Gemini Flash 3,1,"The answer accurately identifies photosynthesis and cellular respiration as the primary processes for biological carbon cycling between the atmosphere and living organisms, which aligns with MS-LS2-3."
MS-LS1-080,Nemotron 3 Super 120b a12,0,"The answer correctly explains that without light the plant cannot photosynthesize and thus lacks sugar for energy, but it omits any mention of photosynthesis' role in the cycling of matter (CO₂/O₂ exchange), making it incomplete for the standard."
MS-LS2-074,OSS 120b,1,"The answer correctly explains that limited food reduces survival and reproduction, leading to population decline, matching the standard."
MS-LS2-075,OSS 120b,1,"The answer correctly explains that drought reduces water and plant resources, limiting food and water for deer, which lowers survival and reproduction and thus decreases the deer population."
MS-LS2-073,Gemini Flash 3,1,"The answer accurately defines a habitat corridor and its function in connecting fragmented habitats, which is a key design solution for maintaining biodiversity relevant to the MS-LS2-5 standard."
MS-LS2-075,Nemotron 3 Super 120b a12,1,"The answer correctly explains that drought reduces water and plant resources, leading to lower survival and reproduction, which decreases the deer population."
MS-LS2-074,Nemotron 3 Super 120b a12,1,"The answer correctly explains that limited food reduces energy for survival and reproduction, leading to population decline, which directly addresses the effect of resource availability on populations."
MS-LS2-076,OSS 120b,1,"The answer correctly explains that sunlight provides energy for photosynthesis while environmental matter supplies the raw materials for building plant structures, addressing both energy flow and matter cycling."
MS-LS2-075,Gemini Flash 3,1,"The answer accurately identifies the reduction of resources and its direct impact on survival and reproduction, which correctly explains the population decrease according to the standard."
MS-LS2-076,Nemotron 3 Super 120b a12,1,"The answer correctly explains that sunlight provides energy for photosynthesis while environmental matter supplies the necessary building blocks for plant growth, addressing both energy flow and matter cycling."
MS-LS2-074,Gemini Flash 3,1,"The answer accurately explains the link between resource availability, individual survival/reproduction, and the resulting population-level decline, which directly addresses the core concepts of the MS-LS2-1 standard."
MS-LS2-076,Gemini Flash 3,1,"The answer accurately distinguishes between the role of energy and the role of matter in plant growth, aligning well with the requirements of MS-LS2-3."
MS-LS2-077,OSS 120b,1,"The answer correctly explains that introducing predators (spiders and ladybugs) will reduce pest insect numbers over time, matching the expected predator‑prey interaction."
MS-LS2-077,Nemotron 3 Super 120b a12,1,"The answer correctly explains that introducing predators (spiders and ladybugs) will reduce aphid numbers via predator‑prey dynamics, aligning with the standard's focus on explaining interaction patterns across ecosystems."
MS-LS2-078,OSS 120b,1,"The answer correctly explains that added sunlight boosts algal photosynthesis, increasing primary production and thus the amount of matter transferred through the food chain."
MS-LS3-064,OSS 120b,1,"The answer correctly states that humans normally have 46 chromosomes (23 pairs) in most body cells, fully addressing the question."
MS-LS2-077,Gemini Flash 3,1,The answer accurately identifies the predator-prey relationship and correctly predicts the population outcome while referencing the general pattern across ecosystems required by the standard.
MS-LS2-078,Nemotron 3 Super 120b a12,1,"The answer correctly links increased sunlight to greater algal photosynthesis and biomass, which raises the amount of matter moving up the food chain, aligning with the standard's focus on matter cycling and energy flow."
MS-LS3-065,OSS 120b,1,The answer correctly identifies meiosis as the cell division that produces gametes and provides accurate supporting detail.
MS-LS3-065,Nemotron 3 Super 120b a12,1,"The answer correctly identifies meiosis as the cell division that produces gametes and notes the halving of chromosomes, which fully addresses the question."
MS-LS3-064,Nemotron 3 Super 120b a12,1,"The answer correctly states that humans normally have 46 chromosomes in most body cells, which is the accurate diploid number, and the additional detail about 23 pairs is correct and not misleading."
MS-LS3-065,Gemini Flash 3,1,"The answer accurately identifies meiosis as the process for gamete production and correctly describes the reduction in chromosome count, which is fundamental to the MS-LS3-2 standard."
MS-LS3-066,Nemotron 3 Super 120b a12,1,The answer correctly explains that proteins perform cellular functions and that traits only change when a mutation alters protein structure or function.
MS-LS2-078,Gemini Flash 3,1,The answer accurately explains how increased energy input (sunlight) enhances primary production and the subsequent transfer of matter through the trophic levels of the food chain.
MS-LS3-066,OSS 120b,1,"The answer correctly explains that mutations influence traits only when they alter the protein’s structure or function, which is the essential concept for LS3‑1."
MS-LS3-067,Nemotron 3 Super 120b a12,1,"The answer correctly explains that clonal propagation yields uniform genetics making all plants equally susceptible, whereas sexual reproduction generates genetic variation that can confer disease resistance, aligning with MS-LS3-2."
MS-LS3-067,OSS 120b,1,"The answer correctly explains that clonal cuttings lack genetic diversity, making the field uniformly vulnerable, whereas seed-grown plants have variation that can confer disease resistance."
MS-LS3-066,Gemini Flash 3,1,The answer accurately describes the central role of proteins in determining traits and explains why a mutation that doesn't alter a protein would have no effect on the organism.
MS-LS3-064,Gemini Flash 3,1,"The answer accurately states the number of chromosomes (46) and their arrangement into 23 pairs in human somatic cells, which is factually correct and directly addresses the question."
MS-LS3-068,OSS 120b,1,"The answer correctly states that the new plant will have the same traits because it results from asexual reproduction, which produces genetically identical offspring."
MS-LS3-067,Gemini Flash 3,1,"The answer correctly identifies that asexual reproduction (cuttings) leads to genetic identity and high risk, while sexual reproduction (seeds) leads to genetic variation and potential resistance, directly addressing the core concepts of standard MS-LS3-2."
MS-LS3-068,Nemotron 3 Super 120b a12,1,"The answer correctly identifies vegetative propagation as asexual reproduction and explains that it produces genetically identical offspring, addressing the standard's requirement."
MS-LS3-068,Gemini Flash 3,1,"The answer accurately identifies the process as asexual reproduction and correctly explains that it results in identical traits because the genetic information is copied without variation, directly addressing the standard."
MS-LS4-046,OSS 120b,1,"The answer correctly defines trait frequency as the proportion of individuals with a particular trait, expressed as a fraction or percentage, which aligns with the standard."
MS-LS4-045,OSS 120b,1,The answer correctly defines pharyngeal pouches as embryonic throat folds/openings and lists representative vertebrate embryos where they occur.
MS-LS4-046,Nemotron 3 Super 120b a12,1,"The answer correctly defines trait frequency as the proportion of individuals possessing a trait in a population, expressed as a fraction or percentage, which matches the standard's expectation for using mathematical representations to describe trait changes."
MS-LS4-047,OSS 120b,1,"The answer correctly explains that sediment builds upward over time, so deeper layers are older and contain older fossils, which adequately addresses the question."
MS-LS4-046,Gemini Flash 3,1,The answer accurately and clearly defines trait frequency in a way that aligns with the mathematical requirements of the MS-LS4-6 standard.
MS-LS4-047,Nemotron 3 Super 120b a12,1,"The answer correctly explains that sediment deposition over time creates older, deeper layers where earlier‑buried organisms become fossils, directly addressing why older fossils are found deeper."
MS-LS4-045,Nemotron 3 Super 120b a12,0,"The answer incorrectly equates pharyngeal pouches with gill slits and describes them as openings, whereas they are endodermal evaginations, not external openings."
MS-LS4-047,Gemini Flash 3,1,The answer accurately explains the Law of Superposition by describing how sediment accumulation leads to older fossils being located in deeper rock layers.
MS-LS4-048,OSS 120b,1,"The answer correctly explains that fossilization needs specific conditions and most organisms decay before those conditions are met, directly addressing why only some dead organisms become fossils."
MS-LS4-045,Gemini Flash 3,1,"The answer accurately defines the structures, identifies the relevant vertebrate groups, and connects these embryological similarities to common ancestry as required by the standard."
MS-LS4-048,Nemotron 3 Super 120b a12,1,"The answer correctly explains that fossilization needs specific conditions like rapid burial and low oxygen, and most organisms decay before preservation, which addresses the question adequately."
MS-LS4-049,OSS 120b,1,"The answer correctly explains that fossils in sequential rock layers formed over millions‑to‑billions of years and that radiometric dating of those layers demonstrates Earth's great age, adequately addressing the question."
MS-LS4-049,Nemotron 3 Super 120b a12,1,"The answer correctly explains that the fossil record shows organisms in rock layers requiring long formation times, supported by radiometric dating confirming Earth's ~4.5‑billion‑year age, which adequately addresses the question."
MS-LS4-050,Nemotron 3 Super 120b a12,1,"The answer correctly explains that hard parts resist decay and can be mineralized, while soft tissues decompose rapidly, which adequately answers the question for the middle‑school standard."
MS-LS4-048,Gemini Flash 3,1,The answer accurately identifies the specific environmental conditions required for fossilization and correctly explains that most organisms decay before these conditions are met.
MS-LS4-050,OSS 120b,1,"The answer correctly explains that hard parts resist decay and can mineralize, whereas soft tissues decompose quickly, directly addressing the question."
MS-LS4-051,Nemotron 3 Super 120b a12,1,"The answer correctly identifies the bones as vestigial remnants from terrestrial ancestors, providing an evolutionary explanation that satisfies the standard."
MS-LS4-051,OSS 120b,1,"The answer correctly explains that the hidden hip and leg bones are vestigial remnants from land‑dwelling ancestors, providing the evolutionary explanation required."
MS-LS4-052,OSS 120b,1,"The answer correctly identifies the pattern of increasing complexity and diversity over time, matching the fossil record trend described in the standard."
MS-LS4-050,Gemini Flash 3,1,"The answer accurately explains that hard parts are more resistant to decay and more likely to undergo mineralization, which is a fundamental concept for understanding the fossil record's composition."
MS-LS4-049,Gemini Flash 3,1,The answer accurately links the accumulation of fossil-bearing rock layers over long periods with radiometric dating techniques to establish the vast age of the Earth.
MS-LS4-051,Gemini Flash 3,1,"The answer accurately identifies the bones as vestigial structures and uses them to infer evolutionary relationships from land-dwelling ancestors, which perfectly aligns with the requirements of MS-LS4-2."
MS-LS4-052,Nemotron 3 Super 120b a12,1,"The answer correctly identifies the pattern of increasing complexity and diversity over time as shown by the fossil record, aligning with the standard's focus on interpreting such patterns."
MS-LS4-053,OSS 120b,1,"The answer correctly identifies the bones as vestigial structures and explains how they provide evidence that snakes evolved from legged ancestors, fulfilling the standard."
MS-LS4-052,Gemini Flash 3,1,"The answer accurately describes the chronological pattern of increasing biological complexity and diversity observed in the fossil record, which directly aligns with the requirements of standard MS-LS4-1."
MS-LS4-053,Nemotron 3 Super 120b a12,1,The answer correctly identifies the hip and leg bones as vestigial structures and explains how they provide evidence of evolutionary descent from legged ancestors.
MS-LS4-054,OSS 120b,1,"The answer correctly explains that the embryonic limb buds indicate snakes evolved from legged ancestors, matching the expected explanation."
MS-ESS1-078,Nemotron 3 Super 120b a12,1,"The answer correctly identifies the phase as a full moon and accurately describes the Moon's position relative to Earth and the Sun, which fully addresses the question."
MS-ESS1-078,OSS 120b,1,"The answer correctly identifies the phase as a full moon and accurately explains the condition, fully addressing the question."
MS-LS4-054,Nemotron 3 Super 120b a12,1,"The answer correctly interprets the shared embryonic limb buds as evidence that snakes descended from legged ancestors, which aligns with the standard's goal of using embryological similarities to infer evolutionary relationships not visible in adult anatomy."
MS-LS4-053,Gemini Flash 3,1,"The answer correctly identifies the structures as vestigial and uses them to construct a clear explanation of evolutionary descent from legged ancestors, which aligns perfectly with MS-LS4-2."
MS-ESS1-079,OSS 120b,1,The answer correctly identifies gravity as the force that keeps the Moon in orbit around Earth.
MS-LS4-054,Gemini Flash 3,1,"The answer accurately explains that embryological similarities like limb buds indicate shared evolutionary history and common ancestry, directly addressing the core concept of the MS-LS4-3 standard."
MS-ESS1-079,Nemotron 3 Super 120b a12,1,"The answer correctly identifies gravity as the force keeping the Moon in orbit and explains Earth's gravitational pull, which satisfies the standard's focus on gravity's role in orbital motion."
MS-ESS1-078,Gemini Flash 3,1,"The answer correctly identifies the full moon phase and explains the relative positions of the Earth, Moon, and Sun required to produce it."
MS-ESS1-080,OSS 120b,1,"The answer correctly identifies the term 'orbit' and briefly explains the role of gravity, adequately addressing the question."
MS-ESS1-079,Gemini Flash 3,1,"The answer accurately identifies gravity and describes its role in maintaining the Moon's orbit, which directly addresses the core concept of standard MS-ESS1-2."
MS-ESS1-080,Nemotron 3 Super 120b a12,1,"The answer correctly identifies the term 'orbit' and explains how gravity and inertia produce orbital motion, which aligns with the standard's focus on gravity's role in celestial motions."
MS-ESS1-081,Nemotron 3 Super 120b a12,1,"The answer accurately defines fossils and explains their role in determining rock layer ages and past life, satisfying the question."
MS-ESS1-081,OSS 120b,1,"The answer correctly defines a fossil and explains its utility in dating rock layers and interpreting past life, meeting the standard."
MS-ESS2-078,Nemotron 3 Super 120b a12,1,"Gravity is indeed the force that pulls precipitation from clouds to Earth's surface, and the answer correctly identifies it and provides examples."
MS-ESS2-078,OSS 120b,1,"The answer correctly identifies gravity as the force that makes precipitation fall, fully addressing the question."
MS-ESS1-082,OSS 120b,1,"The answer correctly calculates the travel time (~5,000 years) and explains that it is far longer than a human lifetime, fully answering the question."
MS-ESS1-080,Gemini Flash 3,1,The answer correctly identifies the term 'orbit' and accurately explains the balance between gravity and forward motion that defines orbital mechanics as required by the standard.
MS-ESS1-082,Nemotron 3 Super 120b a12,1,"The calculation of 2.8 billion mi ÷ 65 mph yields ~4,900 years, confirming the answer’s claim that the trip would far exceed a human lifetime."
MS-ESS2-078,Gemini Flash 3,1,"The answer correctly identifies gravity as the force driving precipitation, which is a key component of the water cycle as specified in standard MS-ESS2-4."
MS-ESS1-081,Gemini Flash 3,1,"The answer accurately defines fossils and explains their utility in relative dating and reconstructing history, which directly supports the requirements of MS-ESS1-4."
MS-ESS2-079,OSS 120b,1,"The answer correctly explains that the complementary shapes of continental coastlines (e.g., South America and Africa) support the idea they were once joined."
MS-ESS2-079,Gemini Flash 3,1,"The answer correctly and clearly explains how the complementary shapes of continental coastlines serve as evidence for past plate motions, directly addressing the 'continental shapes' aspect of the standard."
MS-ESS2-080,OSS 120b,1,"The answer correctly identifies erosion/abrasion by fast-moving water as the process that smooths and rounds the rock, providing a complete explanation."
MS-ESS2-079,Nemotron 3 Super 120b a12,1,"The answer correctly describes how matching continental coastlines act like puzzle pieces, indicating the continents were once joined and have since drifted apart."
MS-ESS2-081,OSS 120b,1,"The answer correctly links the observed age pattern to seafloor spreading, explaining how the creation of new oceanic crust at the ridge pushes continents apart over time."
MS-ESS2-080,Gemini Flash 3,1,The answer accurately identifies the processes of erosion and abrasion and explains the physical mechanism of tumbling that leads to the observed rounding of the rock over time.
MS-ESS1-082,Gemini Flash 3,1,"The answer accurately calculates the travel time based on the correct distance of approximately 2.8 billion miles, providing a clear and correct comparison that meets the standard's requirement for interpreting scale."
MS-ESS2-081,Nemotron 3 Super 120b a12,1,"The answer correctly links the age pattern of ocean‑floor rocks to seafloor spreading at a mid‑ocean ridge, explaining how this process moves continents apart over time, which satisfies the standard’s requirement to use data as evidence of past plate motions."
MS-ESS2-080,Nemotron 3 Super 120b a12,1,"The answer correctly identifies erosion and abrasion as the process that smooths and rounds rocks in a fast-moving stream, which aligns with the geoscience process described in the standard."
MS-ESS2-081,Gemini Flash 3,1,The answer accurately identifies seafloor spreading as the mechanism and correctly explains how the age pattern of rocks provides evidence for continental movement over time.
MS-ESS2-082,OSS 120b,1,"The answer correctly states that the west‑coast city gets more rain due to prevailing westerly winds bringing moist ocean air, while the east‑coast city is drier, matching the expected explanation."
MS-ESS3-067,OSS 120b,1,Correct: it explains that coal’s uneven distribution results from past geological and environmental conditions (ancient swampy forests that were buried and compressed).
MS-ESS3-067,Nemotron 3 Super 120b a12,1,"The answer correctly explains that coal forms only where ancient swampy forests were buried and compressed, linking its uneven distribution to past geoscience conditions."
MS-ESS3-067,Gemini Flash 3,1,"The answer correctly identifies that coal's distribution is the result of specific past environmental conditions and geological processes, directly addressing the core requirement of MS-ESS3-1."
MS-ESS3-066,Nemotron 3 Super 120b a12,1,"The answer correctly defines a mineral resource as a naturally occurring solid material from Earth's crust that humans extract and use, providing appropriate examples suitable for a middle‑school level."
MS-ESS3-068,Nemotron 3 Super 120b a12,1,"The answer correctly describes how a levee blocks floodwaters and limits inundation, directly answering the protective mechanism."
MS-ESS2-082,Nemotron 3 Super 120b a12,1,"The answer correctly states that mid‑latitude westerlies bring moist ocean air onto west coasts, giving them more precipitation than the downwind east coasts at the same latitude."
MS-ESS3-066,OSS 120b,1,"The answer correctly defines a mineral resource as a naturally occurring solid material in Earth's crust that is extracted for human use, which adequately addresses the question."
MS-ESS3-068,OSS 120b,1,"The answer correctly explains that levees act as raised barriers that hold back floodwaters, preventing water from spreading into communities and thereby reducing flood damage."
MS-ESS3-069,OSS 120b,1,"The answer correctly explains that tree roots stabilize soil and filter runoff, thereby reducing erosion and the transport of fertilizers and pesticides into streams, which directly addresses how planting trees mitigates farming impacts."
MS-ESS3-069,Nemotron 3 Super 120b a12,1,"The answer correctly explains that tree roots stabilize soil, reduce erosion, and filter agricultural runoff, which directly addresses how planting trees mitigates farming impacts on streams."
MS-ESS2-082,Gemini Flash 3,0,"The claim that the east coast is drier at mid-latitudes is factually incorrect for many regions (e.g., the Eastern US or East Asia) where warm ocean currents and air masses often result in higher annual precipitation than the west coast."
MS-ESS3-068,Gemini Flash 3,1,"The answer accurately explains the mechanism and purpose of a levee as a technology used to mitigate the effects of flood hazards, which aligns with the requirements of standard MS-ESS3-2."
MS-ESS3-066,Gemini Flash 3,1,"The answer accurately defines a mineral resource using key characteristics suitable for the middle-school level, including its origin, physical state, and utility to humans."
MS-ESS3-070,Nemotron 3 Super 120b a12,1,"The answer accurately describes the greenhouse effect and explains how greenhouse gases cause warming, satisfying the question."
MS-ESS3-070,OSS 120b,1,"The answer correctly explains that greenhouse gases absorb and re‑emit infrared radiation, reducing heat loss to space and thereby warming the atmosphere and surface."
MS-ESS3-069,Gemini Flash 3,1,The answer accurately describes the scientific principles of soil stabilization and filtration that allow riparian buffers to mitigate the environmental impacts of agricultural runoff.
MS-ESS3-071,OSS 120b,1,"The answer correctly explains that buried marine organisms in ancient seabeds, subjected to heat and pressure over millions of years, can form petroleum, making the site a good target for oil exploration."
MS-ESS3-071,Nemotron 3 Super 120b a12,1,"The answer correctly explains that marine organisms buried in ancient seabed sediments are transformed into petroleum by heat and pressure, providing a scientific explanation based on past geoscience processes as required by the standard."
MS-ESS3-070,Gemini Flash 3,1,"The answer accurately describes the greenhouse effect by explaining how these gases absorb infrared radiation and re-radiate it toward the surface, which is appropriate for the middle-school level."
MS-ESS3-072,OSS 120b,1,"The answer correctly explains that limestone originates from ancient shallow marine environments, making those locations more suitable for a cement factory, and notes that volcanic regions lack limestone."
MS-ESS3-072,Nemotron 3 Super 120b a12,1,"The answer correctly explains that limestone originates from ancient shallow‑sea deposits, linking the resource’s uneven distribution to past geoscience processes as required by the standard."
MS-ESS3-073,Nemotron 3 Super 120b a12,1,"The answer correctly explains that bike lanes and expanded bus use reduce car travel, lowering CO₂ and pollutant emissions, which addresses minimizing human impact on air quality as required by the standard."
MS-ESS3-071,Gemini Flash 3,1,"The answer accurately explains the formation of petroleum from organic remains in ancient marine environments through heat and pressure over time, directly addressing the geoscience processes required by the standard."
MS-ESS3-072,Gemini Flash 3,1,"The answer accurately identifies the geological process responsible for limestone formation (marine sedimentation) versus volcanic activity, directly addressing the distribution of resources as required by MS-ESS3-1."
MS-ESS3-073,OSS 120b,1,"The answer correctly explains that bike lanes and expanded bus service reduce car use, decreasing CO₂ emissions and thus lessening human impact on air quality."
MS-ESS3-074,OSS 120b,1,The answer correctly proposes a viable monitoring method (camera traps or regular animal counts) to track wildlife population changes over time.
MS-ESS3-073,Gemini Flash 3,1,"The answer accurately explains the causal link between increased public/active transit use, reduced gasoline combustion, and the resulting decrease in air pollutants and greenhouse gases."
MS-ESS3-074,Nemotron 3 Super 120b a12,1,The answer provides a valid monitoring method (camera traps or systematic counts before/after deforestation) that directly tracks wildlife population changes over time.
MS-ESS3-074,Gemini Flash 3,1,The answer identifies valid scientific monitoring techniques and an experimental design appropriate for assessing human impact on wildlife at a middle-school level.
MS-ESS3-075,OSS 120b,1,"The answer correctly explains that a growing population and increased car ownership raise emissions, leading to poorer air quality, meeting the standard."
MS-ETS1-071,Nemotron 3 Super 120b a12,1,"The reference answer correctly defines criteria as the specific goals or requirements a design must meet, which aligns with the standard and provides a clear, sufficient explanation for middle‑school level."
MS-ETS1-071,OSS 120b,1,"The answer correctly defines criteria as the specific goals or requirements a design must satisfy, providing an appropriate explanation."
MS-ESS3-075,Gemini Flash 3,1,"The answer accurately links both population growth and increased per-capita consumption to a negative impact on the atmosphere, directly addressing the requirements of the MS-ESS3-4 standard."
MS-ESS3-075,Nemotron 3 Super 120b a12,1,"The answer correctly links increased car ownership to higher emissions and poorer air quality, which aligns with the standard."
MS-ETS1-072,OSS 120b,1,"The answer correctly explains that designs optimized for specific test conditions may reveal weaknesses under different conditions, aligning with the standard's focus on analyzing test data across conditions."
MS-ETS1-071,Gemini Flash 3,1,"The answer accurately defines criteria as the specific goals and requirements for success in an engineering design context, which is consistent with the MS-ETS1-2 standard."
MS-ETS1-073,OSS 120b,1,"The answer correctly explains that changing one factor at a time isolates cause-and-effect, allowing clear identification of which modification impacts the design."
MS-PS1-069,OSS 120b,1,The answer correctly identifies petroleum (crude oil) as the natural resource from which most plastics are derived.
MS-ETS1-073,Nemotron 3 Super 120b a12,1,"The answer correctly explains that changing only one variable at a time allows identification of cause‑effect relationships, which is essential for iterative testing and achieving an optimal design as outlined in MS‑ETS1-4."
MS-ETS1-072,Nemotron 3 Super 120b a12,1,"The answer correctly explains that designs may be optimized for particular conditions and that testing across varied conditions reveals weaknesses, which aligns with the standard’s goal of analyzing test data to identify consistently effective features."
MS-PS1-069,Nemotron 3 Super 120b a12,1,The answer correctly identifies petroleum (crude oil) as the natural resource from which most plastics are derived.
MS-ETS1-072,Gemini Flash 3,1,"The answer correctly explains that designs are often optimized for specific variables and that multi-condition testing is necessary to identify robust features, which aligns with the standard's emphasis on data analysis for design improvement."
MS-ETS1-073,Gemini Flash 3,1,"The answer correctly explains the necessity of isolating variables to identify which specific modification caused a change in performance, which is fundamental to iterative design testing."
MS-PS1-069,Gemini Flash 3,1,"The answer accurately identifies petroleum as the primary natural resource used in plastic production, which correctly fulfills the requirement of the standard to trace synthetic materials back to their natural origins."
MS-PS1-070,OSS 120b,1,"The answer correctly identifies nylon as a synthetic fabric and notes it is derived from petroleum (crude oil), covering both what nylon is and its natural resource source."
MS-PS1-070,Nemotron 3 Super 120b a12,1,"The answer correctly identifies nylon as a synthetic fabric and states it is made from petroleum-derived hydrocarbons, which are natural resources."
MS-PS1-071,OSS 120b,1,"The answer correctly explains that the types, numbers, and ordering of atoms determine a molecule's identity and properties, addressing the impact of atomic arrangement."
MS-PS1-070,Gemini Flash 3,1,"The answer accurately identifies nylon as a synthetic material and correctly links its production to petroleum, which is the primary natural resource used for its synthesis."
MS-PS1-072,OSS 120b,1,"The answer correctly explains that sticks/lines depict chemical bonds (shared electrons), indicating atomic connections and molecular shape, which adequately addresses the question."
MS-PS2-084,OSS 120b,1,"The answer correctly states that like magnetic poles repel each other, which fully addresses the question."
MS-PS1-071,Gemini Flash 3,1,"The answer accurately describes how atomic composition and arrangement determine molecular identity and properties, which directly aligns with the MS-PS1-1 standard."
MS-PS1-071,Nemotron 3 Super 120b a12,1,"The answer correctly explains that the type, number, and connectivity of atoms determine a molecule's identity and properties, which aligns with describing atomic composition per MS-PS1-1."
MS-PS2-084,Nemotron 3 Super 120b a12,1,"The answer correctly states that like magnetic poles repel, which directly and fully answers the question."
MS-PS1-072,Nemotron 3 Super 120b a12,1,"The answer correctly explains that sticks/lines represent chemical bonds showing atom connectivity and molecular shape, which satisfies the question and standard."
MS-PS1-072,Gemini Flash 3,1,"The answer accurately explains the purpose of lines in molecular models as representing chemical bonds, connectivity, and spatial arrangement, which aligns with the modeling requirements of MS-PS1-1."
MS-PS2-085,OSS 120b,1,"The answer correctly explains that non-contact forces allow objects to affect each other without touching, attributing this to intervening fields such as magnetic or gravitational fields."
MS-PS3-084,OSS 120b,1,"The answer correctly explains that a smaller mass can have the same kinetic energy as a larger mass by moving at a much higher speed, reflecting the relationship KE = ½ mv²."
MS-PS2-084,Gemini Flash 3,1,"The answer accurately describes the fundamental physical interaction between like magnetic poles, which is a key concept under the MS-PS2-3 standard."
MS-PS2-085,Nemotron 3 Super 120b a12,1,"The answer correctly explains that non-contact forces involve push/pull without touching due to a field, which matches the standard."
MS-PS2-085,Gemini Flash 3,1,"The answer accurately defines non-contact forces and correctly identifies that fields mediate these interactions, aligning perfectly with the MS-PS2-5 standard."
MS-PS3-085,Nemotron 3 Super 120b a12,1,"The answer correctly states that kinetic energy quadruples when speed doubles, explaining the squared relationship, which satisfies the standard's focus on interpreting the speed‑kinetic energy relationship."
MS-PS3-084,Nemotron 3 Super 120b a12,1,"The answer correctly explains that a smaller mass requires a higher speed squared to match the kinetic energy of a larger object, which aligns with the standard's focus on mass and speed relationships."
MS-PS4-068,OSS 120b,1,"The answer correctly identifies transparent materials (e.g., clear glass or plastic) as the type that transmits most visible light, matching the question's requirement."
MS-PS3-085,OSS 120b,1,"The answer correctly states that doubling speed quadruples kinetic energy, fully addressing the speed‑energy relationship."
MS-PS4-068,Nemotron 3 Super 120b a12,1,"The answer correctly identifies transparent materials as those that transmit most visible light, which aligns with the standard on wave transmission."
MS-PS3-084,Gemini Flash 3,1,"The answer accurately explains that kinetic energy depends on both mass and speed, correctly identifying that a higher speed can compensate for a smaller mass due to the squared relationship of speed in the formula."
MS-PS3-085,Gemini Flash 3,1,"The answer correctly identifies that kinetic energy is proportional to the square of speed, meaning doubling speed results in a fourfold increase in kinetic energy."
MS-PS4-068,Gemini Flash 3,1,The answer accurately identifies transparent materials as the type that allows light to pass through and provides relevant examples consistent with the MS-PS4-2 standard.
MS-PS4-069,OSS 120b,1,"The answer correctly identifies frequency as the unchanged property during reflection, which fully addresses the question."
MS-PS4-070,OSS 120b,1,"The answer correctly defines encoding as converting data into a specific format or pattern (e.g., binary) for storage or transmission, which adequately addresses the question."
MS-PS4-071,Nemotron 3 Super 120b a12,1,"The answer correctly defines a bit as the smallest unit of digital information, representing a binary value of 0 or 1, which fully addresses the question."
MS-PS4-071,OSS 120b,1,"The answer correctly defines a bit as the smallest unit of digital information, representing a 0 or 1, which fully answers the question."
MS-PS4-069,Nemotron 3 Super 120b a12,1,"The frequency of a wave does not change upon reflection from a smooth surface, which correctly answers the question."
MS-PS4-070,Nemotron 3 Super 120b a12,1,"The answer correctly defines encoding as converting data into a specific format such as binary for storage or transmission, which aligns with the standard’s focus on digitized signals."
MS-PS4-070,Gemini Flash 3,1,"The answer accurately defines encoding as the conversion of data into a specific format for transmission or storage, which is a foundational concept for understanding digital and analog signals in standard MS-PS4-3."
MS-PS4-072,OSS 120b,1,"The answer correctly explains that amplitude measures displacement and relates to energy, while frequency measures cycles per second and is unrelated to energy, clearly distinguishing the two concepts."
MS-PS4-069,Gemini Flash 3,1,"The frequency of a wave is determined by its source and does not change during reflection, making the answer scientifically accurate for the middle-school level."
MS-PS4-071,Gemini Flash 3,1,"The definition is scientifically accurate and provides the foundational technical information necessary to understand how digital signals encode information using discrete values, as required by the standard."
MS-PS4-072,Nemotron 3 Super 120b a12,1,"The answer correctly distinguishes amplitude (displacement/height, linked to energy) from frequency (cycles per second, linked to pitch/color) and aligns with the standard’s focus on amplitude‑energy relationship."
MS-PS4-073,OSS 120b,1,"The answer correctly explains that a gentle tap produces low‑amplitude, low‑energy waves leading to quieter sound, while a hard strike produces high‑amplitude, higher‑energy waves causing louder sound, matching the standard."
MS-PS4-073,Nemotron 3 Super 120b a12,1,"The answer correctly explains that a gentle tap creates a low‑amplitude, low‑energy wave (quieter sound) while a hard strike creates a high‑amplitude, high‑energy wave (louder sound), directly addressing the amplitude‑energy relationship required by MS‑PS4-1."
MS-PS4-072,Gemini Flash 3,1,The answer accurately distinguishes between amplitude and frequency while correctly highlighting the specific relationship between amplitude and energy required by the standard.
MS-PS4-074,OSS 120b,1,"The answer correctly explains that amplitude, wavelength, and speed are independent wave properties, so changing amplitude does not affect wavelength or speed."
MS-PS4-075,OSS 120b,1,"The answer correctly explains that foam’s soft, porous structure absorbs sound waves rather than reflecting them, thereby reducing echoes, which meets the standard."
MS-PS4-073,Gemini Flash 3,1,The reference answer correctly and comprehensively explains the relationship between wave amplitude and energy as required by the standard.
MS-PS4-074,Nemotron 3 Super 120b a12,1,"The answer correctly explains that amplitude, wavelength, and wave speed are independent properties, which accurately addresses why changing amplitude does not alter wavelength or speed."
MS-PS4-075,Nemotron 3 Super 120b a12,1,"The answer correctly explains that foam absorbs sound waves, reducing reflection and thus echoes, which aligns with the standard's focus on wave absorption."
MS-PS4-074,Gemini Flash 3,1,"The answer accurately explains that amplitude, wavelength, and speed are independent properties determined by different factors, such as source energy and medium characteristics, which is appropriate for the MS-PS4-1 standard."
MS-PS4-076,OSS 120b,0,"The answer omits the active cancellation mechanism and why low-frequency steady sounds are easier to cancel, focusing only on passive absorption, which is incomplete and misleading."
MS-PS4-076,Nemotron 3 Super 120b a12,0,"The answer incorrectly attributes low‑frequency noise reduction to passive absorption and ignores the active noise‑cancellation mechanism, making it inaccurate and incomplete for the standard."
MS-PS4-075,Gemini Flash 3,1,The answer accurately explains the concept of wave absorption versus reflection in the context of the MS-PS4-2 standard.
MS-PS4-077,Gemini Flash 3,1,"The answer accurately identifies reflection as the physical process occurring and explains why a clear image is formed, which directly addresses the standard MS-PS4-2."
MS-PS4-077,OSS 120b,1,"The answer correctly describes that light waves are reflected off the mirror's smooth surface, producing a clear image, which aligns with the standard."
MS-PS4-078,OSS 120b,1,"The answer correctly explains that digital files are immune to vinyl scratches because they store data as discrete 0s and 1s, unlike analog waveforms that get distorted by physical damage."
MS-PS4-078,Nemotron 3 Super 120b a12,1,"The answer correctly states that scratches on an analog vinyl do not affect a digital file's binary data, supporting the claim that digitized signals are more reliable than analog signals."
MS-PS4-077,Nemotron 3 Super 120b a12,1,"The answer correctly explains that the mirror reflects light via regular (specular) reflection, which produces a clear image."
MS-PS4-076,Gemini Flash 3,0,"The answer is scientifically inaccurate because noise-canceling technology primarily relies on destructive interference, and physical materials (passive isolation) are actually better at absorbing high-frequency sounds than low-frequency ones."
MS-LS1-081,Nemotron 3 Super 120b a12,1,The answer correctly states the primary structural difference—presence or absence of a membrane‑bound nucleus—and adequately addresses the question for the middle‑school standard.
MS-LS1-082,Nemotron 3 Super 120b a12,1,"The answer correctly describes the endoplasmic reticulum's roles in protein synthesis, lipid synthesis, and intracellular transport, which is sufficient for a middle‑school level explanation."
MS-PS4-078,Gemini Flash 3,1,The answer correctly identifies that digital signals are more reliable because their binary nature allows them to resist distortion from noise or physical damage that would degrade an analog signal.
MS-LS1-081,OSS 120b,0,"The answer correctly notes the nucleus difference but omits other key distinctions like membrane-bound organelles, making it incomplete for the standard."
MS-LS1-082,Gemini Flash 3,1,"The answer accurately describes the roles of the rough and smooth endoplasmic reticulum in protein and lipid synthesis and transport, which aligns with the MS-LS1-2 standard for describing cell part functions."
MS-LS1-083,OSS 120b,1,"The answer correctly identifies epithelial tissue as the tissue that covers the body’s exterior and lines internal organs, fully addressing the question."
MS-LS1-081,Gemini Flash 3,1,"The answer correctly identifies the primary defining difference between prokaryotic and eukaryotic cells, which is appropriate and sufficient for the middle school level."
MS-LS1-082,OSS 120b,1,"The answer correctly describes the ER’s role in protein and lipid synthesis and intracellular transport, adequately covering its main functions for the standard."
MS-LS1-084,OSS 120b,1,"The answer accurately defines interdependence of body systems and provides a relevant example, meeting the standard."
MS-LS2-079,OSS 120b,1,"The answer correctly explains that producers create food via photosynthesis and supply energy and matter to other ecosystem members, which aligns with the standard."
MS-LS1-084,Gemini Flash 3,1,The answer accurately defines interdependence and provides a relevant example of system interaction that aligns with the requirements of MS-LS1-3.
MS-LS1-083,Nemotron 3 Super 120b a12,1,"The answer correctly identifies epithelial tissue as the tissue that covers the body's exterior and lines internal organs and cavities, fully addressing the question."
MS-LS2-079,Nemotron 3 Super 120b a12,1,"The answer correctly states that producers convert sunlight, water, and CO₂ into organic matter via photosynthesis, supplying energy and matter to other organisms, which describes their role in matter cycling and energy flow."
MS-LS2-079,Gemini Flash 3,1,"The answer accurately describes how producers convert nonliving matter and energy into food, fulfilling the requirements of the standard regarding the flow of energy and cycling of matter."
MS-LS3-069,OSS 120b,1,"The answer correctly explains that mutations in non-coding regions or synonymous changes leave protein function unchanged, accounting for neutral effects."
MS-LS1-083,Gemini Flash 3,1,"The answer accurately identifies epithelial tissue and its primary role, which correctly reflects the organizational hierarchy of cells and tissues described in the standard."
MS-LS1-084,Nemotron 3 Super 120b a12,1,"The answer correctly defines interdependence and provides a clear example of how two body systems rely on each other, which satisfies the standard's requirement for an evidence‑based explanation of interacting subsystems."
MS-LS3-070,Nemotron 3 Super 120b a12,1,"The answer correctly explains that proteins perform essential functions throughout the organism, so alterations can disrupt those functions systemically."
MS-LS3-070,OSS 120b,1,"The answer correctly explains that proteins perform essential cellular functions and that mutations altering protein structure can disrupt these functions, affecting the whole organism, which aligns with the standard."
MS-LS3-071,OSS 120b,1,"The answer correctly explains that DNA replication copies the mutated sequence, so daughter cells inherit the mutation."
MS-LS3-069,Nemotron 3 Super 120b a12,1,"The answer correctly notes that mutations in non‑coding regions or synonymous changes that preserve the amino‑acid sequence leave protein function unchanged, which explains why some mutations have no effect on the organism."
MS-LS3-069,Gemini Flash 3,1,"The answer accurately explains that neutral mutations can occur in non-coding DNA or result in proteins that maintain their original shape and function, which aligns with the middle school standard."
MS-LS3-071,Nemotron 3 Super 120b a12,1,"The answer correctly explains that DNA replication copies the mutated sequence, so each daughter cell inherits the mutation, which is sufficient for the question."
MS-LS3-072,OSS 120b,1,"The answer correctly explains crossing over and chromosome shuffling during meiosis and how fertilization creates new genetic combinations, meeting the standard."
MS-LS3-070,Gemini Flash 3,1,"The answer accurately explains the essential roles of proteins and how structural changes due to mutations affect their function, which aligns with the core requirements of MS-LS3-1."
MS-LS3-072,Gemini Flash 3,1,"The answer accurately describes the mechanisms of independent assortment and crossing over during meiosis, as well as fertilization, which are the primary drivers of genetic variation in sexual reproduction."
MS-LS3-071,Gemini Flash 3,1,The answer accurately identifies DNA replication as the mechanism that ensures mutations are copied and passed to daughter cells during cell division.
MS-LS3-073,OSS 120b,1,The answer correctly explains that receiving one allele from each parent creates allele pairs whose dominant/recessive interactions determine the offspring's expressed traits.
MS-LS3-072,Nemotron 3 Super 120b a12,1,"The answer correctly explains that meiosis shuffles chromosomes and exchanges DNA segments, creating unique gametes, and fertilization combines them for offspring variation."
MS-LS3-074,OSS 120b,1,"The answer correctly explains that loss of chlorophyll impairs photosynthesis, making the mutation harmful and reducing the plant's survival prospects."
MS-LS3-074,Nemotron 3 Super 120b a12,1,"The answer correctly explains that loss of chlorophyll prevents photosynthesis, making the mutation harmful to plant survival."
MS-LS3-073,Nemotron 3 Super 120b a12,1,"The answer accurately explains that receiving one allele from each parent creates a gene pair whose dominant/recessive combination determines the offspring's expressed traits, directly addressing the question."
MS-LS3-073,Gemini Flash 3,1,"The answer accurately explains how inheriting alleles from both parents creates unique combinations that determine expressed traits through dominance and recessiveness, directly addressing the mechanism of genetic variation in sexual reproduction."
MS-LS3-074,Gemini Flash 3,1,"The answer correctly identifies that a mutation preventing chlorophyll production is harmful because it disrupts photosynthesis, which is necessary for the plant's energy and survival."
MS-LS4-056,Nemotron 3 Super 120b a12,1,"The reference answer accurately defines trait frequency as the proportion or percentage of individuals in a population possessing a given trait, which aligns with the standard's focus on mathematical representation of natural selection."
MS-LS4-055,OSS 120b,1,"The answer correctly defines a tail-like structure as a projection at the embryo’s posterior and lists appropriate examples of embryos that develop one, satisfying the question."
MS-LS4-056,OSS 120b,1,"The answer accurately defines trait frequency as the proportion of individuals with a trait, matching the scientific meaning."
MS-LS4-055,Nemotron 3 Super 120b a12,1,"The answer correctly defines a tail-like structure and provides appropriate vertebrate embryo examples that exhibit this feature, which satisfies the standard's requirement to compare embryological similarities."
MS-LS4-055,Gemini Flash 3,1,"The answer accurately defines the embryonic tail-like structure and correctly identifies diverse vertebrate species that share this developmental trait, aligning with the standard's focus on comparative embryology."
MS-LS4-057,Nemotron 3 Super 120b a12,1,"The answer correctly defines a favorable trait as one that improves an organism's survival and reproductive success, which captures the essential meaning of fitness in natural selection for a middle‑school level."
MS-LS4-056,Gemini Flash 3,1,"The definition accurately explains trait frequency as a mathematical proportion of a population, which is appropriate for the MS-LS4-6 middle school standard."
MS-LS4-057,OSS 120b,1,"The answer correctly defines a favorable trait as one that enhances survival and reproductive success, aligning with the natural selection concept."
MS-LS4-058,Nemotron 3 Super 120b a12,1,"The answer correctly states that fossilization is rare and requires specific conditions, explaining why most organisms do not become fossils and thus gaps exist in the fossil record."
MS-LS4-058,OSS 120b,1,"The answer correctly explains that fossilization is rare and requires special conditions, so most organisms decompose and are not preserved, which adequately addresses the question."
MS-LS4-057,Gemini Flash 3,1,"The answer accurately defines a favorable trait in terms of survival and reproductive success, which is the fundamental conceptual basis for understanding trait frequency shifts in a population."
MS-LS4-058,Gemini Flash 3,1,"The answer accurately explains that fossilization is a rare process requiring specific conditions, which correctly identifies why the fossil record is an incomplete representation of past life."
MS-LS4-059,OSS 120b,1,"The answer correctly explains that plate tectonics and uplift raise former seabeds, transporting marine fossils onto land and mountain tops, which adequately addresses the question."
MS-LS4-059,Nemotron 3 Super 120b a12,1,"The answer correctly explains that tectonic plate movements and uplift of former ocean floors can place marine fossils on dry land or mountains, which fully addresses the question."
MS-LS4-060,Nemotron 3 Super 120b a12,1,"The answer correctly states that index fossils have a specific, well‑defined time range and broad geographic distribution, allowing scientists to estimate the age of a rock layer by matching the fossil to its known age range."
MS-LS4-060,OSS 120b,1,"The answer correctly explains that index fossils are from organisms with known, limited time ranges and worldwide distribution, allowing scientists to estimate a rock layer's age based on the fossil's known age range."
MS-LS4-061,OSS 120b,1,"The answer correctly explains that environmental changes or catastrophic events can outpace a species' adaptations, causing extinction despite long-term success."
MS-LS4-059,Gemini Flash 3,1,The answer accurately identifies tectonic plate movement and geological uplift as the mechanisms that transport marine fossils from ancient ocean floors to present-day dry land and mountains.
MS-LS4-061,Nemotron 3 Super 120b a12,1,"The answer correctly explains that rapid environmental changes can outpace adaptation, leading to extinction of formerly successful species, which aligns with the standard."
MS-LS4-060,Gemini Flash 3,1,The answer accurately identifies the two essential characteristics of index fossils—short time span and wide geographic distribution—and correctly explains how they are used to date rock layers.
MS-LS4-062,OSS 120b,1,"The answer correctly explains that the fossil leg bones are vestigial evidence of land‑mammal ancestry, illustrating the evolutionary transition to modern whales."
MS-LS4-061,Gemini Flash 3,1,"The answer accurately explains that extinction occurs when environmental changes outpace a species' ability to adapt, which is a core concept of the fossil record patterns described in MS-LS4-1."
MS-LS4-063,OSS 120b,1,"The answer accurately explains the shared bone pattern as inheritance from a common ancestor and notes modification by natural selection, meeting the standard."
MS-ESS1-083,OSS 120b,1,The answer correctly identifies the new moon as the only lunar phase during which a solar eclipse can occur and provides the necessary explanation.
MS-ESS1-083,Nemotron 3 Super 120b a12,1,"The answer correctly states that a solar eclipse occurs only during the new moon phase, which directly answers the question."
MS-LS4-062,Nemotron 3 Super 120b a12,1,"The answer correctly explains that fossil whales with small leg bones show a transition from land to water and provide evidence of a common ancestor with four‑limbed land mammals, satisfying the standard."
MS-LS4-062,Gemini Flash 3,1,"The answer accurately explains how fossilized transitional structures provide evidence for the evolutionary change from land-dwelling ancestors to aquatic modern whales, directly addressing the standard's focus on interpreting patterns in the fossil record."
MS-LS4-063,Nemotron 3 Super 120b a12,1,"The answer correctly explains that the shared forelimb bone pattern is due to inheritance from a common ancestor and subsequent modification by natural selection, which aligns with the standard's requirement to explain anatomical similarities to infer evolutionary relationships."
MS-LS4-063,Gemini Flash 3,1,"The answer correctly identifies common ancestry as the reason for homologous structures and explains how natural selection led to functional differences, directly addressing the core components of the MS-LS4-2 standard."
MS-ESS1-084,OSS 120b,1,"The answer correctly lists the four primary geologic time divisions in descending order of duration: eons, eras, periods, and epochs."
MS-ESS1-084,Nemotron 3 Super 120b a12,1,"The answer correctly identifies the four main divisions of the geologic time scale—eons, eras, periods, epochs—in order from longest to shortest, which satisfies the question."
MS-ESS1-083,Gemini Flash 3,1,"The answer accurately identifies the new moon phase and describes the necessary alignment for a solar eclipse, which aligns with the MS-ESS1-1 standard."
MS-ESS1-085,Nemotron 3 Super 120b a12,1,"The answer correctly defines index fossils as short‑lived, widespread organisms and explains their use in correlating rock‑layer ages, which fully addresses the question for the given standard."
MS-ESS1-085,OSS 120b,1,The answer correctly defines index fossils and explains their usefulness for correlating rock layers and organizing the geologic time scale.
MS-ESS1-084,Gemini Flash 3,1,The reference answer accurately identifies and orders the four primary hierarchical divisions of the geologic time scale as commonly taught in middle school science.
MS-ESS1-086,OSS 120b,1,"The answer correctly calculates the travel time (~166 days) using an appropriate average Earth‑Moon distance, demonstrating the large scale of solar‑system distances."
MS-ESS1-087,OSS 120b,1,"The answer correctly states that the older fish layer would be deeper, linking fossil order to stratigraphic layering and the geologic time scale."
MS-ESS1-087,Nemotron 3 Super 120b a12,1,The answer correctly explains that older rock layers (first fish) are deeper due to sequential deposition and links this to how the geologic time scale organizes Earth's history.
MS-ESS1-086,Gemini Flash 3,1,The calculation accurately uses the average distance to the Moon and standard conversion factors to provide a clear example of solar system scales as required by the standard.
MS-ESS1-085,Gemini Flash 3,1,"The answer accurately defines index fossils and explains their function in correlating rock strata to establish relative ages, which is a key component of understanding the geologic time scale."
MS-ESS1-086,Nemotron 3 Super 120b a12,1,"The calculation uses the correct Earth‑Moon distance (~239,000 miles) and speed (60 mph) to obtain ~4,000 hours or ~166 days, accurately showing the vast scale of solar‑system distances."
MS-ESS2-083,OSS 120b,1,"The answer correctly defines uplift as tectonic-driven vertical movement of the crust that creates mountains and elevated landforms, which satisfies the question."
MS-ESS1-087,Gemini Flash 3,1,The answer accurately applies the principle of superposition to explain that older rock layers containing earlier life forms are located deeper than more recent layers.
MS-ESS2-084,OSS 120b,1,"The answer correctly explains that sailing toward the equator lets the ship take advantage of the steady westward trade winds created by unequal heating and Earth's rotation, enabling faster travel."
MS-ESS2-083,Gemini Flash 3,1,"The answer accurately defines uplift and correctly identifies its cause (tectonic forces) and its impact on Earth's surface over time, which aligns with the requirements of MS-ESS2-2."
MS-ESS2-083,Nemotron 3 Super 120b a12,1,"The answer correctly defines uplift as tectonic upward movement of crust forming elevated landforms over long times, which adequately addresses the question for the middle‑school standard."
MS-ESS3-076,Nemotron 3 Super 120b a12,1,"The answer accurately describes the burial, compression, and long‑term transformation of plant material in swampy settings, which is the geoscience process (coalification) that forms coal deposits."
MS-ESS3-077,OSS 120b,1,"The answer correctly explains that early warning systems provide crucial evacuation time, thereby reducing tsunami damage."
MS-ESS3-076,OSS 120b,1,The answer correctly identifies coalification—burial and compression of plant material in swampy settings over geologic time—as the geoscience process that forms coal deposits.
MS-ESS3-076,Gemini Flash 3,1,"The answer accurately describes the key geoscience processes—organic burial, compression, and time—required for coal formation as specified by the MS-ESS3-1 standard."
MS-ESS3-077,Nemotron 3 Super 120b a12,1,"The answer correctly explains that early warning systems detect tsunamis quickly, allowing evacuation and thus reducing damage."
MS-ESS3-078,Nemotron 3 Super 120b a12,1,"The answer correctly explains that tree roots trap soil and absorb water, forming a riparian buffer that filters pollutants and slows runoff, thus reducing water pollution from farm fields."
MS-ESS3-078,OSS 120b,1,"The answer accurately explains that trees and their roots act as a riparian buffer that absorb water, trap soil, and filter fertilizers and pesticides, thereby reducing runoff and water pollution in streams."
MS-ESS3-077,Gemini Flash 3,1,"The answer accurately explains how detection technology utilizes the time between a trigger event and the wave's arrival to facilitate evacuation, which is a key mitigation strategy."
MS-ESS2-084,Nemotron 3 Super 120b a12,1,"The answer correctly explains that sailing south to reach the trade‑wind zone provides steady westward winds, which reflects the unequal heating and rotation‑driven atmospheric circulation described in the standard."
MS-ESS3-080,OSS 120b,1,"The answer correctly identifies that population growth and development increase runoff and pollution, degrading river water quality, which aligns with the standard."
MS-ESS3-079,OSS 120b,1,"The answer correctly explains that differing ancient environments (swamps vs. marine) led to coal formation in one state but not the other, matching the standard’s focus on past geologic processes causing uneven resource distribution."
MS-ESS3-079,Nemotron 3 Super 120b a12,1,"The answer correctly explains coal formation from ancient swampy plant material and attributes the uneven distribution to differing past geological environments, satisfying the standard's requirement for a scientific explanation based on evidence."
MS-ESS3-078,Gemini Flash 3,1,"The answer accurately explains the scientific mechanisms—filtration, absorption, and erosion control—that allow riparian buffers to minimize the impact of agricultural runoff on water quality."
MS-ETS1-074,OSS 120b,1,"The answer correctly explains that meeting constraints means the design stays within all imposed limits, giving appropriate examples."
MS-ESS3-079,Gemini Flash 3,1,"The answer accurately explains that coal distribution depends on specific ancient environmental conditions and geological processes, which aligns directly with the requirements of MS-ESS3-1."
MS-ESS3-080,Nemotron 3 Super 120b a12,1,"The answer correctly links population growth and development to increased impervious surfaces, faster runoff, greater pollutant and sediment load, and reduced river water quality, which aligns with the standard's focus on human impacts on Earth systems."
MS-ESS3-080,Gemini Flash 3,1,"The answer correctly identifies the link between population growth, increased impermeable surfaces, and the subsequent negative impacts on water quality and runoff in a river system."
MS-ETS1-075,OSS 120b,0,"The answer correctly defines data analysis but does not address comparing multiple design solutions to identify best characteristics, which is required by the standard."
MS-ESS2-084,Gemini Flash 3,1,The answer accurately describes the formation of trade winds through unequal heating and explains how their westward direction facilitates faster travel to the Americas.
MS-ETS1-074,Nemotron 3 Super 120b a12,1,"The answer correctly defines constraints as the given limits (e.g., budget, material availability) and provides clear examples, which is sufficient for the middle‑school standard."
MS-ETS1-076,Nemotron 3 Super 120b a12,1,"The answer identifies appropriate data engineers would collect (load capacity, material usage, cost) to compare bridge designs against success criteria."
MS-ETS1-076,OSS 120b,1,"The answer correctly lists relevant types of data (load capacity, material usage, cost) that engineers would collect when testing bridge designs, aligning with the standard."
MS-ETS1-075,Nemotron 3 Super 120b a12,1,"The answer correctly defines analyzing data as examining test results for patterns or trends to evaluate design performance, which aligns with the standard's focus on using test data to compare solutions."
MS-ETS1-076,Gemini Flash 3,1,"The answer provides relevant and measurable data points (performance, material usage, and cost) that align with the engineering design process and the middle-school standard."
MS-ETS1-074,Gemini Flash 3,1,The answer accurately defines constraints as the limits of a project and provides appropriate examples like budget and material availability.
MS-ETS1-077,Gemini Flash 3,1,"The answer accurately applies the concepts of criteria and constraints to explain why real-world factors, such as budgets and environment, differentiate a practical solution from a laboratory success."
MS-ETS1-078,Nemotron 3 Super 120b a12,1,"The answer correctly explains that a trade‑off arises when meeting one criterion hinders meeting another, requiring a compromise, which aligns with the standard’s definition of criteria and constraints conflicts."
MS-ETS1-077,OSS 120b,1,"The answer correctly identifies real‑world constraints (budget, environment, human factors, regulations) that can prevent a lab‑successful design from working in practice, meeting the standard."
MS-ETS1-075,Gemini Flash 3,1,"The answer accurately describes the process of data analysis by focusing on examining results for patterns and trends to evaluate performance, which is a foundational component of the MS-ETS1-3 standard."
MS-ETS1-079,OSS 120b,1,The answer correctly explains that even failed designs can provide useful features that can be identified and combined to create an improved solution.
MS-ETS1-077,Nemotron 3 Super 120b a12,1,"The answer correctly identifies real‑world constraints such as budget, weather, human error, and regulations that affect design success, aligning with the standard’s focus on criteria and constraints."
MS-ETS1-080,Nemotron 3 Super 120b a12,1,"The answer correctly explains that models allow inexpensive, safe testing and data collection to identify and fix issues before committing resources to the final product, which aligns with the standard's goal of iterative testing for optimal design."
MS-ETS1-078,Gemini Flash 3,1,"The answer accurately defines trade-offs as a balancing act between conflicting requirements and provides a clear, age-appropriate example that aligns with the engineering design process."
MS-ETS1-078,OSS 120b,1,"The answer correctly explains that a trade‑off occurs when meeting one design criterion hampers another, requiring a compromise."
MS-ETS1-079,Gemini Flash 3,1,The answer accurately reflects the core principle of the standard by explaining how engineers identify and combine the most effective features from different designs into a single improved solution.
MS-ETS1-079,Nemotron 3 Super 120b a12,1,"The answer correctly explains that even failing designs have useful features that can be identified and combined to improve a solution, which matches the standard's goal of analyzing test data to find the best characteristics of each design."
MS-ETS1-080,OSS 120b,1,"The answer correctly explains that models allow engineers to identify issues, gather data safely and cost‑effectively, and avoid waste or danger before committing to the final product."
MS-ETS1-080,Gemini Flash 3,1,"The answer accurately addresses the core components of MS-ETS1-4 by explaining how models allow for data collection, safety, and iterative improvements before final production."
MS-ETS1-081,OSS 120b,1,"The answer correctly explains that test data reveals design shortcomings, allowing engineers to make targeted improvements rather than guesswork, aligning with the iterative testing and modification model."
MS-PS1-074,Nemotron 3 Super 120b a12,1,"The answer correctly explains that atoms bond to achieve lower energy and fill outer electron shells, which is appropriate for MS‑PS1‑1."
MS-PS1-073,Nemotron 3 Super 120b a12,1,"The answer correctly identifies that rayon is made from cellulose derived from wood pulp or cotton plant fibers, which are natural resources."
MS-PS1-073,OSS 120b,1,"The answer correctly identifies cellulose derived from wood pulp (and optionally cotton fibers) as the natural resource used to make rayon, satisfying the question."
MS-ETS1-081,Nemotron 3 Super 120b a12,1,"The answer correctly states that test data reveals where a design falls short and lets engineers make evidence‑based, specific improvements, which matches the standard’s focus on using model‑generated data for iterative testing and refinement."
MS-ETS1-081,Gemini Flash 3,1,The answer accurately explains how data provides empirical evidence to identify specific performance gaps and guide targeted improvements in the iterative design process.
MS-PS1-073,Gemini Flash 3,1,"The answer accurately identifies wood pulp and cotton fibers as the natural sources of the cellulose used to create rayon, which directly addresses the standard's focus on synthetic materials coming from natural resources."
MS-PS1-074,OSS 120b,1,"The answer correctly explains that atoms bond to achieve lower energy and filled outer shells, providing an appropriate explanation for middle-school level."
MS-PS1-074,Gemini Flash 3,1,"The answer accurately explains that chemical bonding occurs to achieve stability and lower energy through electron shell completion, which is a core concept for understanding atomic composition in MS-PS1-1."
MS-PS1-075,OSS 120b,1,"The answer correctly explains that the water model displays two hydrogen atoms and one oxygen atom, using distinct symbols or colors to indicate different element types, thereby showing water is composed of more than one kind of atom."
MS-PS1-075,Nemotron 3 Super 120b a12,1,"The answer correctly explains that a water molecule model uses distinct symbols or colors for hydrogen and oxygen atoms, showing that water contains more than one type of atom."
MS-PS1-076,Nemotron 3 Super 120b a12,1,"The answer correctly explains that altering a single atom changes molecular composition and properties, illustrated by the water/hydrogen peroxide example, aligning with the standard."
MS-PS1-075,Gemini Flash 3,1,"The answer accurately explains how models use distinct colors or symbols to represent the different elements in a compound like water, directly addressing the requirements of the standard."
MS-PS1-076,OSS 120b,1,"The answer correctly explains that altering a single atom changes the molecular composition and thus the substance’s properties, illustrated with the water vs hydrogen peroxide example, which aligns with the standard."
MS-PS1-077,OSS 120b,1,"The answer correctly explains that higher thermal energy in liquids lets particles break free from fixed positions and slide past each other, capturing the key concept for the standard."
MS-PS1-078,OSS 120b,1,"The answer correctly states that CO₂ contains two oxygen atoms arranged linearly on either side of a carbon atom, fully addressing the question."
MS-PS1-077,Nemotron 3 Super 120b a12,1,"The answer correctly explains that greater thermal energy in liquids allows particles to overcome fixed positions and slide past each other, which aligns with the standard's focus on particle motion changes with thermal energy."
MS-PS1-076,Gemini Flash 3,1,"The answer accurately explains that chemical identity and properties are determined by the specific combination of atoms, using the comparison of water and hydrogen peroxide as a clear, relevant example."
MS-PS1-077,Gemini Flash 3,1,The answer accurately explains how thermal energy relates to particle motion and the ability of liquid particles to overcome the rigid structure of a solid.
MS-PS1-078,Gemini Flash 3,1,"The answer accurately describes the atomic composition and linear structure of carbon dioxide, which directly aligns with the middle-school requirement to model simple molecules."
MS-PS1-078,Nemotron 3 Super 120b a12,1,"The answer correctly states there are two oxygen atoms arranged linearly around the carbon atom, matching the CO₂ structure."
MS-PS1-079,OSS 120b,1,"The answer correctly explains that added thermal energy increases particle motion, causing the butter to melt from solid to liquid, which meets the standard."
MS-PS1-080,OSS 120b,1,"The answer correctly explains that added thermal energy increases particle motion, allowing water molecules to escape as vapor (steam), matching the standard."
MS-PS1-079,Nemotron 3 Super 120b a12,1,"The answer correctly explains that butter melts from solid to liquid because thermal energy increases particle motion, which aligns with the standard’s focus on predicting and describing changes in particle motion, temperature, and state."
MS-PS1-079,Gemini Flash 3,1,"The answer accurately describes the state change and the underlying change in particle motion caused by the addition of thermal energy, aligning perfectly with the MS-PS1-4 standard."
MS-PS2-086,OSS 120b,1,"The answer correctly states that magnetic force decreases as distance increases and is stronger when the magnets are closer, which directly addresses the factor of distance on magnetic force."
MS-PS2-087,OSS 120b,1,"The answer correctly lists gravity and magnetism as two non‑contact forces, providing appropriate examples that satisfy the standard."
MS-PS2-086,Nemotron 3 Super 120b a12,1,"The answer correctly describes that magnetic force decreases as distance increases and increases as distance decreases, directly addressing how distance affects magnetic force as required by MS‑PS2-3."
MS-PS2-086,Gemini Flash 3,1,"The answer accurately describes the inverse relationship between distance and magnetic force, which correctly addresses the core concept of the standard for a middle-school level."
MS-PS1-080,Nemotron 3 Super 120b a12,1,"The answer correctly explains that added thermal energy increases particle motion, allowing water molecules to escape as steam, describing the change in state, which aligns with the standard."
MS-PS1-080,Gemini Flash 3,1,"The answer accurately describes the relationship between thermal energy, particle motion, and the phase change from liquid to gas as required by MS-PS1-4."
MS-PS2-087,Nemotron 3 Super 120b a12,1,"The answer correctly identifies two non‑contact forces (gravity and magnetism) with appropriate examples, satisfying the question's requirement."
MS-PS2-087,Gemini Flash 3,1,"The answer correctly identifies gravity and magnetism as two non-contact forces and provides relevant examples for each, which directly addresses the question and aligns with the standard."
MS-PS2-088,OSS 120b,1,"The answer correctly describes the backward motion of the person and skateboard and explains it using Newton's Third Law, which fulfills the standard."
MS-PS2-088,Nemotron 3 Super 120b a12,1,"The answer correctly identifies that throwing the ball forward causes an equal and opposite reaction pushing you and the skateboard backward, and notes that a stronger throw results in greater backward speed, fully applying Newton's Third Law to the scenario."
MS-PS2-089,OSS 120b,1,"The answer correctly states that adding another kid increases the net force, resulting in a greater acceleration of the car, which aligns with the concept that acceleration depends on net force and mass."
MS-PS4-079,Nemotron 3 Super 120b a12,1,"The answer correctly states that dark-colored, rough surfaces absorb most incident light, which aligns with the standard's focus on wave absorption by materials."
MS-PS2-089,Nemotron 3 Super 120b a12,1,"The answer correctly explains that adding another force increases net force, which (with unchanged mass) produces greater acceleration, satisfying the standard's focus on force sum and mass."
MS-PS4-079,OSS 120b,1,"The answer correctly states that most of the light energy is absorbed by a dark-colored, rough surface, aligning with the concept of wave absorption."
MS-PS2-089,Gemini Flash 3,1,"The answer accurately explains that increasing the net force while keeping mass constant results in a greater acceleration, correctly addressing the relationship between force and change in motion required by MS-PS2-2."
MS-PS4-080,Nemotron 3 Super 120b a12,1,The answer correctly identifies reflection as the wave behavior that lets you see your image in a still pond and explains how light waves bounce off the water surface to reach your eyes.
MS-PS4-080,OSS 120b,1,The answer correctly identifies reflection as the wave behavior that produces the visible image in a still pond.
MS-PS4-079,Gemini Flash 3,1,"The answer accurately identifies that dark surfaces primarily absorb light energy and correctly links this process to an increase in temperature, which aligns with the MS-PS4-2 standard."
MS-PS2-088,Gemini Flash 3,1,The answer accurately applies Newton's Third Law to describe the action-reaction pair and correctly predicts the resulting motion of the skateboarder.
MS-PS4-080,Gemini Flash 3,1,"The answer accurately identifies reflection as the mechanism and provides a clear, age-appropriate explanation of light waves bouncing off the water's surface."
MS-LS1-085,OSS 120b,1,The answer correctly defines a subsystem as a smaller organized part of a larger system and gives appropriate examples relevant to the human body.
MS-PS4-081,Nemotron 3 Super 120b a12,1,"The answer correctly defines bandwidth as the data‑transmission capacity of a signal or channel, measured in bits per second, which is appropriate for a middle‑school understanding."
MS-PS4-081,OSS 120b,0,"The answer only defines bandwidth as data rate, omitting the primary definition of bandwidth as the frequency range a signal occupies."
MS-LS1-085,Nemotron 3 Super 120b a12,1,"The answer correctly defines a subsystem as a smaller organized part within a larger system and gives appropriate examples (organ systems) that interact to maintain body function, aligning with the standard's focus on interacting subsystems composed of groups of cells."
MS-LS1-086,Nemotron 3 Super 120b a12,1,"The answer correctly explains the surface‑area‑to‑volume constraint that limits cell size and why larger organisms use many smaller cells, which aligns with the standard's focus on cell number and function."
MS-LS1-085,Gemini Flash 3,1,The answer accurately defines a subsystem and provides relevant examples of organ systems that demonstrate the hierarchical organization required by the standard.
MS-PS4-081,Gemini Flash 3,1,"The answer provides a technically accurate and age-appropriate definition of bandwidth as the rate of data transfer, which is essential for understanding the efficiency of digital versus analog signals."
MS-LS1-086,OSS 120b,1,"The answer correctly explains that a larger cell's surface‑area‑to‑volume ratio limits material exchange, so larger organisms rely on many smaller cells to meet metabolic needs."
MS-LS1-087,OSS 120b,0,"The answer only mentions using microscopes to see cells and does not address how scientists determine life when cells cannot be observed, making it incomplete and insufficient."
MS-LS1-086,Gemini Flash 3,1,"The answer correctly explains the surface area-to-volume ratio limitation, which is the scientific reason why large organisms are multicellular rather than composed of giant cells."
MS-LS1-088,Nemotron 3 Super 120b a12,1,"The answer correctly explains that the display signals male health and strength to females, increasing mating success and gene transmission, which aligns with the standard."
MS-LS1-088,Gemini Flash 3,1,"The answer accurately explains how a specific animal behavior (display) influences mate choice and increases the probability of successful reproduction, aligning with the requirements of MS-LS1-4."
MS-LS1-088,OSS 120b,1,"The answer correctly explains that the male's colorful display signals fitness to females, influencing mate choice and increasing reproductive success, meeting the standard."
MS-LS1-087,Nemotron 3 Super 120b a12,1,"The answer correctly explains that microscopes allow scientists to observe cells too small to see unaided, and finding cells provides evidence of life, aligning with the standard."
MS-LS2-080,OSS 120b,1,"The answer correctly states that plants take in carbon dioxide and release oxygen via photosynthesis, capturing their essential role in cycling these gases in the ecosystem."
MS-LS2-080,Nemotron 3 Super 120b a12,1,"The answer correctly explains that plants absorb CO₂ during photosynthesis and release O₂, describing their role in the oxygen and carbon dioxide cycle as required by the standard."
MS-LS2-081,Nemotron 3 Super 120b a12,1,"The answer correctly defines a nutrient cycle as the movement and recycling of chemical elements through both living and nonliving parts of an ecosystem, which aligns with the standard."
MS-LS2-081,OSS 120b,1,"The answer correctly defines a nutrient cycle as the movement and recycling of chemical elements through living and nonliving parts of an ecosystem, matching the required concept."
MS-LS2-082,OSS 120b,1,The answer accurately defines biomass as the total mass of living organic matter in an area or trophic level and correctly links it to stored energy for the next food‑chain level.
MS-LS2-080,Gemini Flash 3,1,"The answer accurately describes the primary mechanism by which plants cycle carbon dioxide and oxygen in an ecosystem, meeting the core requirements of the standard for this grade level."
MS-LS1-087,Gemini Flash 3,1,The answer accurately addresses the standard by explaining that technology enables the observation of cells and connects their presence to the fundamental principle that all living things are composed of cells.
MS-LS2-082,Nemotron 3 Super 120b a12,1,"The answer correctly defines biomass as the total mass of living organic matter in an area or trophic level and notes its role as stored energy for the next trophic level, which is accurate and sufficient for the standard."
MS-LS2-083,Nemotron 3 Super 120b a12,1,"The answer correctly identifies increased sunlight as a limiting resource that enhances photosynthesis and growth, directly addressing the effect of resource availability on plant size."
MS-LS2-081,Gemini Flash 3,1,"The answer accurately defines the nutrient cycle by explaining how matter moves between living and nonliving components, which is a core concept of standard MS-LS2-3."
MS-LS2-083,OSS 120b,1,"The answer correctly explains that greater sunlight at the forest edge provides more energy for photosynthesis, leading to fuller growth compared to shade‑limited interior plants."
MS-LS3-075,OSS 120b,1,"The answer correctly identifies the DNA base sequence of a gene as the determinant of amino acid order, aligning with the standard's focus on genetic mutations affecting protein structure and function."
MS-LS2-082,Gemini Flash 3,1,"The answer accurately defines biomass as the mass of living organic matter and correctly connects it to the flow of energy between trophic levels, which directly supports the MS-LS2-3 standard."
MS-LS2-083,Gemini Flash 3,1,"The answer correctly identifies sunlight as a limiting resource and explains how its increased availability at the forest edge promotes greater growth through photosynthesis, fulfilling the requirements of MS-LS2-1."
MS-LS3-075,Nemotron 3 Super 120b a12,1,"The answer correctly states that the DNA base sequence determines amino acid order and links mutations to changes in protein structure/function, which aligns with MS-LS3-1."
MS-LS3-076,Nemotron 3 Super 120b a12,1,"The answer correctly states that genes provide instructions for making proteins, which is accurate and sufficient for the question."
MS-LS3-076,OSS 120b,1,"The answer correctly identifies proteins as the molecules whose synthesis is instructed by genes, providing a complete and accurate response."
MS-LS4-064,OSS 120b,1,"The answer correctly explains that a sudden disappearance in the fossil record usually reflects extinction caused by environmental change, loss of resources, or competition, addressing the question adequately."
MS-LS4-065,OSS 120b,1,"The answer correctly explains that scientists examine species appearances, changes, and disappearances in sequential rock layers to identify patterns of structural and diversity changes over time."
MS-LS4-064,Nemotron 3 Super 120b a12,1,"The answer correctly identifies extinction as the reason for disappearance and cites appropriate causes, which aligns with the standard's focus on interpreting fossil record patterns of existence and extinction."
MS-LS4-064,Gemini Flash 3,1,The answer correctly identifies extinction as the reason for a species' disappearance from the fossil record and provides scientifically accurate causes appropriate for the middle-school level.
MS-LS4-065,Nemotron 3 Super 120b a12,1,"The answer correctly explains that scientists compare fossils across rock layers to detect patterns of appearance, change, and disappearance, revealing how life’s body structures and diversity have evolved over time, which aligns with the standard."
MS-LS3-076,Gemini Flash 3,1,"The answer correctly identifies proteins as the molecules genes code for and explains the basic mechanism of how DNA sequences determine protein structure, directly addressing a core component of MS-LS3-1."
MS-LS3-075,Gemini Flash 3,1,"The answer accurately identifies the DNA base sequence as the determinant of amino acid order and explains how mutations can affect protein structure and function, which aligns perfectly with MS-LS3-1."
MS-LS4-066,OSS 120b,1,"The answer correctly explains that the presence of marine fossils indicates the desert was once covered by a shallow sea, addressing the pattern in the fossil record as required."
MS-LS4-067,Gemini Flash 3,1,"The answer accurately identifies the fossil as a transitional form that provides evidence of evolutionary change between two major groups, directly addressing the core requirement of the MS-LS4-1 standard."
MS-LS4-066,Nemotron 3 Super 120b a12,1,"The answer correctly applies the principle of uniformitarianism to infer that the desert was once a shallow sea based on marine fossils, which addresses the question adequately."
MS-LS4-068,Nemotron 3 Super 120b a12,1,"The answer correctly explains that similar body shape alone does not indicate close relation, citing convergent evolution and the need to examine internal anatomy to infer evolutionary relationships, which aligns with the standard."
MS-LS4-068,OSS 120b,1,"The answer correctly explains that similar body shape results from convergent evolution and does not indicate close relatedness, noting the need to examine deeper anatomical features."
MS-LS4-065,Gemini Flash 3,1,"The answer accurately describes how scientists interpret chronological patterns in rock layers to document changes in species, body structures, and biological diversity as required by the standard."
MS-LS4-066,Gemini Flash 3,1,"The answer correctly applies the principle of uniformitarianism to infer a past marine environment from fossil evidence, which directly aligns with the standard's requirements."
MS-LS4-067,Nemotron 3 Super 120b a12,1,"The answer correctly describes the fossil as a transitional form with mixed reptile‑bird traits, showing how it documents evolutionary change over time, which aligns with the standard."
MS-LS4-067,OSS 120b,1,"The answer correctly explains that the fossil is a transitional form linking reptiles and birds, illustrating evolutionary change over time, which aligns with the standard."
MS-LS4-069,Nemotron 3 Super 120b a12,1,"The answer correctly states that shared hip bone structure indicates a common ancestor and provides anatomical evidence for an evolutionary relationship, aligning with the standard."
MS-LS4-069,OSS 120b,1,"The answer correctly states that the shared hip bone indicates a common ancestor and an evolutionary relationship, which aligns with the standard."
MS-LS4-068,Gemini Flash 3,1,"The answer accurately explains convergent evolution and emphasizes the importance of using internal anatomical details to determine evolutionary relationships, which directly addresses the standard."
MS-LS4-070,OSS 120b,1,"The answer correctly predicts a close evolutionary relationship and common ancestry based on embryonic similarity, fulfilling the standard."
MS-ESS1-088,OSS 120b,1,The answer correctly explains that extreme size and distance differences make a to‑scale drawing impossible on a normal sheet of paper.
MS-LS4-070,Nemotron 3 Super 120b a12,1,"The answer correctly interprets similar early embryos as evidence of common ancestry and a closer relationship than adult forms suggest, which aligns with the standard's goal of using embryological data to infer evolutionary relationships."
MS-ESS1-089,Nemotron 3 Super 120b a12,1,"The answer correctly explains that greater distance leads to a longer orbital path and weaker gravitational pull, resulting in slower orbital speed and a longer year, which fully addresses the question for the given standard."
MS-LS4-070,Gemini Flash 3,1,"The answer correctly identifies that embryological similarities predict common ancestry and relationships that are not obvious in adult forms, which aligns perfectly with the MS-LS4-3 standard."
MS-ESS1-089,OSS 120b,1,"The answer correctly explains that greater distance means a longer orbital path and weaker solar gravity, leading to slower orbital speed and a longer year, which addresses the question."
MS-ESS1-090,OSS 120b,1,"The answer correctly explains that great distance reduces angular size, so even huge planets appear tiny in the sky."
MS-LS4-069,Gemini Flash 3,1,"The answer accurately identifies that shared anatomical structures between fossil and modern organisms provide evidence for common ancestry and evolutionary relationships, which aligns directly with the MS-LS4-2 standard."
MS-ESS1-088,Nemotron 3 Super 120b a12,1,The answer correctly explains that the vast differences in size and distance make a scaled drawing impractical on standard paper.
MS-ESS1-091,Nemotron 3 Super 120b a12,1,"The answer correctly explains that solar energy diminishes with distance due to the inverse‑square law, directly linking distance to surface temperature, which fully addresses the question."
MS-ESS1-090,Nemotron 3 Super 120b a12,1,"The answer correctly explains that the gas giants appear small because their great distance reduces their angular size, which addresses the question about scale properties."
MS-ESS1-090,Gemini Flash 3,1,"The answer accurately explains the relationship between distance and apparent size, which is a core concept of scale properties in the solar system required by MS-ESS1-3."
MS-ESS1-089,Gemini Flash 3,1,The answer accurately explains the relationship between distance and orbital period by citing both the increased path length and the decreased orbital velocity resulting from weaker gravitational pull.
MS-ESS1-088,Gemini Flash 3,1,The answer accurately addresses the two primary challenges of scaling the solar system: the extreme disparity in object sizes and the vast distances between them relative to those sizes.
MS-ESS1-091,OSS 120b,1,"The answer correctly explains that solar intensity decreases with distance, leading to lower heating and colder surfaces, which adequately addresses the question."
MS-ESS1-091,Gemini Flash 3,1,"The answer correctly explains the physical principle that solar energy intensity decreases with distance, which directly addresses the general relationship between a planet's location and its temperature as required by the standard."
MS-ESS2-085,OSS 120b,1,"The answer accurately defines abrasion as mechanical weathering where rocks and sediment grind against each other, which correctly addresses the question."
MS-ESS2-086,OSS 120b,1,"The answer correctly identifies groundwater (and mentions the infiltration process) as the term for water that soaks into the ground, fully addressing the question."
MS-ESS2-086,Nemotron 3 Super 120b a12,1,"The answer correctly identifies groundwater as the term for water that soaks into the ground and notes infiltration as the process, which fully addresses the question."
MS-ESS2-085,Nemotron 3 Super 120b a12,1,"The answer accurately defines abrasion as a mechanical weathering process where rocks and sediment grind against surfaces, which sufficiently addresses the question for the standard."
MS-ESS2-085,Gemini Flash 3,1,The answer accurately defines abrasion as a mechanical weathering process and uses an appropriate analogy for middle-school learners.
MS-ESS2-087,OSS 120b,1,"The answer correctly explains that continental drift moved Antarctica from a tropical to a polar region, accounting for the tropical plant fossils."
MS-ESS2-087,Nemotron 3 Super 120b a12,1,"The answer correctly links the presence of tropical fossils in Antarctica to past plate motion moving the continent from a warm, equatorial region to its current polar location, satisfying the standard's requirement to interpret fossil distribution as evidence of past plate motions."
MS-ESS3-081,OSS 120b,1,"The answer correctly identifies sedimentary basins as the primary location for petroleum formation and explains the geologic processes involved, fully addressing the question."
MS-ESS2-087,Gemini Flash 3,1,The answer accurately explains how plate motion accounts for the presence of tropical fossils in a polar region by describing the change in the continent's latitude over time.
MS-ESS3-082,OSS 120b,1,The answer correctly explains that persistent tectonic plate boundaries and associated underwater earthquakes make certain coastal regions repeatedly prone to tsunamis.
MS-ESS3-082,Nemotron 3 Super 120b a12,1,"The answer correctly identifies that repeated tsunamis occur because the same tectonic plate boundary conditions that generate underwater earthquakes persist in those regions, which adequately addresses the question for the given standard."
MS-ESS3-081,Nemotron 3 Super 120b a12,1,"The answer correctly states that most petroleum deposits form in sedimentary basins through burial, heat, and pressure on ancient marine organic matter, which aligns with the standard's focus on geoscience processes shaping resource distributions."
MS-ESS2-086,Gemini Flash 3,1,"The answer correctly identifies 'infiltration' as the process and 'groundwater' as the term for the water itself, providing accurate and sufficient detail for the middle-school level."
MS-ESS3-082,Gemini Flash 3,1,"The answer accurately identifies the connection between tectonic plate boundaries and tsunami recurrence, which aligns with the standard's focus on interpreting geological data to understand natural hazard risks."
MS-ESS3-081,Gemini Flash 3,1,"The answer accurately identifies both the geologic location and the specific processes of burial, heat, and pressure that explain the uneven distribution of petroleum as required by the MS-ESS3-1 standard."
MS-ESS3-084,Nemotron 3 Super 120b a12,1,"The answer correctly explains that groundwater distribution varies due to differences in permeable and impermeable underground layers formed by geoscience processes, which directly addresses the question."
MS-ESS3-083,OSS 120b,1,"The answer correctly explains that historical hurricane tracks and strengths inform models and pattern recognition, improving forecasts of a new hurricane’s path and intensity."
MS-ESS3-083,Nemotron 3 Super 120b a12,1,"The answer correctly explains that historical hurricane track and strength data, combined with current atmospheric conditions, improve predictive computer models of storm movement, fulfilling the standard's focus on analyzing natural‑hazard data to forecast future events."
MS-ESS3-084,OSS 120b,1,"The answer correctly explains that variation in rock types and aquifer presence, shaped by past geologic processes, leads to uneven groundwater distribution."
MS-ETS1-082,OSS 120b,1,"The answer correctly explains that constraints limit design options and force trade‑offs, making a truly perfect solution unattainable."
MS-ESS3-083,Gemini Flash 3,1,The answer accurately explains how historical data and atmospheric patterns are used in computer models to improve the accuracy of hurricane forecasting.
MS-ETS1-082,Nemotron 3 Super 120b a12,1,"The answer correctly explains that constraints limit design options and force trade-offs, which prevents a perfect solution."
MS-PS1-081,OSS 120b,1,"The answer correctly explains that 'comes from' refers to the natural source of raw materials used to synthesize the material, aligning with the standard."
MS-PS1-081,Nemotron 3 Super 120b a12,1,"The answer correctly and sufficiently explains that synthetic materials start from natural resources, which directly addresses the question."
MS-ESS3-084,Gemini Flash 3,1,"The answer accurately explains how geological variation and rock permeability, driven by geoscience processes, lead to the uneven distribution of groundwater as required by MS-ESS3-1."
MS-PS1-082,OSS 120b,1,"The answer correctly states there are 9 atoms in total, consisting of 6 hydrogen and 3 oxygen atoms, fully addressing the question."
MS-PS1-082,Nemotron 3 Super 120b a12,1,"The reference answer correctly calculates 9 total atoms (6 H, 3 O) for three water molecules and fully addresses the question about atomic composition."
MS-ETS1-082,Gemini Flash 3,1,"The answer accurately defines constraints and correctly explains that they necessitate trade-offs, which prevents a single 'perfect' solution in the engineering design process."
MS-PS2-090,OSS 120b,1,"The answer correctly states that magnetic force strength diminishes as the distance between the magnets increases, directly addressing the question."
MS-PS1-081,Gemini Flash 3,1,"The answer accurately explains that synthetic materials originate from natural substances transformed through chemical reactions, which is the core concept of the standard."
MS-PS2-091,Nemotron 3 Super 120b a12,1,"The answer correctly applies Newton's Third Law by noting that equal and opposite forces act on both cars, causing both to change motion, which fully addresses the question."
MS-PS2-091,OSS 120b,1,"The answer correctly applies Newton's Third Law, explaining that equal opposite forces act on both cars, causing both to move."
MS-PS2-090,Nemotron 3 Super 120b a12,1,"The answer correctly states that magnetic force decreases with increasing distance, which aligns with the standard's focus on identifying factors affecting force strength."
MS-PS1-082,Gemini Flash 3,1,The answer correctly identifies the total count and specific types of atoms in three water molecules by applying the chemical formula H₂O.
MS-PS2-090,Gemini Flash 3,1,"The answer accurately describes the inverse relationship between distance and magnetic force strength, which is a core concept required by the standard."
MS-PS2-092,OSS 120b,1,"The answer correctly explains that the pin exerted an equal and opposite force on the ball, causing it to slow down, which aligns with Newton's Third Law."
MS-PS3-086,OSS 120b,1,The answer accurately defines R-value as a measure of resistance to heat flow and correctly explains its significance for insulation performance.
MS-PS2-092,Nemotron 3 Super 120b a12,1,"The answer correctly explains that the pin exerts an equal and opposite force on the ball, which accounts for the ball's slowing down and aligns with Newton's Third Law as required by MS-PS2-1."
MS-PS3-086,Nemotron 3 Super 120b a12,1,"The answer correctly defines R-value as resistance to thermal flow and explains that a higher value indicates better insulation, which is accurate and sufficient for the benchmark."
MS-PS3-087,OSS 120b,1,"The answer correctly states that a solar collector is meant to maximize thermal energy transfer by absorbing solar radiation and converting it to usable heat, aligning with the standard."
MS-PS3-087,Nemotron 3 Super 120b a12,1,"The answer correctly states that a solar collector is designed to maximize thermal energy transfer by absorbing solar radiation and converting it to heat, which aligns with MS-PS3-3."
MS-PS2-091,Gemini Flash 3,1,"The answer correctly applies Newton's Third Law by explaining that equal and opposite forces act on both objects, causing each to change its motion."
MS-PS2-092,Gemini Flash 3,1,"The answer accurately applies Newton's Third Law by stating that the pin exerts an equal and opposite force on the bowling ball, explaining why the ball slows down during the collision."
MS-PS3-086,Gemini Flash 3,1,"The answer accurately defines R-value as thermal resistance and correctly explains that a higher value indicates better insulation, which is directly relevant to the MS-PS3-3 standard."
MS-PS3-087,Gemini Flash 3,1,The answer accurately describes the purpose of a solar collector in the context of maximizing thermal energy transfer as required by the MS-PS3-3 standard.
MS-PS3-088,OSS 120b,1,"The answer correctly explains that kinetic energy depends on speed, giving the moving car non‑zero KE and the parked car zero KE, which fully addresses the question."
MS-PS4-082,Nemotron 3 Super 120b a12,1,"The answer correctly defines noise as unwanted interference that can distort signals, which aligns with the standard’s focus on signal reliability."
MS-PS4-082,OSS 120b,1,"The answer accurately defines noise as unwanted interference that can distort or corrupt a transmitted signal, which correctly addresses the question."
MS-PS3-088,Gemini Flash 3,1,"The answer correctly identifies that kinetic energy is dependent on motion and speed, accurately explaining why a stationary object has zero kinetic energy compared to a moving one."
MS-PS3-088,Nemotron 3 Super 120b a12,1,"The answer correctly states that kinetic energy depends on speed, so a moving car (non‑zero speed) has KE > 0 while a parked car (zero speed) has KE = 0, which adequately explains the difference for equal masses."
MS-PS4-083,OSS 120b,1,"The answer correctly explains that a calm, smooth water surface produces specular (mirror-like) reflection of light, which accounts for the clear image of trees and sky, meeting the standard."
MS-PS4-083,Nemotron 3 Super 120b a12,1,"The answer correctly explains that a smooth, calm lake surface produces specular reflection of light waves, which creates a clear mirror‑like image, satisfying the standard's focus on wave reflection."
MS-PS4-084,OSS 120b,1,"The answer correctly identifies that glass both transmits and reflects light, matching the expected explanation of wave behavior for the standard."
MS-PS4-082,Gemini Flash 3,1,"The answer accurately defines noise as unwanted interference that distorts a signal, which is a foundational concept for comparing the reliability of analog and digital signals under the MS-PS4-3 standard."
MS-PS4-083,Gemini Flash 3,1,"The answer correctly identifies that a smooth surface allows for specular reflection, where light reflects in an organized pattern to create a clear image, which directly satisfies the requirements of standard MS-PS4-2."
MS-LS2-084,OSS 120b,1,"The answer correctly defines a biotic factor as any living component of an ecosystem and gives appropriate examples, meeting the standard."
MS-PS4-084,Nemotron 3 Super 120b a12,1,"The reference answer correctly identifies that the glass both transmits and reflects light, matching the observation and the standard's focus on reflection and transmission."
MS-LS2-085,OSS 120b,1,"The answer correctly defines matter as the physical substances that cycle through an ecosystem and gives appropriate examples, meeting the standard."
MS-PS4-084,Gemini Flash 3,1,"The answer accurately identifies and defines the wave behaviors of transmission and reflection as observed in the scenario, aligning perfectly with the MS-PS4-2 standard."
MS-LS2-084,Nemotron 3 Super 120b a12,1,"The answer correctly defines a biotic factor as any living part of an ecosystem and gives suitable examples, which is sufficient for a middle‑school understanding of MS‑LS2‑3."
MS-LS2-084,Gemini Flash 3,1,The answer accurately defines biotic factors as living components of an ecosystem and provides diverse examples suitable for the middle-school level.
MS-LS2-086,OSS 120b,1,"The answer correctly defines an energy pyramid as a diagram showing decreasing energy at successive trophic levels, which aligns with the standard."
MS-LS2-087,Nemotron 3 Super 120b a12,1,"The answer correctly identifies transpiration as the process by which plants release water vapor, accurately describing how water moves from roots to leaves and exits through stomata, which fully addresses the question."
MS-LS2-087,OSS 120b,1,"The answer correctly identifies transpiration as the process and accurately describes how water moves from roots to leaf pores, meeting the question and standard."
MS-LS2-086,Nemotron 3 Super 120b a12,1,"The answer accurately defines an energy pyramid as a diagram showing decreasing energy from producers to higher trophic levels, which is correct and sufficiently complete for the question."
MS-LS2-085,Nemotron 3 Super 120b a12,1,"The answer correctly defines matter as the physical substances that cycle through ecosystems, giving appropriate examples, which aligns with the standard's focus on matter cycling."
MS-LS2-085,Gemini Flash 3,1,"The answer accurately defines matter within an ecosystem context by focusing on its physical nature and its continuous cycling between living and nonliving components, which aligns perfectly with the MS-LS2-3 standard."
MS-LS2-088,OSS 120b,1,"The answer accurately explains that matter is reused by moving between organisms and the environment, matching the concept of matter cycling in ecosystems."
MS-LS2-088,Nemotron 3 Super 120b a12,1,"The answer correctly states that matter is recycled through repeated use between living and nonliving components, which accurately captures the concept of matter cycling in an ecosystem."
MS-LS2-086,Gemini Flash 3,1,"The answer accurately defines an energy pyramid and correctly describes the distribution of energy across trophic levels, aligning well with the energy flow requirements of MS-LS2-3."
MS-LS2-087,Gemini Flash 3,1,"The answer accurately identifies transpiration as the process and provides a clear, scientifically correct explanation of how it occurs."
MS-LS2-089,OSS 120b,1,"The answer correctly explains that limited food reduces survival and reproduction, causing population growth to stop or decline, matching the standard."
MS-LS2-089,Nemotron 3 Super 120b a12,1,"The answer correctly explains that limited food reduces energy available for survival and reproduction, causing population growth to stop, which aligns with the standard's focus on resource availability effects."
MS-LS2-090,OSS 120b,1,"The answer correctly explains that limited water reduces plant survival and reproduction, leading to a smaller, more scattered population, which aligns with the standard."
MS-LS2-089,Gemini Flash 3,1,"The answer accurately explains how limited resource availability affects individual survival and reproduction, which are the key factors determining population growth in an ecosystem."
MS-LS2-088,Gemini Flash 3,1,"The answer accurately describes the conservation and transfer of matter between biotic and abiotic components, which is the core concept of matter cycling in ecosystems."
MS-LS2-090,Gemini Flash 3,1,"The answer accurately explains how water availability limits individual survival and reproduction, which directly determines the size of the plant population in an ecosystem."
MS-LS3-077,Gemini Flash 3,1,"The answer accurately describes the mechanism by which gene mutations alter protein structure and function, which is the core requirement of the MS-LS3-1 standard."
MS-LS3-077,OSS 120b,1,"The answer correctly states that a gene mutation can alter the protein's amino‑acid sequence, potentially changing its shape and function, directly answering the question."
MS-LS2-090,Nemotron 3 Super 120b a12,1,"The answer correctly explains that water scarcity limits plant survival and reproduction, leading to a smaller desert plant population, which directly addresses how resource availability affects population size as required by the standard."
MS-LS3-078,OSS 120b,1,"The answer correctly defines a genetic disorder as a condition resulting from DNA or chromosomal mutations, which aligns with the standard's focus on gene changes affecting the organism."
MS-LS3-078,Nemotron 3 Super 120b a12,1,"The answer correctly defines a genetic disorder as a disease or condition resulting from a mutation or abnormality in DNA or chromosomes, which aligns with the standard's focus on how such changes can affect proteins and organism function."
MS-LS3-079,Nemotron 3 Super 120b a12,1,"The answer correctly states that strawberry runners are a form of asexual reproduction, producing offspring with an exact copy of the parent's DNA, which explains why they look identical."
MS-LS3-078,Gemini Flash 3,1,"The answer accurately defines a genetic disorder in the context of mutations and chromosomal abnormalities, aligning with the standard's focus on structural changes to genes and their harmful effects."
MS-LS3-079,Gemini Flash 3,1,"The answer correctly identifies runners as asexual reproduction and explains that this process results in identical genetic information and traits, accurately fulfilling the requirements of the standard."
MS-LS3-079,OSS 120b,1,"The answer correctly states that runners are asexual, producing genetically identical offspring, which explains the identical appearance."
MS-LS3-080,OSS 120b,1,The answer correctly uses the card‑shuffling analogy to explain random allele mixing and resulting genetic variation in offspring.
MS-LS3-077,Nemotron 3 Super 120b a12,1,"The answer correctly states that a mutation can change the amino‑acid sequence of a protein, thereby potentially altering its shape and function, which fully addresses the question and aligns with MS‑LS3-1."
MS-LS3-080,Gemini Flash 3,1,The answer accurately explains how sexual reproduction creates genetic variation by comparing the random combination of alleles from two parents to the unpredictable outcome of shuffling a deck of cards.
MS-LS4-072,Nemotron 3 Super 120b a12,1,"The answer correctly explains that shared embryo structures indicate common ancestry and closer evolutionary relationship, which aligns with the standard's focus on using embryological similarities to infer evolutionary relationships."
MS-LS4-072,Gemini Flash 3,1,"The answer accurately states that shared embryonic structures indicate common ancestry and evolutionary relationships, which is the core concept of standard MS-LS4-3."
MS-LS4-073,Nemotron 3 Super 120b a12,1,"The answer correctly defines trait frequency as how often a trait appears in a population and notes it can be expressed as a fraction or percentage, which satisfies the standard."
MS-LS4-071,OSS 120b,1,"The answer correctly defines gill slits/pharyngeal pouches as embryonic throat openings present in vertebrates, noting they appear even in species without adult gills, which aligns with the question."
MS-LS4-073,OSS 120b,1,"The answer accurately defines frequency as the proportion of individuals with a trait, expressed as a fraction or percentage, which is appropriate for the standard."
MS-LS4-071,Nemotron 3 Super 120b a12,1,"The answer accurately describes gill slits as embryonic throat openings/folds present in vertebrate embryos, even in non‑gill‑breathing adults, correctly addressing the embryological similarity concept."
MS-LS4-072,OSS 120b,1,"The answer correctly explains that similar embryonic structures indicate common ancestry and closer evolutionary relationship, aligning with the standard."
MS-LS4-074,Nemotron 3 Super 120b a12,1,"The answer correctly defines selective advantage as a trait that improves survival and reproduction, making it more likely to increase in the population, which satisfies MS-LS4-6."
MS-LS3-080,Nemotron 3 Super 120b a12,1,"The answer correctly compares sexual reproduction to shuffling a deck of cards by explaining that random combination of alleles from two parents creates unique genetic combinations in offspring, illustrating how sexual reproduction generates genetic variation as required by the standard."
MS-LS4-073,Gemini Flash 3,1,"The answer accurately defines trait frequency using mathematical terms like percentage and fraction, which is essential for understanding the population shifts described in MS-LS4-6."
MS-LS4-074,OSS 120b,1,"The answer correctly defines a selective advantage as a trait that improves survival and reproduction, leading to increased frequency in the population."
MS-LS4-076,OSS 120b,1,"The answer correctly explains that hard parts resist decay and fossilize more readily, while soft bodies decompose quickly, accounting for the bias in the fossil record."
MS-LS4-071,Gemini Flash 3,1,"The answer accurately defines the structures and notes their presence across diverse species regardless of adult anatomy, which is essential for understanding the evolutionary relationships described in standard MS-LS4-3."
MS-LS4-074,Gemini Flash 3,1,The answer accurately defines selective advantage by connecting individual survival and reproductive success to the resulting increase in trait frequency within a population over time.
MS-LS4-075,OSS 120b,1,"The answer correctly explains that identical organisms lived widely and were buried by the same natural processes, resulting in their fossils appearing in contemporaneous rock layers worldwide."
MS-LS4-076,Nemotron 3 Super 120b a12,1,"The answer correctly explains that hard parts resist decay and are more likely to fossilize, while soft tissues decompose quickly, leading to the observed fossil bias."
MS-LS4-075,Nemotron 3 Super 120b a12,1,"The answer correctly explains that uniform natural laws and the organism's wide geographic distribution lead to similar fossils being found in comparable rock layers worldwide, which aligns with the standard's emphasis on interpreting fossil patterns."
MS-LS4-077,OSS 120b,1,The answer correctly explains using the principle of superposition—older deeper layers and newer upper layers—to determine the relative order of life forms via their fossils.
MS-LS4-076,Gemini Flash 3,1,"The answer accurately explains the preservation bias in the fossil record based on the physical properties of hard versus soft tissues, which is a core concept for interpreting patterns in fossil data as required by the standard."
MS-LS4-078,OSS 120b,1,"The answer correctly explains that the shared bone arrangement is due to homology from a common ancestor, aligning with the evolutionary explanation required."
MS-LS4-077,Nemotron 3 Super 120b a12,1,"The answer correctly explains the principle of superposition and how fossil succession in rock layers reveals the relative order of life forms, which fully addresses the question and aligns with the standard."
MS-LS4-078,Nemotron 3 Super 120b a12,1,"The answer correctly explains the similar bone arrangement as homology from a common ancestor, invoking natural selection to account for differences, which fully addresses the evolutionary‑relationship explanation required by MS-LS4-2."
MS-LS4-079,OSS 120b,1,"The answer correctly explains similarity by recent common ancestry, aligning with LS4-2 expectations."
MS-LS4-075,Gemini Flash 3,1,"The answer accurately addresses the principle of uniformitarianism and the widespread distribution of species, which are central to the MS-LS4-1 standard's focus on interpreting the fossil record."
MS-LS4-078,Gemini Flash 3,1,"The answer correctly identifies homology and common ancestry as the reason for anatomical similarities, which directly addresses the core requirement of MS-LS4-2."
MS-LS4-077,Gemini Flash 3,1,"The answer accurately explains the law of superposition and its application to relative dating of fossils, which is a core concept for standard MS-LS4-1."
MS-LS4-079,Nemotron 3 Super 120b a12,1,"The answer correctly explains that shared ancestry leads to anatomical similarity, which aligns with the standard's expectation to infer evolutionary relationships from anatomical similarities."
MS-LS4-080,Nemotron 3 Super 120b a12,1,"The answer correctly cites transitional fossils like Tiktaalik with anatomical features linking fish fins to tetrapod limbs, providing evidence for common ancestry."
MS-LS4-080,OSS 120b,1,"The answer correctly explains that anatomical similarities in transitional fossils like Tiktaalik link tetrapods to ancient fish, meeting the standard."
MS-LS4-079,Gemini Flash 3,1,The answer accurately identifies common ancestry as the cause of anatomical similarities and correctly explains how these similarities are used to infer evolutionary relationships as required by the standard.
MS-ESS1-092,OSS 120b,1,"The answer correctly explains that a solar eclipse is caused by the Moon passing directly between Earth and the Sun, blocking sunlight and casting a shadow on Earth, matching the standard's expectations."
MS-ESS1-093,OSS 120b,1,"The answer correctly identifies the summer solstice as the point when the Northern Hemisphere is tilted most toward the Sun, providing sufficient detail."
MS-ESS1-092,Nemotron 3 Super 120b a12,1,"The answer correctly describes that a solar eclipse occurs when the Moon passes between Earth and the Sun, blocking sunlight and casting a shadow on Earth."
MS-ESS1-093,Nemotron 3 Super 120b a12,1,The reference answer correctly identifies the term as the summer solstice and provides accurate supporting details about timing and daylight.
MS-LS4-080,Gemini Flash 3,1,"The answer accurately uses anatomical evidence from transitional fossils to explain the evolutionary relationship between fish and tetrapods, aligning perfectly with the MS-LS4-2 standard."
MS-ESS1-094,OSS 120b,1,"The answer correctly explains that greater orbital distance and weaker solar gravity lead to larger paths and slower speeds, causing longer orbital periods."
MS-ESS1-092,Gemini Flash 3,1,"The answer accurately describes the alignment of the Earth, Sun, and Moon and the resulting shadow, which is the core mechanism of a solar eclipse as required by the standard."
MS-ESS1-094,Nemotron 3 Super 120b a12,1,"The answer correctly explains that outer planets have larger orbital paths and move more slowly due to weaker solar gravity, which accounts for their longer orbital periods."
MS-ESS1-093,Gemini Flash 3,1,The answer accurately identifies the summer solstice as the point of maximum tilt toward the Sun and provides relevant details about its timing and effect on daylight.
MS-ESS2-088,Nemotron 3 Super 120b a12,1,"The answer correctly defines a topographic map and mentions contour lines showing elevation and landforms, which is appropriate for a middle-school explanation."
MS-ESS2-089,OSS 120b,1,"The answer correctly identifies condensation as the process where water vapor cools and becomes liquid droplets forming clouds, matching the question."
MS-ESS2-088,OSS 120b,1,The answer accurately defines a topographic map by describing its use of contour lines to depict elevation and landforms.
MS-ESS2-089,Nemotron 3 Super 120b a12,1,"The answer correctly identifies condensation as the process and accurately describes how water vapor cools to form liquid droplets that make clouds, fully addressing the question."
MS-ESS3-085,OSS 120b,1,The answer correctly identifies infiltration as the process that moves surface water down to recharge aquifers.
MS-ESS3-085,Nemotron 3 Super 120b a12,1,"The answer correctly identifies infiltration as the process moving surface water into the ground to recharge aquifers, providing a sufficient explanation for the question."
MS-ESS2-088,Gemini Flash 3,1,"The definition accurately describes a topographic map's use of contour lines to represent elevation and terrain, providing a foundational tool for studying surface changes as required by the standard."
MS-ESS1-094,Gemini Flash 3,1,The answer accurately explains the two physical factors—larger orbital circumference and slower orbital velocity due to reduced gravitational force—that result in longer orbital periods for the outer planets.
MS-ESS2-089,Gemini Flash 3,1,The answer correctly identifies condensation and provides a scientifically accurate explanation of the phase change and energy loss involved in cloud formation.
MS-ESS3-086,Nemotron 3 Super 120b a12,1,"The answer correctly explains that tsunami early warning systems detect seismic activity, provide timely alerts, and allow evacuation, directly reducing injuries and deaths."
MS-ESS3-086,OSS 120b,1,"The answer accurately explains that early warning systems detect tsunamis and provide timely alerts, allowing evacuation and thus reducing injuries, fully addressing the question."
MS-PS1-083,OSS 120b,1,"The answer correctly explains that lines or sticks in a molecular model represent bonds, indicating which atoms are connected."
MS-ESS3-085,Gemini Flash 3,1,"The answer correctly identifies and describes infiltration as the process by which water enters the ground to recharge aquifers, which is a key geoscience process related to the distribution of groundwater."
MS-PS1-083,Nemotron 3 Super 120b a12,1,"The answer correctly explains that lines or sticks in molecular models represent bonds, directly showing which atoms are bonded, which fulfills the question's requirement."
MS-ESS3-086,Gemini Flash 3,1,"The answer accurately explains how the technology functions to detect hazards and provides the specific mitigation action (evacuation) that reduces human impact, aligning with the standard."
MS-PS1-084,OSS 120b,1,"The answer correctly explains that water is a discrete molecule with three atoms, while salt forms an extended crystal lattice of repeating ions, showing why their models differ."
MS-PS4-085,OSS 120b,1,"The answer correctly explains that foam and carpet absorb sound energy, reducing reflections and echoes, unlike concrete which reflects sound."
MS-PS4-085,Nemotron 3 Super 120b a12,1,"The answer correctly explains that soft, porous materials absorb sound energy (reducing reflections and echoes) while hard surfaces like concrete reflect most sound, which aligns with the standard's focus on wave reflection, absorption, and transmission."
MS-PS1-084,Nemotron 3 Super 120b a12,1,"The answer correctly distinguishes water as a discrete molecule from NaCl as an ionic crystal lattice, meeting the standard's requirement to model simple molecules vs extended structures."
MS-PS4-086,OSS 120b,1,"The answer correctly explains that glass transmits visible light, allowing light from the fish to reach the observer, which aligns with the concept of wave transmission."
MS-PS1-084,Gemini Flash 3,1,"The answer accurately distinguishes between a simple molecule and an extended structure by explaining the difference between discrete units and repeating crystal lattices, which aligns perfectly with MS-PS1-1."
MS-PS1-083,Gemini Flash 3,1,"The answer accurately describes the standard convention of using lines or sticks to represent chemical bonds in molecular models, which is a fundamental aspect of modeling atomic composition at the middle-school level."
MS-PS4-086,Nemotron 3 Super 120b a12,1,"The answer correctly explains that glass transmits visible light, allowing light from the fish to reach the observer, which aligns with the standard about wave transmission through materials."
MS-LS1-089,OSS 120b,1,"The answer accurately defines the integumentary system and mentions its main components and key functions, meeting the standard."
MS-PS4-085,Gemini Flash 3,1,"The answer accurately explains how material properties lead to absorption versus reflection of sound waves, which directly aligns with the MS-PS4-2 standard."
MS-PS4-086,Gemini Flash 3,1,"The answer accurately explains visibility using the concepts of transmission, reflection, and absorption as required by the standard."
MS-LS1-090,OSS 120b,1,"The answer accurately defines the endocrine system as hormone-producing glands that regulate body processes, which is appropriate and sufficient for the question."
MS-LS1-090,Nemotron 3 Super 120b a12,1,"The answer accurately defines the endocrine system as glands that secrete hormones to regulate key body processes, aligning with the subsystems-of-cells concept."
MS-LS2-091,OSS 120b,1,"The answer correctly explains that limited water impairs photosynthesis and growth, leading to smaller or fewer plants, which aligns with the standard."
MS-LS1-089,Nemotron 3 Super 120b a12,0,"While the answer correctly identifies the integumentary system's components and functions, it does not mention that it is composed of groups of cells or how it interacts with other subsystems, which is required by MS-LS1-3."
MS-LS1-089,Gemini Flash 3,1,"The answer accurately identifies the major components and primary functions of the integumentary system, which is a necessary foundational concept for understanding the body as a system of interacting subsystems."
MS-LS2-091,Gemini Flash 3,1,"The answer accurately explains the biological necessity of water for individual plants and the subsequent impact on the overall population size, directly addressing the core requirements of MS-LS2-1."
MS-LS1-090,Gemini Flash 3,1,"The answer accurately defines the endocrine system and its function, identifying it as a group of glands that work together as a subsystem to regulate body processes."
MS-LS3-081,OSS 120b,1,"The answer correctly identifies the term as the DNA (nucleotide) sequence, which directly addresses the question."
MS-LS2-091,Nemotron 3 Super 120b a12,1,"The answer correctly explains that limited water impairs photosynthesis and growth, leading to poorer plant survival and reduced numbers and sizes, directly addressing the effect of resource availability on organisms in an ecosystem."
MS-LS3-082,Nemotron 3 Super 120b a12,1,The answer correctly identifies the term for all DNA in an organism's cells as the genome and provides appropriate additional detail.
MS-LS3-082,OSS 120b,1,The answer correctly identifies 'genome' as the term for all DNA in an organism's cells and provides an accurate definition.
MS-LS3-081,Nemotron 3 Super 120b a12,1,"The answer correctly identifies the term for the specific order of DNA bases in a gene as the DNA sequence and adds accurate, relevant information without error."
MS-LS3-081,Gemini Flash 3,1,"The answer correctly identifies 'DNA sequence' as the term for the order of bases and accurately links it to protein production, which is a foundational concept for standard MS-LS3-1."
MS-LS3-083,OSS 120b,1,"The answer correctly explains that each gamete contributes a half set of chromosomes, and their random combination during fertilization creates genetic variation."
MS-LS3-084,OSS 120b,1,"The answer correctly explains that each parent carries two alleles and can pass a hidden differing allele, resulting in a child with a different hair color."
MS-LS3-083,Nemotron 3 Super 120b a12,1,"The answer correctly explains that haploid egg and sperm cells each contribute half the chromosomes, and their fusion creates a unique chromosome combination, which captures the main source of genetic variation in sexual reproduction appropriate for MS-LS3-2."
MS-LS4-081,Nemotron 3 Super 120b a12,1,"The reference answer correctly states that many vertebrate embryos develop an early tail structure (post‑anal tail) that later regresses, which directly answers the question and aligns with the standard."
MS-LS3-083,Gemini Flash 3,1,"The answer accurately explains that gametes contain half the genetic information and combine during fertilization to create a unique genetic profile, which meets the middle-school requirement for explaining genetic variation in sexual reproduction."
MS-LS3-082,Gemini Flash 3,1,"The reference answer accurately identifies the term 'genome' and provides a correct definition, which is a foundational concept for understanding the structure of genes and chromosomes as described in standard MS-LS3-1."
MS-LS3-084,Gemini Flash 3,1,The answer accurately describes the basic principles of Mendelian inheritance and how the combination of alleles from two parents during sexual reproduction leads to genetic variation.
MS-LS4-082,OSS 120b,1,"The answer correctly explains that anatomical and fossil evidence (feathered dinosaurs, hollow bones, wishbone, hip/ankle similarities) supports the evolutionary link between birds and dinosaurs."
MS-LS4-082,Nemotron 3 Super 120b a12,1,"The answer correctly cites anatomical evidence like feathered dinosaur fossils and shared skeletal traits, directly addressing why birds are related to dinosaurs."
MS-LS3-084,Nemotron 3 Super 120b a12,1,"The answer correctly explains that parents can be heterozygous for recessive hair‑color alleles, allowing a child to inherit two recessive alleles and show a different hair color, which illustrates genetic variation from sexual reproduction."
MS-ESS1-095,Nemotron 3 Super 120b a12,1,"The answer correctly states that roughly half a lunar cycle (≈14 days) after a full moon the Moon reaches the new moon phase, which aligns with the standard's focus on lunar phase cycles."
MS-LS4-083,Nemotron 3 Super 120b a12,1,"The answer correctly interprets the fossil pattern as evidence of trilobite extinction, aligning with MS-LS4-1."
MS-LS4-081,Gemini Flash 3,1,"The answer accurately identifies the embryonic tail structure and correctly explains its significance in providing evidence for common ancestry among vertebrates, which aligns with the learning goals of MS-LS4-3."
MS-LS4-083,OSS 120b,1,"The answer correctly explains that the absence of trilobite fossils in younger layers indicates their extinction, aligning with the expected interpretation of fossil record patterns."
MS-LS4-082,Gemini Flash 3,1,"The answer accurately identifies specific anatomical similarities between modern birds and fossil dinosaurs to explain their evolutionary relationship, directly fulfilling the requirements of the MS-LS4-2 standard."
MS-LS4-081,OSS 120b,1,The answer correctly identifies the embryonic tail that appears in many vertebrate embryos and explains its significance for shared ancestry.
MS-LS4-083,Gemini Flash 3,1,"The answer accurately applies the principle of superposition to conclude that the disappearance of a species in younger rock layers is evidence of extinction, which directly fulfills the requirements of the MS-LS4-1 standard."
MS-ESS2-090,Nemotron 3 Super 120b a12,1,The answer correctly identifies mass wasting (mass movement) as the term for slow downslope movement of rock and soil due to gravity and notes creep as a common slow form.
MS-ESS1-095,Gemini Flash 3,1,The answer correctly identifies the new moon as occurring approximately two weeks after a full moon and provides the correct scientific reasoning based on the lunar cycle length.
MS-ESS2-090,OSS 120b,1,"The answer correctly identifies the geologic term (mass wasting/mass movement) and notes the specific slow form (creep), fully addressing the question."
MS-ESS2-091,Gemini Flash 3,1,"The answer correctly identifies the landform and explains the process of deposition, which directly aligns with the geoscience processes described in standard MS-ESS2-2."
MS-ETS1-083,Nemotron 3 Super 120b a12,1,The answer accurately describes how size/weight constraints eliminate designs that exceed those limits and guides engineers to choose materials and configurations that meet the goal within the boundaries.
MS-ESS2-091,Nemotron 3 Super 120b a12,1,"The answer correctly identifies the landform as a delta and explains its formation by sediment deposition when river flow slows, which adequately addresses the question."
MS-ESS1-095,OSS 120b,1,The answer correctly identifies the new moon phase as occurring about two weeks after a full moon and provides appropriate reasoning.
MS-ESS2-090,Gemini Flash 3,1,"The answer accurately identifies both the general term for gravity-driven movement and the specific slow form known as creep, which aligns with the geological processes described in the standard."
MS-PS1-085,Nemotron 3 Super 120b a12,1,"The answer correctly identifies petroleum (crude oil) as the primary raw material for most synthetic plastics, satisfying the standard."
MS-PS1-085,Gemini Flash 3,1,"The answer accurately identifies petroleum as the primary natural resource used for synthetic plastics, directly addressing the requirement of MS-PS1-3 to understand that synthetic materials originate from natural resources."
MS-PS1-085,OSS 120b,1,The answer correctly identifies petroleum (crude oil) as the primary raw material used to make most synthetic plastics.
MS-PS1-086,Nemotron 3 Super 120b a12,1,"The answer correctly explains that atoms are held together by chemical bonds formed through sharing or transferring electrons, which aligns with the standard's focus on describing atomic composition in molecules."
MS-ETS1-083,Gemini Flash 3,1,"The answer accurately explains how physical constraints limit the field of possible solutions by setting non-negotiable boundaries, which is a core concept of standard MS-ETS1-1."
MS-PS1-086,OSS 120b,1,"The answer correctly explains that atoms bond by sharing or transferring electrons, forming chemical bonds that hold them together, which aligns with the standard."
MS-ETS1-083,OSS 120b,1,The answer correctly explains that size or weight constraints limit feasible designs and require engineers to choose appropriate materials and configurations to meet the goal within those limits.
MS-PS1-087,OSS 120b,1,"The answer correctly explains that models are useful because atoms are too small to see, and models aid visualization, communication, and prediction of behavior, satisfying the standard."
MS-ESS2-091,OSS 120b,1,"The answer correctly identifies the fan‑shaped sediment deposit as a delta and briefly explains its formation, fully addressing the question."
MS-PS1-087,Nemotron 3 Super 120b a12,1,"The answer correctly explains that molecular models visualize the arrangement of atoms, which are too small to see directly, fulfilling the purpose of modeling atomic composition for MS-PS1-1."
MS-PS1-088,Nemotron 3 Super 120b a12,1,"The answer correctly states that a substance’s unique combination of atom types and numbers (its chemical formula) identifies it, which directly addresses how atomic composition determines substance identity."
MS-PS1-088,OSS 120b,1,"The answer correctly explains that the specific types and numbers of atoms (the chemical formula) uniquely identify a substance, directly addressing how this knowledge lets us determine what the substance is."
MS-PS1-087,Gemini Flash 3,1,"The answer accurately explains how models facilitate visualization, communication, and prediction of atomic structures that are otherwise invisible, aligning well with the requirements of MS-PS1-1."
MS-PS2-093,OSS 120b,1,"The answer correctly states that magnetic force increases as the magnets are moved closer, fully addressing the question."
MS-PS2-093,Nemotron 3 Super 120b a12,1,"The answer correctly states that magnetic force increases as the distance between magnets decreases, which reflects the inverse‑square relationship governing magnetic force strength."
MS-PS4-087,OSS 120b,1,The answer correctly identifies the two binary values (0 and 1) and provides appropriate extra context.
MS-PS4-087,Nemotron 3 Super 120b a12,1,"The answer correctly states that binary uses 0 and 1, and adds optional interpretations, fully answering the question."
MS-PS2-093,Gemini Flash 3,1,"The answer accurately describes the inverse relationship between distance and magnetic force strength, which is a fundamental factor identified in the standard."
MS-PS4-088,OSS 120b,1,"The answer correctly explains that porous foam absorbs sound by trapping waves and converting energy to heat, reducing reflected waves and therefore echoes, matching the standard."
MS-PS4-088,Nemotron 3 Super 120b a12,1,"The answer correctly explains that porous foam absorbs sound energy by converting it to heat, reducing reflections and thus echoes, which aligns with the standard."
MS-PS4-089,Nemotron 3 Super 120b a12,1,"The answer correctly explains that varying reflection and transmission of ultrasound waves by different tissues allow detection of echoes to form images, aligning with the standard's focus on wave reflection, absorption, and transmission."
MS-PS1-086,Gemini Flash 3,1,"The answer accurately describes the roles of electron sharing and transfer in forming chemical bonds and identifies these bonds as the forces holding atoms together, which is appropriate for the MS-PS1-1 standard."
MS-PS4-087,Gemini Flash 3,1,"The answer correctly identifies 0 and 1 as the fundamental values of a binary system and provides accurate physical interpretations, which is essential for understanding the discrete nature of digital signals under standard MS-PS4-3."
MS-PS4-088,Gemini Flash 3,1,"The answer accurately explains the mechanism of absorption versus reflection in the context of material properties, which directly aligns with the requirements of standard MS-PS4-2."
MS-PS4-089,OSS 120b,1,"The answer correctly explains that varying reflection and transmission of ultrasound by different tissues allows detection of echoes to form images, aligning with the wave interaction model required."
MS-LS1-091,Nemotron 3 Super 120b a12,1,"The answer correctly describes the circulatory system's transport function and identifies the heart as its main organ, which aligns with the standard's expectation of explaining a body subsystem."
MS-PS4-090,OSS 120b,1,"The answer correctly explains that sound is transmitted through the door while absorption reduces its intensity, matching the target standard."
MS-LS1-091,OSS 120b,1,The answer accurately states the primary function of the circulatory system—transporting blood and essential substances throughout the body—and is sufficient for the standard.
MS-PS4-089,Gemini Flash 3,1,"The answer accurately explains how the differential reflection and transmission of waves through various body tissues allow for the creation of an image, directly addressing the core concepts of the standard."
MS-PS4-090,Nemotron 3 Super 120b a12,1,"The answer correctly explains that sound is transmitted through the door and partially absorbed, which accounts for hearing it and its reduced loudness, satisfying MS-PS4-2."
MS-LS1-092,OSS 120b,1,"The answer correctly states the primary function (oxygen intake and carbon dioxide removal) and identifies the lungs as the main organ, which sufficiently addresses the question."
MS-LS1-091,Gemini Flash 3,1,"The answer correctly identifies the primary transport functions and a key organ of the circulatory system, which is accurate and appropriate for the middle-school level."
MS-LS1-092,Nemotron 3 Super 120b a12,1,"The answer correctly states the respiratory system's function of gas exchange and identifies the lungs as the main organ, which is appropriate for middle-school level."
MS-LS1-093,Nemotron 3 Super 120b a12,1,"The answer correctly defines connective tissue, describes its functions, and provides appropriate examples suitable for a middle‑school science standard."
MS-LS1-093,OSS 120b,1,"The answer accurately defines connective tissue and provides correct examples, adequately addressing the question."
MS-PS4-090,Gemini Flash 3,1,"The answer correctly identifies transmission and absorption as the primary mechanisms for why sound can be heard through a door but at a lower volume, aligning with the requirements of standard MS-PS4-2."
MS-LS1-094,OSS 120b,1,"The answer correctly explains that the body consists of organ systems that interact and depend on one another, and provides a relevant example."
MS-LS1-094,Nemotron 3 Super 120b a12,1,"The answer correctly explains that the body consists of interacting organ systems that communicate and depend on each other, providing a relevant example that aligns with the standard."
MS-LS1-095,Nemotron 3 Super 120b a12,1,"The answer correctly explains that bright flower colors serve as visual signals to attract pollinators, linking this behavior to increased pollen transfer and reproductive success, which fully addresses the standard."
MS-LS1-095,OSS 120b,1,"The answer correctly explains that bright colors serve as visual signals attracting pollinators, leading to more visits and pollen transfer, which enhances reproductive success."
MS-LS1-093,Gemini Flash 3,1,The answer provides a scientifically accurate definition and includes appropriate examples that reflect the role of tissues in supporting and connecting body systems.
MS-LS1-095,Gemini Flash 3,1,"The answer accurately explains how a specialized plant structure (brightly colored flowers) facilitates pollination and increases the probability of successful reproduction, directly addressing the requirements of MS-LS1-4."
MS-LS2-092,Nemotron 3 Super 120b a12,1,"The answer correctly states the typical ~10% energy transfer between trophic levels and notes the loss as heat, which is accurate and sufficient for the middle‑school standard."
MS-LS2-092,OSS 120b,1,"The answer correctly states the widely accepted ~10% energy transfer efficiency between trophic levels, which fully addresses the question."
MS-LS1-092,Gemini Flash 3,1,"The answer correctly identifies the primary gas-exchange function and the main organ of the respiratory system, which are essential components of understanding how this subsystem functions within the body system."
MS-LS3-085,Nemotron 3 Super 120b a12,1,"The answer correctly lists the three possible mutation effects—harmful, beneficial, and neutral—aligning with the standard's focus on mutation outcomes."
MS-LS3-085,OSS 120b,1,"The answer correctly lists the three possible effects—harmful, beneficial, and neutral—fulfilling the standard."
MS-LS1-094,Gemini Flash 3,1,The answer accurately defines the body as a system of interacting organ systems and provides a clear example of how these subsystems depend on one another to maintain homeostasis.
MS-LS3-086,Nemotron 3 Super 120b a12,1,"The reference answer correctly states that most human body cells have 46 chromosomes, which directly answers the question."
MS-LS3-086,OSS 120b,1,"The answer correctly states that typical human somatic cells have 46 chromosomes (23 pairs), which directly answers the question."
MS-LS2-092,Gemini Flash 3,1,"The answer accurately reflects the 10% rule of energy transfer and correctly identifies that the majority of energy is lost as heat, which is a core concept of the MS-LS2-3 standard."
MS-LS3-087,OSS 120b,1,"The answer correctly explains that gene mutations can alter protein production, leading to changes in an organism's structure or function, aligning with the standard."
MS-LS3-085,Gemini Flash 3,1,"The answer accurately identifies the three types of effects (harmful, beneficial, and neutral) explicitly required by the standard MS-LS3-1."
MS-LS3-087,Nemotron 3 Super 120b a12,1,"The answer correctly explains that a gene mutation can alter protein production, which may change the organism's structure or function, aligning with the standard."
MS-LS3-088,OSS 120b,1,"The answer correctly explains that each gamete contributes a unique set of chromosomes, and their union creates a new genetic combination, providing genetic variation."
MS-LS3-088,Nemotron 3 Super 120b a12,1,"The answer correctly explains that haploid sperm and egg combine to form a diploid offspring with a novel chromosome combination from both parents, which captures the key cause of genetic variation in sexual reproduction appropriate for MS-LS3-2."
MS-LS3-087,Gemini Flash 3,1,"The answer correctly explains the causal link between gene mutations, protein production, and the resulting changes in an organism's structure and function as required by the MS-LS3-1 standard."
MS-PS1-088,Gemini Flash 3,1,"The answer correctly identifies that a substance's identity is determined by its specific atomic composition, which is the fundamental concept required by the MS-PS1-1 standard."
MS-LS4-084,Nemotron 3 Super 120b a12,1,"The answer accurately defines gill slits and correctly states they appear in embryos of all vertebrates, which fully addresses the question."
MS-LS3-088,Gemini Flash 3,1,The answer accurately explains that sexual reproduction creates variation by combining half the chromosomes from two different parents to form a unique genetic combination in the offspring.
MS-LS4-084,OSS 120b,1,"The answer correctly defines gill slits as embryonic throat openings and identifies that they are found in vertebrate embryos, which matches the expected answer."
MS-LS4-084,Gemini Flash 3,1,"The answer accurately defines gill slits and correctly identifies their presence across all vertebrate embryos, which is a fundamental observation used to satisfy the standard's requirement of identifying relationships through embryological patterns."
MS-LS4-085,Nemotron 3 Super 120b a12,1,"The answer correctly identifies the transient embryonic tail as a vestigial structure, which aligns with the concept of evolutionary remnants evident in embryology."
MS-LS4-086,OSS 120b,1,"The answer correctly explains that white-furred mice have a survival advantage in a snowy environment due to camouflage, aligning with the concept of natural selection."
MS-LS4-086,Nemotron 3 Super 120b a12,1,"The answer correctly explains that white fur provides camouflage in snow, increasing survival and reproductive success relative to brown fur."
MS-LS4-085,OSS 120b,1,"The answer correctly identifies the embryonic tail as a vestigial structure, which aligns with the expected term for a temporary tail-like projection that regresses before birth."
MS-ESS1-096,Nemotron 3 Super 120b a12,1,"The answer correctly names the phase as a new moon and explains that its illuminated side faces away from Earth, making it invisible."
MS-ESS1-096,OSS 120b,1,"The answer correctly identifies the phase as a new moon and explains that it occurs when the Moon is between Earth and the Sun, making its illuminated side face away from Earth."
MS-ESS1-097,Nemotron 3 Super 120b a12,1,"The answer correctly defines revolution and provides Earth's orbital period, aligning with the standard."
MS-LS4-086,Gemini Flash 3,1,"The answer accurately identifies the advantageous trait for the environment and explains how it leads to increased survival and reproductive success, fulfilling the requirements of the standard."
MS-ESS1-097,OSS 120b,1,"The answer accurately defines 'revolution' as Earth's orbital motion around the Sun and provides the relevant timeframe, fully addressing the question."
MS-ESS1-096,Gemini Flash 3,1,"The answer accurately identifies the new moon phase and correctly describes the spatial arrangement of the Earth, Moon, and Sun that causes this phase, which directly supports the MS-ESS1-1 standard."
MS-ESS2-092,OSS 120b,1,The answer correctly distinguishes slow (millions of years) and rapid (minutes to days) geologic processes and provides appropriate examples.
MS-ESS2-092,Nemotron 3 Super 120b a12,1,"The answer correctly distinguishes slow vs rapid geoscience processes by timescale and gives appropriate examples, meeting the standard."
MS-ESS1-097,Gemini Flash 3,1,"The answer accurately defines revolution as the orbital motion of Earth around the Sun and correctly states the duration of this cycle, which is essential for understanding the seasonal patterns required by the standard."
MS-LS3-086,Gemini Flash 3,0,"While factually correct, the question and answer do not address the core requirements of standard MS-LS3-1, which focuses on the relationship between gene mutations, protein structure, and the resulting effects on an organism's function."
MS-ESS2-093,OSS 120b,1,"The answer correctly explains that solar heating causes evaporation and that the resulting less‑dense water vapor rises, addressing the key processes of the water cycle."
MS-ESS2-093,Nemotron 3 Super 120b a12,1,"The reference answer correctly explains that solar energy causes evaporation and the resulting water vapor is less dense than air, so it rises, which adequately answers the question for the standard."
MS-ESS2-092,Gemini Flash 3,1,The answer accurately distinguishes between geoscience processes based on their timescales and provide correct examples for both slow and rapid changes as required by the standard.
MS-ESS2-094,OSS 120b,1,"The answer correctly explains that low-pressure systems cause rising, cooling air, cloud formation, and likely precipitation, justifying the recommendation to bring an umbrella."
MS-ESS2-094,Gemini Flash 3,1,"The reference answer correctly identifies that low-pressure systems lead to rising air and precipitation, which directly addresses the standard's requirement to explain weather changes resulting from air mass movements."
MS-ESS3-087,Nemotron 3 Super 120b a12,1,"The answer correctly explains that mineral resources are unevenly distributed because they form only under specific, localized geological conditions such as temperature, pressure, and chemical environment."
MS-ESS2-094,Nemotron 3 Super 120b a12,1,"The answer correctly explains that low-pressure systems cause air to rise, cool, form clouds, and increase precipitation likelihood, justifying bringing an umbrella."
MS-ESS3-087,OSS 120b,1,The answer correctly explains that mineral resources are uneven because they require specific geological conditions that only exist in certain locations.
MS-ESS3-088,Nemotron 3 Super 120b a12,1,"The answer accurately defines geothermal resources and mentions their sources and uses, which correctly answers the question."
MS-ESS3-087,Gemini Flash 3,1,"The answer correctly identifies that specific geological conditions, which result from geoscience processes, occur only in certain locations, leading to the uneven distribution of minerals."
MS-ESS3-088,Gemini Flash 3,1,The answer accurately defines the resource and links its location to the geological processes required by the standard MS-ESS3-1.
MS-ESS3-089,OSS 120b,1,"The answer correctly defines erosion and explains how it can uncover mineral deposits by removing overlying materials, adequately addressing the question."
MS-LS4-085,Gemini Flash 3,1,"The answer correctly identifies the tail as a vestigial structure in an evolutionary context, which is a key concept for identifying relationships across species as required by standard MS-LS4-3."
MS-ESS2-093,Gemini Flash 3,1,"The answer correctly identifies solar energy as the driver of evaporation and explains the physical mechanism of water vapor rising into the atmosphere, which aligns with the requirements of MS-ESS2-4."
MS-ESS3-090,Nemotron 3 Super 120b a12,1,"The answer correctly explains that tsunamis travel rapidly, making visual detection insufficient, and that ocean‑floor sensors provide advance notice allowing evacuation."
MS-ESS3-090,OSS 120b,1,"The answer correctly explains that tsunamis move too fast to be seen in time and that sensor-based early warnings provide advance notice for evacuation, directly addressing why technology saves more lives than simply watching the ocean."
MS-ESS3-089,Nemotron 3 Super 120b a12,1,"The answer accurately defines erosion and explains how it removes overlying material to expose mineral deposits, which correctly addresses the question and aligns with the standard's focus on geoscience processes influencing resource distribution."
MS-ESS3-090,Gemini Flash 3,1,The answer accurately explains that the speed of tsunamis makes visual detection insufficient and describes how sensor technology provides critical lead time for evacuation as required by the standard.
MS-ESS3-088,OSS 120b,1,"The answer accurately defines a geothermal resource as Earth's internal heat, notes its typical geological settings, and mentions its practical uses."
MS-ESS3-089,Gemini Flash 3,1,"The answer accurately defines erosion and explains the mechanism by which it reveals subsurface mineral resources, directly addressing the geoscience processes mentioned in the standard."
MS-ETS1-084,OSS 120b,1,"The answer correctly explains that constraints define limits such as budget, materials, and size, ensuring designs are feasible and usable."
MS-LS1-096,Nemotron 3 Super 120b a12,1,"The answer correctly states that the cell is the smallest unit of life and explains that all living organisms are made of one or more cells, fully addressing the question."
MS-ETS1-084,Gemini Flash 3,1,"The answer accurately defines constraints as limiting factors and explains their necessity for creating practical, real-world solutions, which aligns with the requirements of MS-ETS1-1."
MS-ETS1-084,Nemotron 3 Super 120b a12,1,"The answer correctly states that constraints set essential limits (budget, materials, size) ensuring designs are buildable and usable, which aligns with the standard's focus on defining constraints for successful solutions."
MS-LS1-096,Gemini Flash 3,1,"The answer accurately identifies the cell as the smallest unit of life, which is the foundational building block for the multicellular systems described in standard MS-LS1-3."
MS-LS3-089,Nemotron 3 Super 120b a12,1,"The answer correctly explains that two parents contribute different alleles whose random combinations generate genetic variation over generations, directly addressing how two parents increase variety."
MS-LS3-089,OSS 120b,1,"The answer correctly explains that each parent contributes different alleles and that random combinations of these alleles produce genetic variation, aligning with the LS3-2 standard."
MS-LS2-093,Gemini Flash 3,1,"The reference answer accurately states the 10% rule of energy transfer and explains that the rest is lost as heat, which directly addresses the energy flow component of the standard."
MS-LS1-096,OSS 120b,1,"The answer correctly identifies the cell as the smallest unit of life and states that all organisms are composed of cells, which directly answers the question."
MS-LS3-089,Gemini Flash 3,1,"The answer accurately explains that sexual reproduction increases genetic variation through the combination of different alleles from two parents, which directly aligns with the requirements of MS-LS3-2."
MS-LS4-087,OSS 120b,1,"The answer correctly explains that the finger-like bones are vestigial remnants from terrestrial ancestors, linking anatomical similarity to evolutionary history, which fulfills the standard."
MS-LS2-093,OSS 120b,1,"The answer correctly states the approximate 10% energy transfer efficiency between trophic levels, which fully addresses the question."
MS-LS4-087,Nemotron 3 Super 120b a12,1,"The answer correctly explains the tiny finger‑like bones as vestigial remnants from land‑dwelling ancestors, showing common evolutionary history as required by MS‑LS4-2."
MS-ESS2-095,Nemotron 3 Super 120b a12,1,"The answer correctly names the process as deposition and explains that it happens when the transporting agent slows down, which fully answers the question."
MS-ESS2-095,OSS 120b,1,"The answer correctly identifies deposition as the process of sediment being dropped and accumulating, providing a brief explanation that matches the question."
MS-LS2-093,Nemotron 3 Super 120b a12,1,"The answer accurately states the typical 10% energy transfer efficiency between trophic levels, correctly addressing the question."
MS-ESS2-096,OSS 120b,1,"The answer correctly identifies the coastal city as having milder, more stable temperatures and explains it by the moderating effect of ocean heat redistribution, addressing the core concept."
MS-ESS3-091,OSS 120b,1,"The answer correctly explains that past earthquake records reveal patterns along fault lines and stress buildup, allowing scientists to identify high‑risk zones for future events."
MS-ESS2-095,Gemini Flash 3,1,"The answer accurately identifies deposition and provides a clear, scientifically correct explanation of the process that aligns with middle-school geoscience standards."
MS-ESS3-091,Nemotron 3 Super 120b a12,1,"The answer correctly explains that past earthquake records reveal recurring activity along fault lines due to tectonic stress, allowing scientists to identify high‑risk zones and forecast future events, which aligns with the standard's focus on using hazard data for prediction."
MS-ESS3-091,Gemini Flash 3,1,"The answer correctly explains that historical data reveals patterns along fault lines and plate boundaries, which is essential for forecasting future events as required by the standard."
MS-ESS3-092,OSS 120b,1,"The answer correctly explains that longer flood records provide more examples of various flood magnitudes, improving statistical estimates of frequency and probability, which aids future flood severity predictions."
MS-ESS3-092,Nemotron 3 Super 120b a12,1,"The answer correctly explains that a longer flood record provides more examples of typical and extreme events, enabling statistical probability estimates that improve flood forecasts and guide mitigation designs, which directly addresses the standard."
MS-LS4-087,Gemini Flash 3,1,"The answer accurately identifies that the anatomical similarity (finger bones) is due to descent from common land-dwelling ancestors, which directly addresses the inference of evolutionary relationships required by standard MS-LS4-2."
MS-PS1-089,OSS 120b,1,"The answer correctly explains that each ball represents an atom, colors/labels identify the element, and counting them gives the number of each atom type."
MS-PS1-089,Nemotron 3 Super 120b a12,1,"The answer correctly explains that each sphere represents an atom, color/label identifies the element, and counting spheres of each color gives the number of each atom type, fully addressing the question."
MS-PS2-094,OSS 120b,1,"The answer correctly states that increasing the number of coils strengthens the electromagnet, addressing the key factor."
MS-ESS2-096,Gemini Flash 3,1,"The answer correctly identifies the moderating effect of the ocean on coastal climates and attributes it to oceanic circulation, which aligns with the requirements of MS-ESS2-6."
MS-ESS3-092,Gemini Flash 3,1,"The answer accurately explains how a larger dataset improves statistical forecasting and informs the engineering of mitigation technologies, directly addressing all components of the MS-ESS3-2 standard."
MS-PS1-089,Gemini Flash 3,1,The answer accurately describes how to interpret the sphere-based representations typically used in middle-school molecular models to determine atomic composition.
MS-ESS2-096,Nemotron 3 Super 120b a12,1,"The answer correctly attributes milder coastal temperatures to oceanic heat transport, which reflects the oceanic circulation component of the standard."
MS-PS2-094,Nemotron 3 Super 120b a12,1,"The answer correctly identifies that more coils increase the electromagnet's strength, which directly addresses the factor affecting magnetic force as required by the standard."
MS-PS3-089,OSS 120b,1,"The answer correctly explains that increased separation between the ball and Earth stores more gravitational potential energy, matching the standard's focus on arrangement and distance."
MS-PS2-094,Gemini Flash 3,1,"The answer accurately describes the direct relationship between the number of coils and the magnetic strength of an electromagnet, which is a core concept for standard MS-PS2-3."
MS-PS4-091,OSS 120b,1,"The answer correctly defines a bit as the smallest unit of digital information that can be 0 or 1, fully addressing the question."
MS-PS4-091,Nemotron 3 Super 120b a12,1,"The answer correctly defines a bit as the smallest unit of digital information representing either 0 or 1, which fully answers the question."
MS-PS3-089,Nemotron 3 Super 120b a12,1,"The answer correctly explains that increasing the distance between the ball and Earth (changing their arrangement) stores more gravitational potential energy, directly addressing the standard."
MS-LS2-094,Nemotron 3 Super 120b a12,1,"The answer correctly defines energy flow as the one‑way transfer of energy from the sun through producers to consumers, which satisfies the middle‑school expectation for the concept."
MS-LS2-094,OSS 120b,1,"The answer correctly and succinctly describes the one-way transfer of solar energy through producers to consumers, matching the expected concept of energy flow in an ecosystem."
MS-PS4-091,Gemini Flash 3,1,"The answer accurately defines a bit as the fundamental binary unit used in digital signaling, which is essential terminology for understanding how information is digitized under MS-PS4-3."
MS-PS3-089,Gemini Flash 3,1,"The answer accurately explains that gravitational potential energy is stored in the system of interacting objects and that increasing the distance between them increases the stored energy, which directly addresses the standard."
MS-LS3-090,OSS 120b,1,"The answer correctly explains that random assortment of chromosomes during gamete formation creates unique gene combinations in each sibling, adequately addressing how gene mixing causes variation."
MS-LS4-088,OSS 120b,1,"The answer correctly explains the similarity as due to common ancestry and notes divergent adaptation, meeting the standard."
MS-LS2-094,Gemini Flash 3,1,"The answer correctly identifies that energy flow is unidirectional, originates from the sun, and moves through different trophic levels, which aligns with middle-school science standards."
MS-LS4-088,Nemotron 3 Super 120b a12,1,"The answer correctly explains that whales and humans share a common ancestor and inherited homologous limb bones, which natural selection modified for different functions, directly addressing the standard's focus on anatomical similarities and evolutionary relationships."
MS-LS3-090,Gemini Flash 3,1,"The answer accurately explains that the random assortment of chromosomes during gamete formation leads to unique genetic combinations in offspring, directly addressing the mechanism of variation required by the standard."
MS-LS4-089,Nemotron 3 Super 120b a12,1,"The answer correctly explains the shared backbone as inherited from a common vertebrate ancestor, satisfying the standard's requirement to infer evolutionary relationships from anatomical similarities."
MS-LS4-089,OSS 120b,1,"The answer correctly explains that the shared backbone is due to common ancestry among vertebrates, meeting the standard's requirement."
MS-LS4-088,Gemini Flash 3,1,"The answer accurately explains that shared ancestry and natural selection account for the homologous structures observed in whales and humans, which aligns perfectly with the MS-LS4-2 standard."
MS-LS4-089,Gemini Flash 3,1,"The answer accurately explains that anatomical similarities among diverse species are evidence of common ancestry, directly addressing the core requirement of the MS-LS4-2 standard."
MS-LS4-090,OSS 120b,1,"The answer correctly predicts that the percentage of dark-furred mice will increase due to higher survival and reproduction of dark-furred mice, which directly addresses the question."
MS-LS3-090,Nemotron 3 Super 120b a12,1,"The answer correctly explains that independent assortment of chromosomes during meiosis creates unique gamete combinations, leading to genetic variation among siblings."
MS-ESS2-097,OSS 120b,1,"The answer accurately describes the expected stormy weather (thunderstorms/heavy rain) caused by a cold air mass lifting warm moist air, meeting the standard."
MS-ESS2-097,Nemotron 3 Super 120b a12,1,"The answer correctly describes the expected weather from a cold front and explains the underlying process, meeting the standard's requirement."
MS-ESS2-097,Gemini Flash 3,1,The answer accurately describes the formation of a cold front and the resulting stormy weather caused by the rapid lifting and cooling of moist air.
MS-LS4-090,Nemotron 3 Super 120b a12,0,"The answer correctly predicts an increase in dark‑furred mice but does not provide the mathematical representation (e.g., calculating current and expected percentages) required by MS‑LS4‑6."
MS-ETS1-085,OSS 120b,1,"The answer correctly explains that vague criteria prevent clear testing and shared understanding of success, which can cause a project to fail, aligning with the standard."
MS-ETS1-085,Nemotron 3 Super 120b a12,1,"The answer correctly explains that vague criteria lack measurability, leading to inconsistent interpretations and inability to verify success, which can cause project failure."
MS-ETS1-086,OSS 120b,1,"The answer correctly explains that focusing solely on solving one problem can cause unintended side effects that affect people, providing a relevant example and linking to the need to consider impacts on people."
MS-ETS1-085,Gemini Flash 3,1,"The answer correctly identifies that vague criteria lack the measurability required for objective testing and stakeholder alignment, which is central to the precision required by MS-ETS1-1."
MS-PS2-095,OSS 120b,1,"The answer correctly states that like electric charges repel each other, fully addressing the question."
MS-ETS1-086,Gemini Flash 3,1,The answer accurately explains how a narrow focus leads to unintended consequences and correctly identifies the need to consider human and environmental impacts during the problem definition phase as required by the standard.
MS-PS2-096,OSS 120b,1,The answer correctly explains that opposite magnetic poles (north and south) experience an attractive force pulling them toward each other.
MS-ETS1-086,Nemotron 3 Super 120b a12,1,"The reference answer correctly explains that a narrowly focused solution can cause unintended side effects, illustrating why people‑impact considerations must be included in problem definition as required by MS‑ETS1‑1."
MS-PS2-095,Gemini Flash 3,1,"The answer accurately describes the fundamental interaction between like electric charges, which is essential conceptual knowledge for understanding the factors affecting the strength of electric forces in standard MS-PS2-3."
MS-PS2-096,Nemotron 3 Super 120b a12,1,"The answer correctly describes that opposite magnetic poles (north and south) attract each other, which fully addresses the question for the MS-PS2-3 standard."
MS-LS4-090,Gemini Flash 3,1,The reference answer correctly predicts the increase in the trait's frequency and explains the mechanism of natural selection using the provided population data as a basis for the trend.
MS-PS2-095,Nemotron 3 Super 120b a12,1,"The answer correctly states that like charges repel, which accurately describes their interaction."
MS-PS4-092,OSS 120b,1,"The answer accurately defines binary as a two-digit (0 and 1) number system and correctly links it to digital information handling, fully answering the question."
MS-PS2-096,Gemini Flash 3,1,The answer accurately explains the concept of magnetic attraction between opposite poles (North and South) and correctly identifies the resulting force.
MS-PS4-092,Nemotron 3 Super 120b a12,1,"The answer correctly defines binary as a two-digit (0 and 1) number system and explains its role in digital information storage and processing, which is sufficient for the question."
MS-LS1-097,OSS 120b,1,"The answer correctly defines a subsystem as a smaller system within a larger one and gives appropriate examples from the human body, meeting the standard."
MS-LS2-095,OSS 120b,1,"The answer correctly explains that decomposers break down dead matter and recycle nutrients for plant use, covering their role in matter cycling."
MS-PS4-092,Gemini Flash 3,1,The answer accurately defines binary as a base-2 number system using 0 and 1 and correctly identifies its role as the foundation for digital information storage and processing.
MS-LS1-097,Nemotron 3 Super 120b a12,1,"The answer correctly defines subsystem and provides appropriate human-body examples, which fully addresses the question and aligns with the standard."
MS-LS2-095,Nemotron 3 Super 120b a12,1,"The answer correctly describes decomposers' role in breaking down dead organisms and waste, returning nutrients to the soil for reuse, which reflects the cycling of matter in an ecosystem as required by the standard."
MS-LS1-097,Gemini Flash 3,1,"The answer accurately defines the term 'subsystem' and provides appropriate examples of organ systems within the larger context of the human body, aligning with the middle-school standard."
MS-LS2-096,OSS 120b,1,"The answer correctly defines a producer as a plant or alga that synthesizes its own food via photosynthesis, covering the essential concept."
MS-LS2-095,Gemini Flash 3,1,"The answer accurately describes how decomposers cycle matter by returning nutrients to the soil for producers, aligning well with the core requirements of standard MS-LS2-3."
MS-LS4-091,OSS 120b,1,"The answer correctly cites vestigial leg bones as anatomical evidence linking whales to land mammals, providing a valid explanation for their evolutionary relationship."
MS-LS2-096,Nemotron 3 Super 120b a12,1,"The answer correctly defines a producer as a photosynthetic organism that makes its own food, which aligns with the standard's focus on energy flow."
MS-LS4-091,Nemotron 3 Super 120b a12,1,The answer correctly cites vestigial leg bones as evidence of shared ancestry with land mammals.
MS-LS4-092,OSS 120b,1,"The answer accurately explains that longer necks confer a survival and reproductive advantage in that environment, leading to increased frequency of the trait over time."
MS-LS4-091,Gemini Flash 3,1,"The answer correctly identifies anatomical evidence in the form of vestigial structures to infer an evolutionary relationship between whales and land mammals, which aligns with the requirements of MS-LS4-2."
MS-LS4-092,Nemotron 3 Super 120b a12,1,"The answer correctly explains that the advantageous longer-neck trait improves survival and reproduction in the given environment, leading to its increased frequency over generations, which satisfies the standard."
MS-LS2-096,Gemini Flash 3,1,"The answer accurately defines a producer and explains the process of photosynthesis, which is fundamental to the flow of energy and cycling of matter described in the standard."
MS-LS4-092,Gemini Flash 3,1,"The answer accurately addresses genetic variation, differential survival and reproduction, and the resulting change in trait frequency in the population, which aligns perfectly with the MS-LS4-4 standard."
MS-PS1-090,OSS 120b,1,"The answer correctly explains that models provide visual representation of atomic arrangements that cannot be seen directly, making it easier than words alone to understand molecule structure."
MS-ETS1-087,Nemotron 3 Super 120b a12,1,"The answer correctly explains that constraints set boundaries that must be met, and any solution violating a constraint is unacceptable, which directly addresses why constraints limit engineering choices."
MS-ETS1-087,Gemini Flash 3,1,"The answer accurately defines constraints as non-negotiable boundaries and explains that any solution failing to meet them is considered unsuccessful, which aligns with the requirements of MS-ETS1-1."
MS-LS2-097,OSS 120b,1,"The answer accurately states that roughly 10% of energy is transferred between trophic levels, with the remainder used for metabolism or lost as heat, which fully addresses the 10% rule."
MS-ETS1-087,OSS 120b,1,"The answer correctly explains that constraints set limits (e.g., cost, materials, time, safety) that a design must meet, so any solution violating them is unacceptable, thus restricting the engineer's options."
MS-LS2-097,Nemotron 3 Super 120b a12,1,"The answer accurately describes the 10% rule and explains where the remaining energy goes, which correctly addresses the energy‑flow aspect of the standard."
MS-PS1-090,Gemini Flash 3,1,"The reference answer correctly explains that models overcome the scale issue of atoms being too small to see and effectively communicate composition and structure, which aligns with the requirements of MS-PS1-1."
MS-PS1-090,Nemotron 3 Super 120b a12,1,"The answer correctly explains that models visualize the invisible atomic arrangement, composition, and bonding, which aligns with the standard's purpose of using models to describe molecular structure."
MS-LS4-093,Nemotron 3 Super 120b a12,1,"The answer correctly identifies homologous limb bones as evidence of common ancestry, providing a clear anatomical explanation for the evolutionary relationship."
MS-LS4-093,OSS 120b,1,"The answer correctly explains that shared internal bone structures (homologous limbs) indicate a common ancestor, providing a valid and sufficient reason for the perceived relationship."
MS-ETS1-088,Nemotron 3 Super 120b a12,1,"The answer correctly explains that considering non‑users prevents unintended harm and ensures the design does not create problems for others, which aligns with the standard's emphasis on accounting for impacts on people and the environment."
MS-LS4-093,Gemini Flash 3,1,"The answer accurately explains how homologous bone structures provide evidence for a common ancestor, which directly aligns with the standard's focus on using anatomical similarities to infer evolutionary relationships."
MS-ETS1-089,OSS 120b,1,"The answer accurately explains that vague constraints create uncertainty about acceptable outcomes, leading to designs that may fail to meet cost, weight, or safety requirements, thus hindering successful solutions."
MS-ETS1-089,Nemotron 3 Super 120b a12,1,"The reference answer correctly explains that vague constraints create uncertainty about acceptability, leading to designs that may fail criteria, while precise constraints enable testing and successful solutions."
MS-LS2-097,Gemini Flash 3,1,"The answer accurately defines the 10% rule and correctly identifies the fate of the remaining energy, which is essential for understanding energy flow in ecosystems under MS-LS2-3."
MS-ETS1-089,Gemini Flash 3,1,"The answer correctly identifies that vague constraints lead to ambiguity and potential design failure, while precise constraints enable objective testing and verification of a solution's success."
MS-ETS1-088,OSS 120b,1,"The answer correctly explains that designs can affect non-users, so engineers must consider these impacts to avoid harm and ensure solutions are socially responsible."
MS-ETS1-090,Nemotron 3 Super 120b a12,1,"The answer correctly explains that real-world factors such as weather, user error, and wear can cause lab-successful designs to fail, and notes that engineers must define criteria and constraints based on actual use conditions, which aligns with the standard."
MS-ETS1-090,Gemini Flash 3,1,"The answer accurately identifies that real-world variables serve as the criteria and constraints that must be defined for a successful design, directly addressing the core requirement of MS-ETS1-1."
MS-ETS1-091,Nemotron 3 Super 120b a12,1,"The answer correctly explains that considering trade-offs lets engineers prioritize or compromise between conflicting constraints, enabling informed early decisions, which aligns with the standard’s emphasis on defining criteria and constraints for successful solutions."
MS-ETS1-088,Gemini Flash 3,1,"The answer correctly identifies that considering non-users is necessary to account for unintended social and environmental impacts, which is a key requirement of the MS-ETS1-1 standard."
MS-ETS1-091,Gemini Flash 3,1,The answer accurately explains that trade-offs allow engineers to prioritize requirements and find a balance between conflicting constraints to ensure a successful design solution.
MS-ETS1-091,OSS 120b,1,"The answer correctly explains that considering trade‑offs lets engineers prioritize or compromise between conflicting constraints, enabling informed design decisions."
MS-ETS1-090,OSS 120b,1,"The answer correctly explains that real-world variables (environment, user error, wear) not present in labs can cause failure, aligning with the need to define criteria and constraints for successful design."
MS-LS4-094,Nemotron 3 Super 120b a12,1,"The answer correctly explains that extinct species left fossils preserved in the rock record, which directly addresses the question."
MS-PS4-093,OSS 120b,1,The answer correctly defines signal degradation as loss of quality/accuracy during transmission or copying and relates it to analog versus digital signals.
MS-LS4-094,OSS 120b,1,"The answer correctly explains that extinct species left fossils, providing the reason why we find their remains in the rock record."
MS-PS4-093,Gemini Flash 3,1,The answer correctly defines signal degradation and explains its relevance to the MS-PS4-3 standard by comparing the performance of analog and digital signals.
MS-LS4-094,Gemini Flash 3,1,"The answer accurately identifies extinction as the reason for the absence of these species today and correctly explains how the fossil record serves as evidence of their past existence, directly addressing the core concept of the standard."
MS-PS4-093,Nemotron 3 Super 120b a12,1,"The answer correctly defines signal degradation and connects it to the greater reliability of digital signals over analog signals, aligning with MS-PS4-3."
