area,standard,question_type,question,reason,round
MS-PS1,MS-PS1-1,recall,What is an atom?,fk_grade=0.7_out_of_band,1
MS-PS1,MS-PS1-1,recall,What is a molecule?,fk_grade=3.7_out_of_band,1
MS-PS1,MS-PS1-1,recall,What is an element?,fk_grade=3.7_out_of_band,1
MS-PS1,MS-PS1-1,recall,What is a compound?,fk_grade=0.7_out_of_band,1
MS-PS1,MS-PS1-1,recall,What are the three main particles that make up an atom?,fk_grade=3.7_out_of_band,1
MS-PS1,MS-PS1-1,recall,What is a chemical bond?,fk_grade=2.9_out_of_band,1
MS-PS1,MS-PS1-2,recall,What is the law of conservation of mass?,fk_grade=3.8_out_of_band,1
MS-PS1,MS-PS1-2,recall,What does 'pH' measure?,fk_grade=3.7_out_of_band,1
MS-PS1,MS-PS1-3,recall,What is a synthetic material?,fk_grade=10.0_out_of_band,1
MS-PS1,MS-PS1-3,recall,What is nylon made from?,fk_grade=0.5_out_of_band,1
MS-PS1,MS-PS1-3,recall,What does the word 'synthetic' mean in science?,fk_grade=3.8_out_of_band,1
MS-PS1,MS-PS1-3,recall,What natural resource is most rubber originally made from?,fk_grade=10.2_out_of_band,1
MS-PS1,MS-PS1-3,recall,What is one way synthetic materials negatively impact the environment?,fk_grade=14.3_out_of_band,1
MS-PS1,MS-PS1-3,recall,What natural resource is glass made from?,fk_grade=4.0_out_of_band,1
MS-PS1,MS-PS1-4,recall,What is the difference between temperature and thermal energy?,fk_grade=10.2_out_of_band,1
MS-PS1,MS-PS1-4,recall,What are the three common states of matter?,fk_grade=2.3_out_of_band,1
MS-PS1,MS-PS1-4,recall,What is it called when a liquid changes into a gas?,fk_grade=3.7_out_of_band,1
MS-PS1,MS-PS1-4,recall,What happens to particle motion when thermal energy is removed from a substance?,fk_grade=9.4_out_of_band,1
MS-PS1,MS-PS1-4,recall,What is the boiling point of water?,fk_grade=2.3_out_of_band,1
MS-PS1,MS-PS1-4,recall,What is condensation?,fk_grade=9.2_out_of_band,1
MS-PS1,MS-PS1-5,recall,What does the law of conservation of mass state?,fk_grade=3.7_out_of_band,1
MS-PS1,MS-PS1-5,recall,What are reactants in a chemical reaction?,fk_grade=9.1_out_of_band,1
MS-PS1,MS-PS1-5,recall,Who is credited with first clearly stating and demonstrating the law of conservation of mass?,fk_grade=9.9_out_of_band,1
MS-PS1,MS-PS1-5,recall,What is an atom?,fk_grade=0.7_out_of_band,1
MS-PS1,MS-PS1-5,recall,"In a chemical equation, what do the numbers in front of a chemical formula (called coefficients) tell you?",fk_grade=11.1_out_of_band,1
MS-PS1,MS-PS1-5,recall,"If you burn a piece of wood and it seems to weigh less afterward, does mass actually disappear according to the law of conservation of mass?",fk_grade=11.8_out_of_band,1
MS-PS1,MS-PS1-6,recall,What is an exothermic reaction?,fk_grade=10.0_out_of_band,1
MS-PS1,MS-PS1-6,recall,What is an endothermic reaction?,fk_grade=10.0_out_of_band,1
MS-PS1,MS-PS1-6,recall,What does the word 'exothermic' literally mean?,fk_grade=9.1_out_of_band,1
MS-PS1,MS-PS1-6,recall,What is a hand warmer an example of — an exothermic or endothermic device?,fk_grade=10.4_out_of_band,1
MS-PS1,MS-PS1-6,recall,What is activation energy in a chemical reaction?,fk_grade=12.6_out_of_band,1
MS-PS1,MS-PS1-1,conceptual,Why do atoms bond together to form molecules instead of just staying as separate atoms?,fk_grade=9.9_out_of_band,1
MS-PS1,MS-PS1-1,conceptual,Why do scientists use models like ball-and-stick diagrams to represent molecules instead of just writing the chemical formula?,fk_grade=14.4_out_of_band,1
MS-PS1,MS-PS1-1,conceptual,How can two molecules contain the same types of atoms but still be totally different substances?,fk_grade=9.8_out_of_band,1
MS-PS1,MS-PS1-1,conceptual,"Why do some materials, like table salt or diamonds, form extended structures instead of individual molecules?",fk_grade=13.5_out_of_band,1
MS-PS1,MS-PS1-1,conceptual,Why is the ratio of atoms in a chemical formula always the same for a given substance?,fk_grade=9.8_out_of_band,1
MS-PS1,MS-PS1-1,conceptual,"Why do chemical formulas use subscript numbers, and what does it mean when there is no subscript next to an element symbol?",fk_grade=10.2_out_of_band,1
MS-PS1,MS-PS1-1,conceptual,How does the atomic composition of a molecule help explain why some molecules are similar to each other?,fk_grade=11.8_out_of_band,1
MS-PS1,MS-PS1-1,conceptual,Why do models of extended structures like salt crystals show a repeating pattern of atoms instead of a fixed small group?,fk_grade=10.0_out_of_band,1
MS-PS1,MS-PS1-2,conceptual,Why does the formation of a gas bubble when two liquids are mixed suggest a chemical reaction occurred?,fk_grade=9.8_out_of_band,1
MS-PS1,MS-PS1-2,conceptual,Why does a precipitate forming when two clear liquids are mixed indicate a chemical reaction?,fk_grade=10.7_out_of_band,1
MS-PS1,MS-PS1-2,conceptual,Why is a temperature change in a reaction mixture evidence that a chemical reaction may have occurred?,fk_grade=11.2_out_of_band,1
MS-PS1,MS-PS1-2,conceptual,"Why can't you reverse a chemical reaction just by doing the opposite physical action, like cooling something that got warm?",fk_grade=11.7_out_of_band,1
MS-PS1,MS-PS1-2,conceptual,Why do scientists measure the properties of substances both before and after mixing them to decide if a chemical reaction happened?,fk_grade=13.4_out_of_band,1
MS-PS1,MS-PS1-2,conceptual,Why is it important to know that mass is conserved even when a chemical reaction produces a gas you can't see?,fk_grade=10.0_out_of_band,1
MS-PS1,MS-PS1-2,conceptual,Why does the fact that a new substance is hard to turn back into the original materials tell you a chemical reaction occurred rather than a physical change?,fk_grade=13.9_out_of_band,1
MS-PS1,MS-PS1-2,conceptual,"Why does light being produced during a reaction, like in a glow stick, indicate a chemical reaction is happening?",fk_grade=11.7_out_of_band,1
MS-PS1,MS-PS1-3,conceptual,Why do scientists need natural resources to make synthetic materials?,fk_grade=13.1_out_of_band,1
MS-PS1,MS-PS1-3,conceptual,"Why is plastic considered a synthetic material even though it comes from oil, which is natural?",fk_grade=10.6_out_of_band,1
MS-PS1,MS-PS1-3,conceptual,How does making nylon from petroleum differ from using petroleum as a fuel?,fk_grade=11.3_out_of_band,1
MS-PS1,MS-PS1-3,conceptual,Why can synthetic materials sometimes replace natural materials in products like clothing or building supplies?,fk_grade=14.6_out_of_band,1
MS-PS1,MS-PS1-3,conceptual,How does the creation of synthetic fertilizers impact food production in society?,fk_grade=13.7_out_of_band,1
MS-PS1,MS-PS1-3,conceptual,Why does the widespread use of synthetic plastics create environmental problems?,fk_grade=11.2_out_of_band,1
MS-PS1,MS-PS1-3,conceptual,How does the process of making synthetic rubber from petroleum change the properties of the original resource?,fk_grade=12.6_out_of_band,1
MS-PS1,MS-PS1-3,conceptual,How does creating synthetic medicines from natural plant compounds benefit society?,fk_grade=15.5_out_of_band,1
MS-PS1,MS-PS1-3,conceptual,Why is it important to understand where a synthetic material originally comes from in nature?,fk_grade=13.1_out_of_band,1
MS-PS1,MS-PS1-4,conceptual,Why does a solid melt when you heat it up?,fk_grade=1.3_out_of_band,1
MS-PS1,MS-PS1-4,conceptual,Why does liquid water turn into steam when it gets hot enough?,fk_grade=4.8_out_of_band,1
MS-PS1,MS-PS1-4,conceptual,Why does a gas condense into a liquid when it is cooled down?,fk_grade=4.0_out_of_band,1
MS-PS1,MS-PS1-4,conceptual,Why does water freeze when you remove heat from it?,fk_grade=2.5_out_of_band,1
MS-PS1,MS-PS1-5,conceptual,How can two substances react to form a completely new substance if no new atoms are created?,fk_grade=9.1_out_of_band,1
MS-PS1,MS-PS1-5,conceptual,Why does iron rust weigh more than the original piece of iron if atoms are just rearranging?,fk_grade=9.1_out_of_band,1
MS-PS1,MS-PS1-5,conceptual,How does knowing that atoms are conserved help scientists predict the outcome of a chemical reaction?,fk_grade=10.6_out_of_band,1
MS-PS1,MS-PS1-5,conceptual,Why is it impossible for a chemical reaction to create or destroy atoms?,fk_grade=10.4_out_of_band,1
MS-PS1,MS-PS1-6,conceptual,Why is it important to test and modify a chemical thermal device before saying your design works?,fk_grade=10.5_out_of_band,1
MS-PS1,MS-PS1-6,conceptual,Why do endothermic chemical reactions make their surroundings feel cooler?,fk_grade=11.9_out_of_band,1
MS-PS1,MS-PS1-6,conceptual,How does the amount of reactant used in a chemical hand warmer affect how much heat it produces?,fk_grade=9.1_out_of_band,1
MS-PS1,MS-PS1-6,conceptual,Why is it safer to use a chemical reaction to release heat in a portable warmer rather than an open flame?,fk_grade=10.6_out_of_band,1
MS-PS1,MS-PS1-1,applied,"If you're modeling a molecule of table sugar (glucose, C₆H₁₂O₆) for a science project, how many atoms in total would your model need to include?",fk_grade=12.6_out_of_band,1
MS-PS1,MS-PS1-1,applied,"You see rust forming on a bicycle left in the rain. Rust is iron oxide (Fe₂O₃). If you modeled one unit of rust, how many atoms of each element would you use?",fk_grade=4.4_out_of_band,1
MS-PS1,MS-PS1-1,applied,"You add baking soda (NaHCO₃) to vinegar for a volcano experiment. Looking at just one formula unit of baking soda, how many total atoms are present and which elements are they?",fk_grade=10.6_out_of_band,1
MS-PS1,MS-PS1-1,applied,"If you wanted to build a ball-and-stick model of ammonia (NH₃), a gas used in some cleaning products, how many balls would you need and what colors would you typically use to represent each element?",fk_grade=15.3_out_of_band,1
MS-PS1,MS-PS1-1,applied,"Salt crystals are made of sodium and chlorine atoms arranged in a repeating pattern. When you look at a grain of salt, why can't you say it's made of individual NaCl 'molecules' the way water is made of H₂O molecules?",fk_grade=9.6_out_of_band,1
MS-PS1,MS-PS1-1,applied,A friend says hydrogen peroxide (H₂O₂) is 'basically the same' as water (H₂O) because they both contain hydrogen and oxygen. How does comparing their models show they are actually different substances?,fk_grade=11.0_out_of_band,1
MS-PS1,MS-PS1-2,applied,"When you mix baking soda and vinegar in a cup and bubbles form, what does the gas production tell you about whether a chemical reaction has taken place?",fk_grade=13.0_out_of_band,1
MS-PS1,MS-PS1-2,applied,You burn a piece of wood and it turns into ash and smoke. The ash weighs less than the original wood. Does that mean matter was destroyed in the reaction?,fk_grade=3.3_out_of_band,1
MS-PS1,MS-PS1-2,applied,"If you mix two clear liquids together and the mixture suddenly turns bright yellow, what does the color change suggest about whether a chemical reaction happened?",fk_grade=13.6_out_of_band,1
MS-PS1,MS-PS1-2,applied,"If antacid tablets fizz when you drop them into water, what properties would you look for before and after to determine if a chemical reaction took place?",fk_grade=13.3_out_of_band,1
MS-PS1,MS-PS1-2,applied,"When you put a glowing wood splint into a test tube and it reignites, what does that tell you about the gas inside the tube, and how does it show a chemical reaction produced something new?",fk_grade=13.5_out_of_band,1
MS-PS1,MS-PS1-3,applied,"If you are wearing a polyester jacket on a rainy day, what natural resource was most likely used to make the polyester in that jacket?",fk_grade=12.6_out_of_band,1
MS-PS1,MS-PS1-3,applied,A farmer uses a synthetic fertilizer on crops instead of natural compost. Where does the nitrogen in that synthetic fertilizer originally come from?,fk_grade=12.0_out_of_band,1
MS-PS1,MS-PS1-3,applied,"If a plastic water bottle is made from petroleum, what happens to that natural resource once it becomes plastic — can it be turned back into oil easily?",fk_grade=13.3_out_of_band,1
MS-PS1,MS-PS1-3,applied,"A hospital uses nylon sutures (stitches) to close a wound. If nylon comes from a natural resource, what resource is that and how does using nylon instead of natural thread impact patients?",fk_grade=9.1_out_of_band,1
MS-PS1,MS-PS1-3,applied,"If a city decides to pave its roads with asphalt, which comes from petroleum, what impact does this have on the natural resource supply?",fk_grade=11.0_out_of_band,1
MS-PS1,MS-PS1-3,applied,"A student wraps leftovers in plastic wrap made from petroleum-based chemicals. If the plastic is thrown in a landfill, how does that impact the environment compared to using a natural wrapping like a banana leaf?",fk_grade=9.8_out_of_band,1
MS-PS1,MS-PS1-3,applied,A clothing company makes fleece jackets from recycled plastic bottles. How does this process show the connection between a synthetic material and a natural resource?,fk_grade=10.5_out_of_band,1
MS-PS1,MS-PS1-4,applied,"If you put a chocolate bar in the freezer, how does removing thermal energy affect the particles in the chocolate?",fk_grade=10.5_out_of_band,1
MS-PS1,MS-PS1-4,applied,Why does a metal spoon get hot when you leave it in a pot of boiling soup?,fk_grade=4.2_out_of_band,1
MS-PS1,MS-PS1-4,applied,"When you spray water on a hot sidewalk on a summer day and it quickly disappears, what is happening to the water particles?",fk_grade=10.8_out_of_band,1
MS-PS1,MS-PS1-4,applied,"If you heat a sealed metal can with a small amount of water inside, what do you predict will happen to the state of the water?",fk_grade=9.5_out_of_band,1
MS-PS1,MS-PS1-4,applied,You pour hot tea into a cold glass and the outside of the glass quickly feels warm. What is happening at the particle level?,fk_grade=4.8_out_of_band,1
MS-PS1,MS-PS1-5,applied,"If you mix baking soda and vinegar in a sealed zip-lock bag, will the bag weigh more, less, or the same after the fizzing stops? Why?",fk_grade=9.1_out_of_band,1
MS-PS1,MS-PS1-5,applied,"If you set off a small firecracker inside a sealed metal box, would the box weigh more, less, or the same after the explosion?",fk_grade=9.5_out_of_band,1
MS-PS1,MS-PS1-5,applied,"A magnesium ribbon is burned in a sealed container filled with oxygen, and it turns into a white powder called magnesium oxide. Would the sealed container weigh more, less, or the same after the reaction?",fk_grade=9.4_out_of_band,1
MS-PS1,MS-PS1-5,applied,"If you toast a marshmallow over a campfire and it turns black and seems to shrink, does that mean some of its atoms were destroyed?",fk_grade=9.3_out_of_band,1
MS-PS1,MS-PS1-6,applied,"If you mix the chemicals in a hand warmer pouch and it gets hot, what type of chemical process is happening inside it?",fk_grade=9.8_out_of_band,1
MS-PS1,MS-PS1-6,applied,An instant cold pack is squeezed and placed on a sprained ankle. Why does the pack feel cold even though no ice is inside it?,fk_grade=3.0_out_of_band,1
MS-PS1,MS-PS1-6,applied,"If you designed a cold therapy pack for a sports injury, would you want the chemical reaction inside to be exothermic or endothermic, and why?",fk_grade=13.5_out_of_band,1
MS-PS2,MS-PS2-1,recall,What is Newton's Third Law of Motion?,fk_grade=2.3_out_of_band,1
MS-PS2,MS-PS2-1,recall,What does the word 'collision' mean in science?,fk_grade=3.8_out_of_band,1
MS-PS2,MS-PS2-1,recall,Do action and reaction forces cancel each other out? Why or why not?,fk_grade=4.2_out_of_band,1
MS-PS2,MS-PS2-1,recall,What is the unit used to measure force in the metric system?,fk_grade=4.8_out_of_band,1
MS-PS2,MS-PS2-1,recall,What does it mean when we say two forces are 'equal and opposite'?,fk_grade=4.9_out_of_band,1
MS-PS2,MS-PS2-1,recall,What is the difference between mass and weight?,fk_grade=3.8_out_of_band,1
MS-PS2,MS-PS2-1,recall,"When two objects collide, what happens to the total momentum of the system if no outside forces act on it?",fk_grade=9.3_out_of_band,1
MS-PS2,MS-PS2-1,recall,What is a 'net force'?,fk_grade=-1.8_out_of_band,1
MS-PS2,MS-PS2-2,recall,What is a force?,fk_grade=-2.2_out_of_band,1
MS-PS2,MS-PS2-2,recall,What is net force?,fk_grade=-2.2_out_of_band,1
MS-PS2,MS-PS2-2,recall,What is Newton's Second Law of Motion?,fk_grade=4.0_out_of_band,1
MS-PS2,MS-PS2-2,recall,What are balanced forces?,fk_grade=3.7_out_of_band,1
MS-PS2,MS-PS2-2,recall,What is acceleration?,fk_grade=13.1_out_of_band,1
MS-PS2,MS-PS2-2,recall,What is mass?,fk_grade=-2.6_out_of_band,1
MS-PS2,MS-PS2-2,recall,What unit is used to measure force?,fk_grade=2.3_out_of_band,1
MS-PS2,MS-PS2-3,recall,What is an electric force?,fk_grade=2.9_out_of_band,1
MS-PS2,MS-PS2-3,recall,What is a magnetic force?,fk_grade=2.9_out_of_band,1
MS-PS2,MS-PS2-3,recall,What are the two types of electric charge?,fk_grade=2.3_out_of_band,1
MS-PS2,MS-PS2-3,recall,What are the two poles of a magnet called?,fk_grade=1.0_out_of_band,1
MS-PS2,MS-PS2-3,recall,What happens when you bring the same poles of two magnets close together?,fk_grade=4.9_out_of_band,1
MS-PS2,MS-PS2-3,recall,How does increasing the amount of electric charge on an object affect the electric force it exerts?,fk_grade=9.8_out_of_band,1
MS-PS2,MS-PS2-3,recall,What is a magnetic field?,fk_grade=2.9_out_of_band,1
MS-PS2,MS-PS2-3,recall,What does the term 'electric field' mean?,fk_grade=2.3_out_of_band,1
MS-PS2,MS-PS2-3,recall,What is an electromagnet?,fk_grade=9.6_out_of_band,1
MS-PS2,MS-PS2-4,recall,Is the gravitational force between two objects attractive or repulsive?,fk_grade=11.9_out_of_band,1
MS-PS2,MS-PS2-4,recall,Who first described the law of universal gravitation?,fk_grade=9.7_out_of_band,1
MS-PS2,MS-PS2-4,recall,What happens to the gravitational force between two objects if one of their masses is increased?,fk_grade=9.1_out_of_band,1
MS-PS2,MS-PS2-4,recall,What keeps the Moon in orbit around Earth?,fk_grade=2.3_out_of_band,1
MS-PS2,MS-PS2-4,recall,What is the difference between mass and weight?,fk_grade=3.8_out_of_band,1
MS-PS2,MS-PS2-4,recall,"If two objects are far apart, how does the gravitational force between them compare to when they are close together?",fk_grade=9.9_out_of_band,1
MS-PS2,MS-PS2-4,recall,Does every object in the universe exert a gravitational pull on every other object?,fk_grade=13.5_out_of_band,1
MS-PS2,MS-PS2-5,recall,What is a force field?,fk_grade=-1.8_out_of_band,1
MS-PS2,MS-PS2-5,recall,What is a magnetic field?,fk_grade=2.9_out_of_band,1
MS-PS2,MS-PS2-5,recall,What does it mean for two objects to interact through a field?,fk_grade=3.8_out_of_band,1
MS-PS2,MS-PS2-5,recall,What is an electric field?,fk_grade=2.9_out_of_band,1
MS-PS2,MS-PS2-5,recall,What are the two poles of a magnet called?,fk_grade=1.0_out_of_band,1
MS-PS2,MS-PS2-5,recall,What is a non-contact force?,fk_grade=2.9_out_of_band,1
MS-PS2,MS-PS2-5,recall,What tool can you use to map the shape of a magnetic field?,fk_grade=3.1_out_of_band,1
MS-PS2,MS-PS2-1,conceptual,Why does a skateboarder roll backward when they push off a wall?,fk_grade=3.8_out_of_band,1
MS-PS2,MS-PS2-1,conceptual,Why do you feel a 'kick' or recoil when you throw a heavy ball?,fk_grade=3.4_out_of_band,1
MS-PS2,MS-PS2-1,conceptual,"Why does a heavier bumper car barely move when it collides with a much lighter bumper car, even though the forces between them are equal?",fk_grade=11.2_out_of_band,1
MS-PS2,MS-PS2-1,conceptual,How does knowing that action and reaction forces are always equal help engineers design safer car bumpers?,fk_grade=11.2_out_of_band,1
MS-PS2,MS-PS2-1,conceptual,Why don't the equal and opposite forces in Newton's Third Law cancel each other out and result in nothing moving?,fk_grade=9.9_out_of_band,1
MS-PS2,MS-PS2-2,conceptual,Why does a soccer ball slow down and stop after it is kicked across a field?,fk_grade=4.7_out_of_band,1
MS-PS2,MS-PS2-2,conceptual,How does doubling the net force on an object change how fast it speeds up?,fk_grade=4.4_out_of_band,1
MS-PS2,MS-PS2-3,conceptual,Why do two positively charged balloons push away from each other instead of pulling together?,fk_grade=9.9_out_of_band,1
MS-PS2,MS-PS2-3,conceptual,Why does adding more wire coils around an iron nail make a stronger electromagnet?,fk_grade=9.3_out_of_band,1
MS-PS2,MS-PS2-3,conceptual,Why does increasing the electric current through an electromagnet make it stronger?,fk_grade=10.7_out_of_band,1
MS-PS2,MS-PS2-3,conceptual,Why do two objects with larger electric charges push or pull on each other more strongly than two objects with smaller charges?,fk_grade=10.2_out_of_band,1
MS-PS2,MS-PS2-4,conceptual,Why does gravity always pull objects toward each other instead of pushing them apart?,fk_grade=9.3_out_of_band,1
MS-PS2,MS-PS2-4,conceptual,Why do you weigh less on the Moon than on Earth even though you are the same person?,fk_grade=4.5_out_of_band,1
MS-PS2,MS-PS2-4,conceptual,How does the mass of the Sun keep the planets orbiting around it?,fk_grade=4.9_out_of_band,1
MS-PS2,MS-PS2-4,conceptual,Why does gravity pull a falling apple toward Earth rather than pulling Earth toward the apple?,fk_grade=9.1_out_of_band,1
MS-PS2,MS-PS2-4,conceptual,Why is gravitational attraction between two small rocks much weaker than the attraction between two planets?,fk_grade=11.3_out_of_band,1
MS-PS2,MS-PS2-4,conceptual,How does gravity explain why moons stay in orbit around planets instead of flying off into space?,fk_grade=9.1_out_of_band,1
MS-PS2,MS-PS2-5,conceptual,How can iron filings arrange themselves into a pattern around a magnet without being touched by the magnet?,fk_grade=10.4_out_of_band,1
MS-PS2,MS-PS2-5,conceptual,Why does the strength of a magnetic force decrease as you move a magnet farther away from another magnet?,fk_grade=9.2_out_of_band,1
MS-PS2,MS-PS2-5,conceptual,Why is it important that forces like magnetism and gravity can act at a distance through fields?,fk_grade=9.1_out_of_band,1
MS-PS2,MS-PS2-5,conceptual,How does a refrigerator magnet stick to a metal door without glue or any physical attachment holding it there?,fk_grade=11.7_out_of_band,1
MS-PS2,MS-PS2-1,applied,"When a bowling ball rolls down the lane and hits the pins, what force does the bowling ball exert on the pins, and what force do the pins exert back on the bowling ball?",fk_grade=11.2_out_of_band,1
MS-PS2,MS-PS2-1,applied,"If you design a bumper car so that it has a soft foam bumper, how does that affect what happens when two bumper cars collide?",fk_grade=9.3_out_of_band,1
MS-PS2,MS-PS2-1,applied,"When a soccer player kicks a ball, the ball flies forward. What happens to the player's foot, and why?",fk_grade=3.0_out_of_band,1
MS-PS2,MS-PS2-1,applied,A baseball bat hits a baseball. Which object — the bat or the ball — exerts a bigger force on the other?,fk_grade=3.7_out_of_band,1
MS-PS2,MS-PS2-1,applied,"A tennis ball hits a wall and bounces back. If you want the ball to bounce back faster, what would you need to change about the collision?",fk_grade=4.1_out_of_band,1
MS-PS2,MS-PS2-2,applied,A soccer player kicks a ball and it rolls across the grass and slows down. What force is causing the ball to change its motion?,fk_grade=3.4_out_of_band,1
MS-PS2,MS-PS2-2,applied,"If two people push a stalled car from behind with the same force in the same direction, how does the car's acceleration compare to when only one person pushes?",fk_grade=12.4_out_of_band,1
MS-PS2,MS-PS2-2,applied,"A heavy truck and a small car are traveling at the same speed. If the same braking force is applied to both, which one stops in a shorter distance?",fk_grade=4.7_out_of_band,1
MS-PS2,MS-PS2-2,applied,"You slide a book across a table and it slows down and stops. If you slide the same book on a smooth tile floor with the same push, will it travel farther?",fk_grade=3.9_out_of_band,1
MS-PS2,MS-PS2-2,applied,"If a hockey puck is sliding on ice and a player hits it with a stronger slap shot than usual, what happens to how quickly the puck changes speed?",fk_grade=11.2_out_of_band,1
MS-PS2,MS-PS2-2,applied,Two students push on opposite sides of a box with equal force. What happens to the box's motion?,fk_grade=3.7_out_of_band,1
MS-PS2,MS-PS2-2,applied,"If you drop a heavy bowling ball and a tennis ball at the same time from the same height (ignoring air resistance), which hits the ground first?",fk_grade=9.8_out_of_band,1
MS-PS2,MS-PS2-3,applied,"If you wrap more coils of wire around an iron nail connected to a battery, how does that change the nail's ability to pick up paper clips?",fk_grade=11.5_out_of_band,1
MS-PS2,MS-PS2-3,applied,"You have two balloons you've rubbed with wool. If you bring them close together, what happens, and what happens when you move them farther apart?",fk_grade=4.4_out_of_band,1
MS-PS2,MS-PS2-3,applied,"If you use a stronger battery in an electromagnet, what do you think will happen to the number of nails it can pick up?",fk_grade=10.0_out_of_band,1
MS-PS2,MS-PS2-3,applied,You rub a plastic comb through your hair and hold it near tiny bits of paper. What happens if you slowly move the comb away from the paper bits?,fk_grade=4.7_out_of_band,1
MS-PS2,MS-PS2-3,applied,"If you add more batteries in series to an electromagnet circuit, will the electromagnet lift heavier objects than before?",fk_grade=13.6_out_of_band,1
MS-PS2,MS-PS2-3,applied,"You're using a charged balloon to attract your hair. If you hold the balloon right against your head versus one foot away, when is the force stronger?",fk_grade=5.0_out_of_band,1
MS-PS2,MS-PS2-4,applied,Why do astronauts feel weightless on the International Space Station even though Earth's gravity still reaches them there?,fk_grade=11.1_out_of_band,1
MS-PS2,MS-PS2-4,applied,Why is it harder to jump on Jupiter than on Earth?,fk_grade=3.7_out_of_band,1
MS-PS2,MS-PS2-4,applied,"If you could stand on the Moon, would you weigh more, less, or the same as on Earth, and why?",fk_grade=4.0_out_of_band,1
MS-PS2,MS-PS2-4,applied,"Why do large planets like Jupiter pull in so many moons and keep them in orbit, while smaller planets like Mars only have two tiny moons?",fk_grade=10.4_out_of_band,1
MS-PS2,MS-PS2-4,applied,"If a person stands far away from Earth—say, halfway to the Moon—would Earth's gravity still pull them, or would it stop working?",fk_grade=9.1_out_of_band,1
MS-PS2,MS-PS2-4,applied,"If two students are both standing on Earth and one of them gains a lot of weight, does the gravitational pull between that student and Earth get stronger?",fk_grade=10.9_out_of_band,1
MS-PS2,MS-PS2-5,applied,"If you hold the north pole of one magnet near the north pole of another magnet and let go, what will happen, and what causes it?",fk_grade=9.1_out_of_band,1
MS-PS2,MS-PS2-5,applied,"You drop a ball off a roof and it falls to the ground. Since your hand is no longer touching the ball, what keeps pulling it downward?",fk_grade=3.2_out_of_band,1
MS-PS2,MS-PS2-5,applied,"If you slowly bring the south pole of a magnet toward a compass needle, what do you predict will happen to the needle before the magnet touches the compass?",fk_grade=12.4_out_of_band,1
MS-PS2,MS-PS2-5,applied,"Astronauts on the International Space Station are hundreds of miles above Earth, yet they still experience Earth's gravity. How is that possible if gravity requires no contact?",fk_grade=10.7_out_of_band,1
MS-PS2,MS-PS2-5,applied,"If you scatter iron filings around a bar magnet on a piece of paper, what pattern will the filings form and what does that pattern show?",fk_grade=10.4_out_of_band,1
MS-PS2,MS-PS2-5,applied,"Why does a piece of iron paper clip get pulled toward a magnet that is a few centimeters away, even though air is between them?",fk_grade=10.7_out_of_band,1
MS-PS2,MS-PS2-5,applied,"If you increase the distance between a magnet and a metal paper clip, what do you predict will happen to the force the magnet exerts on the clip?",fk_grade=11.3_out_of_band,1
MS-PS3,MS-PS3-1,recall,What is kinetic energy?,fk_grade=9.6_out_of_band,1
MS-PS3,MS-PS3-1,recall,What is the formula for calculating kinetic energy?,fk_grade=12.6_out_of_band,1
MS-PS3,MS-PS3-1,recall,What are the two factors that determine how much kinetic energy a moving object has?,fk_grade=9.1_out_of_band,1
MS-PS3,MS-PS3-1,recall,"If two objects are moving at the same speed, which one has more kinetic energy — the heavier one or the lighter one?",fk_grade=9.6_out_of_band,1
MS-PS3,MS-PS3-1,recall,What happens to an object's kinetic energy if its speed doubles?,fk_grade=9.1_out_of_band,1
MS-PS3,MS-PS3-1,recall,What kind of graph would show how kinetic energy changes as an object's mass increases (with speed staying constant)?,fk_grade=10.5_out_of_band,1
MS-PS3,MS-PS3-1,recall,What type of relationship exists between kinetic energy and speed — linear or nonlinear?,fk_grade=14.0_out_of_band,1
MS-PS3,MS-PS3-1,recall,What does the steepness (slope) of a line on a kinetic energy vs. mass graph tell you?,fk_grade=3.7_out_of_band,1
MS-PS3,MS-PS3-2,recall,What is potential energy?,fk_grade=9.6_out_of_band,1
MS-PS3,MS-PS3-2,recall,What is gravitational potential energy?,fk_grade=17.0_out_of_band,1
MS-PS3,MS-PS3-2,recall,What happens to the gravitational potential energy of a book as you lift it higher off the ground?,fk_grade=9.8_out_of_band,1
MS-PS3,MS-PS3-2,recall,What is elastic potential energy?,fk_grade=12.3_out_of_band,1
MS-PS3,MS-PS3-2,recall,What does it mean for objects to 'interact at a distance'?,fk_grade=4.8_out_of_band,1
MS-PS3,MS-PS3-2,recall,What is a force field?,fk_grade=-1.8_out_of_band,1
MS-PS3,MS-PS3-2,recall,What happens to the magnetic potential energy stored in a system when two magnets with opposite poles are pushed closer together?,fk_grade=12.3_out_of_band,1
MS-PS3,MS-PS3-2,recall,"What unit is used to measure energy, including potential energy?",fk_grade=11.9_out_of_band,1
MS-PS3,MS-PS3-2,recall,What is a system in science?,fk_grade=2.5_out_of_band,1
MS-PS3,MS-PS3-2,recall,What happens to the gravitational potential energy stored in a system when two objects are moved farther apart?,fk_grade=11.8_out_of_band,1
MS-PS3,MS-PS3-3,recall,In which direction does thermal energy naturally flow?,fk_grade=11.1_out_of_band,1
MS-PS3,MS-PS3-3,recall,What is thermal equilibrium?,fk_grade=12.5_out_of_band,1
MS-PS3,MS-PS3-3,recall,What property of a material makes it a poor thermal conductor?,fk_grade=9.1_out_of_band,1
MS-PS3,MS-PS3-4,recall,What does temperature actually measure?,fk_grade=12.3_out_of_band,1
MS-PS3,MS-PS3-4,recall,What is heat?,fk_grade=-2.6_out_of_band,1
MS-PS3,MS-PS3-4,recall,What is specific heat capacity?,fk_grade=10.0_out_of_band,1
MS-PS3,MS-PS3-4,recall,"Which has a higher specific heat capacity, water or metal?",fk_grade=9.6_out_of_band,1
MS-PS3,MS-PS3-4,recall,What is kinetic energy?,fk_grade=9.6_out_of_band,1
MS-PS3,MS-PS3-4,recall,"If you double the mass of a sample but keep adding the same amount of energy, what happens to the temperature change?",fk_grade=9.6_out_of_band,1
MS-PS3,MS-PS3-4,recall,What is a calorie?,fk_grade=3.7_out_of_band,1
MS-PS3,MS-PS3-5,recall,What is kinetic energy?,fk_grade=9.6_out_of_band,1
MS-PS3,MS-PS3-5,recall,What does it mean to transfer energy?,fk_grade=4.0_out_of_band,1
MS-PS3,MS-PS3-5,recall,What two factors determine how much kinetic energy a moving object has?,fk_grade=9.7_out_of_band,1
MS-PS3,MS-PS3-5,recall,What is the formula used to calculate kinetic energy?,fk_grade=10.2_out_of_band,1
MS-PS3,MS-PS3-5,recall,What does it mean when we say energy is 'conserved'?,fk_grade=3.7_out_of_band,1
MS-PS3,MS-PS3-5,recall,What is the difference between kinetic energy and potential energy?,fk_grade=13.1_out_of_band,1
MS-PS3,MS-PS3-1,conceptual,Why does a heavier object have more kinetic energy than a lighter object if they are both moving at the same speed?,fk_grade=10.2_out_of_band,1
MS-PS3,MS-PS3-1,conceptual,Why does doubling the speed of an object increase its kinetic energy by four times instead of just two times?,fk_grade=9.3_out_of_band,1
MS-PS3,MS-PS3-1,conceptual,Why does a bowling ball rolling slowly sometimes have more kinetic energy than a golf ball rolling quickly?,fk_grade=9.8_out_of_band,1
MS-PS3,MS-PS3-1,conceptual,Why does a graph of kinetic energy vs. speed form a curved line instead of a straight line?,fk_grade=3.7_out_of_band,1
MS-PS3,MS-PS3-1,conceptual,Why does a graph of kinetic energy vs. mass form a straight line when speed stays the same?,fk_grade=3.0_out_of_band,1
MS-PS3,MS-PS3-1,conceptual,Why does a stationary object have zero kinetic energy even if it is very massive?,fk_grade=11.5_out_of_band,1
MS-PS3,MS-PS3-1,conceptual,"Why does the kinetic energy of a bicycle rider increase much more when they go from 10 mph to 20 mph than when they go from 1 mph to 11 mph, even though both are 10 mph increases?",fk_grade=17.6_out_of_band,1
MS-PS3,MS-PS3-1,conceptual,Why do scientists use both mass and speed to describe an object's kinetic energy instead of just one of them?,fk_grade=9.9_out_of_band,1
MS-PS3,MS-PS3-2,conceptual,Why does gravitational potential energy increase as you carry a backpack up a flight of stairs?,fk_grade=10.6_out_of_band,1
MS-PS3,MS-PS3-2,conceptual,Why does an apple falling from a tree lose gravitational potential energy as it drops?,fk_grade=9.9_out_of_band,1
MS-PS3,MS-PS3-2,conceptual,Why is more energy stored in a system when opposite magnetic poles are pulled farther apart?,fk_grade=9.1_out_of_band,1
MS-PS3,MS-PS3-2,conceptual,Why does a diver on a higher diving platform have more potential energy than a diver on a lower platform?,fk_grade=10.5_out_of_band,1
MS-PS3,MS-PS3-3,conceptual,Why does a vacuum (empty space with no matter) stop thermal energy from moving by conduction or convection?,fk_grade=10.4_out_of_band,1
MS-PS3,MS-PS3-3,conceptual,Why does making a container's walls thicker generally improve its ability to insulate?,fk_grade=13.1_out_of_band,1
MS-PS3,MS-PS3-3,conceptual,Why would engineers use copper pipes instead of plastic pipes in a device designed to transfer heat as quickly as possible?,fk_grade=10.6_out_of_band,1
MS-PS3,MS-PS3-4,conceptual,Why does a larger mass of water take longer to heat up than a smaller mass when the same amount of energy is added?,fk_grade=9.5_out_of_band,1
MS-PS3,MS-PS3-4,conceptual,Why does the temperature of a substance rise when you heat it?,fk_grade=3.8_out_of_band,1
MS-PS3,MS-PS3-4,conceptual,Why do different materials heat up at different rates even when the same amount of energy is transferred to equal masses?,fk_grade=12.3_out_of_band,1
MS-PS3,MS-PS3-4,conceptual,How does the mass of a substance affect how much the temperature changes when a fixed amount of energy is added?,fk_grade=9.5_out_of_band,1
MS-PS3,MS-PS3-4,conceptual,How does knowing the mass of a substance help you predict how much energy you need to change its temperature by a certain amount?,fk_grade=10.0_out_of_band,1
MS-PS3,MS-PS3-4,conceptual,"Why does the average kinetic energy of particles go up when energy is transferred to a substance, rather than just making some particles move a lot faster and leaving others unchanged?",fk_grade=15.9_out_of_band,1
MS-PS3,MS-PS3-5,conceptual,Why does a rolling ball slow down when it hits a patch of rough carpet?,fk_grade=3.6_out_of_band,1
MS-PS3,MS-PS3-5,conceptual,Why does a soccer ball speed up after a player kicks it?,fk_grade=3.8_out_of_band,1
MS-PS3,MS-PS3-5,conceptual,How does a moving bowling ball knock over pins that were standing still?,fk_grade=4.9_out_of_band,1
MS-PS3,MS-PS3-5,conceptual,Why does a car's kinetic energy increase when the engine accelerates it?,fk_grade=9.7_out_of_band,1
MS-PS3,MS-PS3-5,conceptual,Why does a bouncing ball not return to the same height it was dropped from?,fk_grade=3.6_out_of_band,1
MS-PS3,MS-PS3-5,conceptual,How does a catcher's glove slow down a fast baseball?,fk_grade=2.5_out_of_band,1
MS-PS3,MS-PS3-5,conceptual,Why does a sled speed up as it goes down a hill even though no one is pushing it?,fk_grade=4.9_out_of_band,1
MS-PS3,MS-PS3-1,applied,"A bowling ball and a tennis ball are both rolling at the same speed. Which one has more kinetic energy, and why?",fk_grade=4.3_out_of_band,1
MS-PS3,MS-PS3-1,applied,A large truck and a small car are driving side by side at the same highway speed. Which vehicle has more kinetic energy?,fk_grade=4.8_out_of_band,1
MS-PS3,MS-PS3-1,applied,"You drop a golf ball and a bowling ball from the same height. By the time they hit the ground, they're traveling at the same speed. Which one hits the ground with more kinetic energy?",fk_grade=3.1_out_of_band,1
MS-PS3,MS-PS3-1,applied,"A child is riding a bike slowly through a park. If she speeds up to race down the street, how does her kinetic energy change?",fk_grade=3.9_out_of_band,1
MS-PS3,MS-PS3-1,applied,A baseball pitcher throws a fastball and a changeup. The fastball travels much faster but both balls have the same mass. Which pitch has more kinetic energy?,fk_grade=4.5_out_of_band,1
MS-PS3,MS-PS3-1,applied,"If a runner with a mass of 40 kg jogs at 3 m/s and then sprints at 6 m/s, how many times greater is the kinetic energy when sprinting compared to jogging?",fk_grade=12.4_out_of_band,1
MS-PS3,MS-PS3-1,applied,"In football, why is it generally harder to tackle a large, heavy running back moving at full speed than a smaller, lighter player running at the same speed?",fk_grade=12.6_out_of_band,1
MS-PS3,MS-PS3-2,applied,"If you lift your backpack from the floor to the top of a tall shelf, what happens to the potential energy stored in the backpack-Earth system?",fk_grade=10.4_out_of_band,1
MS-PS3,MS-PS3-2,applied,"If you drop a bowling ball from waist height and from the top of a building, which starting position had more potential energy stored in the ball-Earth system?",fk_grade=11.8_out_of_band,1
MS-PS3,MS-PS3-2,applied,"If a wrecking ball is raised to twice its original height before being released, how does the potential energy stored in the wrecking ball-Earth system compare to the original height?",fk_grade=15.0_out_of_band,1
MS-PS3,MS-PS3-3,applied,A sleeping bag traps air inside its fluffy filling. How does this help keep a camper warm at night?,fk_grade=3.0_out_of_band,1
MS-PS3,MS-PS3-3,applied,"If you pour hot chocolate into a thin plastic cup and into a foam cup, which one will feel hotter on the outside right away?",fk_grade=9.3_out_of_band,1
MS-PS3,MS-PS3-3,applied,Why do houses in very cold climates use thick insulation in the walls instead of thin insulation?,fk_grade=9.8_out_of_band,1
MS-PS3,MS-PS3-3,applied,You want to keep a cold pack cold as long as possible in your sports bag. Should you wrap it in a wool cloth or leave it unwrapped?,fk_grade=2.9_out_of_band,1
MS-PS3,MS-PS3-3,applied,A thermos bottle has a double-walled design with a vacuum between the walls. How does the vacuum help keep your soup hot?,fk_grade=4.8_out_of_band,1
MS-PS3,MS-PS3-4,applied,"If you put a small cup of water and a large pot of water on the same stove burner with the same flame, which one heats up faster and why?",fk_grade=9.5_out_of_band,1
MS-PS3,MS-PS3-4,applied,"A chef needs to cool down 500 g of hot sauce quickly. Would adding a small ice cube or a large handful of ice be more effective, and why?",fk_grade=3.9_out_of_band,1
MS-PS3,MS-PS3-4,applied,"You leave a metal bike outside on a hot summer day. When you touch the seat, it feels burning hot, but the rubber handlebar grip feels only warm. Both are in the same sunlight. Why is there a difference?",fk_grade=3.3_out_of_band,1
MS-PS3,MS-PS3-4,applied,"If you pour the same amount of boiling water into a tiny espresso cup and a large mug, which one cools down to room temperature faster?",fk_grade=10.9_out_of_band,1
MS-PS3,MS-PS3-4,applied,"A camper uses the same campfire to heat a small tin can of beans and a large pot of stew. After five minutes, the beans are bubbling but the stew is barely warm. How does mass explain this?",fk_grade=4.3_out_of_band,1
MS-PS3,MS-PS3-4,applied,"If you drop a hot metal ball into a small cup of cold water versus a large tub of cold water, in which case does the water temperature rise more?",fk_grade=11.1_out_of_band,1
MS-PS3,MS-PS3-4,applied,"Two students each microwave a mug of hot chocolate for one minute. One student has 50 g in the mug and the other has 200 g. Whose hot chocolate will be hotter after one minute, and why?",fk_grade=4.5_out_of_band,1
MS-PS3,MS-PS3-5,applied,A soccer ball is rolling across the grass and slowly comes to a stop. Where did the ball's kinetic energy go?,fk_grade=4.8_out_of_band,1
MS-PS3,MS-PS3-5,applied,"If you catch a fast-moving baseball with your bare hand, your hand stings. What does that tell you about energy transfer?",fk_grade=4.2_out_of_band,1
MS-PS3,MS-PS3-5,applied,"When a moving bowling ball strikes the pins and they fly in all directions, what happened to the ball's kinetic energy?",fk_grade=9.5_out_of_band,1
MS-PS3,MS-PS3-5,applied,A car brakes suddenly and comes to a stop. The brake pads get very hot. What does this tell you about the car's kinetic energy?,fk_grade=3.2_out_of_band,1
MS-PS3,MS-PS3-5,applied,"You push a shopping cart that is sitting still, and it starts moving. What happened in terms of energy transfer?",fk_grade=4.2_out_of_band,1
MS-PS3,MS-PS3-5,applied,A billiard ball rolls across a table and hits a second ball that was sitting still. The first ball stops and the second ball rolls away. What happened to the kinetic energy?,fk_grade=4.8_out_of_band,1
MS-PS4,MS-PS4-1,recall,What is a wave?,fk_grade=-2.2_out_of_band,1
MS-PS4,MS-PS4-1,recall,What is the amplitude of a wave?,fk_grade=2.3_out_of_band,1
MS-PS4,MS-PS4-1,recall,What is the wavelength of a wave?,fk_grade=0.6_out_of_band,1
MS-PS4,MS-PS4-1,recall,What is the frequency of a wave?,fk_grade=2.3_out_of_band,1
MS-PS4,MS-PS4-1,recall,What is the crest of a wave?,fk_grade=-1.1_out_of_band,1
MS-PS4,MS-PS4-1,recall,What is the trough of a wave?,fk_grade=-1.1_out_of_band,1
MS-PS4,MS-PS4-1,recall,What is wave speed?,fk_grade=-2.2_out_of_band,1
MS-PS4,MS-PS4-1,recall,"What is the mathematical formula that relates wave speed, frequency, and wavelength?",fk_grade=10.7_out_of_band,1
MS-PS4,MS-PS4-1,recall,What is a transverse wave?,fk_grade=0.5_out_of_band,1
MS-PS4,MS-PS4-1,recall,What is the rest position (equilibrium position) of a wave?,fk_grade=9.6_out_of_band,1
MS-PS4,MS-PS4-1,recall,"If two waves have the same frequency but different amplitudes, which one carries more energy?",fk_grade=9.1_out_of_band,1
MS-PS4,MS-PS4-1,recall,What does the period of a wave mean?,fk_grade=2.3_out_of_band,1
MS-PS4,MS-PS4-2,recall,What does it mean when a wave is reflected?,fk_grade=2.3_out_of_band,1
MS-PS4,MS-PS4-2,recall,What does it mean when a wave is absorbed by a material?,fk_grade=4.8_out_of_band,1
MS-PS4,MS-PS4-2,recall,What is a transparent material?,fk_grade=10.0_out_of_band,1
MS-PS4,MS-PS4-2,recall,What is a translucent material?,fk_grade=10.0_out_of_band,1
MS-PS4,MS-PS4-2,recall,What happens to light when it hits a mirror?,fk_grade=2.3_out_of_band,1
MS-PS4,MS-PS4-2,recall,What is the law of reflection?,fk_grade=2.5_out_of_band,1
MS-PS4,MS-PS4-2,recall,Why does a black asphalt road feel hot on a sunny day?,fk_grade=2.9_out_of_band,1
MS-PS4,MS-PS4-2,recall,Can sound waves be reflected just like light waves?,fk_grade=2.3_out_of_band,1
MS-PS4,MS-PS4-2,recall,What is an echo?,fk_grade=0.7_out_of_band,1
MS-PS4,MS-PS4-2,recall,What does the word 'medium' mean in the context of waves?,fk_grade=3.7_out_of_band,1
MS-PS4,MS-PS4-2,recall,What is the difference between a mechanical wave and an electromagnetic wave in terms of what they need to travel?,fk_grade=11.1_out_of_band,1
MS-PS4,MS-PS4-2,recall,Why can you see through glass but not through a wooden door?,fk_grade=1.9_out_of_band,1
MS-PS4,MS-PS4-3,recall,What are the two values used to represent information in a digital signal?,fk_grade=9.4_out_of_band,1
MS-PS4,MS-PS4-3,recall,What does it mean to 'digitize' a signal?,fk_grade=3.8_out_of_band,1
MS-PS4,MS-PS4-3,recall,What is 'noise' in the context of signal transmission?,fk_grade=5.0_out_of_band,1
MS-PS4,MS-PS4-3,recall,Why are digital signals considered more reliable than analog signals when noise is present?,fk_grade=11.8_out_of_band,1
MS-PS4,MS-PS4-3,recall,What is a bit?,fk_grade=-2.2_out_of_band,1
MS-PS4,MS-PS4-3,recall,What does the term 'encode' mean when talking about signals?,fk_grade=4.8_out_of_band,1
MS-PS4,MS-PS4-3,recall,What is signal degradation?,fk_grade=9.6_out_of_band,1
MS-PS4,MS-PS4-3,recall,What is a pixel?,fk_grade=0.7_out_of_band,1
MS-PS4,MS-PS4-3,recall,What is an example of a technology that uses analog signals?,fk_grade=10.2_out_of_band,1
MS-PS4,MS-PS4-3,recall,What is an example of a technology that uses digital signals?,fk_grade=10.2_out_of_band,1
MS-PS4,MS-PS4-3,recall,What is electromagnetic radiation?,fk_grade=21.4_out_of_band,1
MS-PS4,MS-PS4-3,recall,What is a radio wave?,fk_grade=2.9_out_of_band,1
MS-PS4,MS-PS4-3,recall,What does 'transmission' mean in the context of waves and signals?,fk_grade=4.8_out_of_band,1
MS-PS4,MS-PS4-1,conceptual,Why does a small ripple in a pond cause less disturbance than a large wave?,fk_grade=4.4_out_of_band,1
MS-PS4,MS-PS4-1,conceptual,How does the amplitude of a sound wave affect how loud the sound is?,fk_grade=4.2_out_of_band,1
MS-PS4,MS-PS4-1,conceptual,How can you tell from a wave diagram which wave has more energy?,fk_grade=4.9_out_of_band,1
MS-PS4,MS-PS4-1,conceptual,Why does a wave need energy to have a large amplitude?,fk_grade=4.8_out_of_band,1
MS-PS4,MS-PS4-1,conceptual,"How is amplitude different from the frequency of a wave, and why does only amplitude tell us about energy in a simple wave model?",fk_grade=12.5_out_of_band,1
MS-PS4,MS-PS4-1,conceptual,Why can a high-amplitude sound wave physically damage your hearing but a low-amplitude sound wave cannot?,fk_grade=9.8_out_of_band,1
MS-PS4,MS-PS4-1,conceptual,Why do waves with the same frequency but different amplitudes carry different amounts of energy?,fk_grade=11.5_out_of_band,1
MS-PS4,MS-PS4-1,conceptual,How does the mathematical relationship between amplitude and energy help engineers design safer buildings in earthquake-prone areas?,fk_grade=17.4_out_of_band,1
MS-PS4,MS-PS4-1,conceptual,Why does a wave gradually lose its large amplitude as it passes through a dense material?,fk_grade=9.1_out_of_band,1
MS-PS4,MS-PS4-1,conceptual,How does understanding the relationship between amplitude and energy help explain why tsunamis are so destructive?,fk_grade=12.8_out_of_band,1
MS-PS4,MS-PS4-2,conceptual,Why does a mirror reflect light instead of letting it pass through?,fk_grade=4.8_out_of_band,1
MS-PS4,MS-PS4-2,conceptual,Why can light pass through glass but not through a wooden door?,fk_grade=1.9_out_of_band,1
MS-PS4,MS-PS4-2,conceptual,Why does an echo happen when you shout near a large wall or cliff?,fk_grade=3.4_out_of_band,1
MS-PS4,MS-PS4-2,conceptual,Why do sunglasses protect your eyes from bright light?,fk_grade=3.7_out_of_band,1
MS-PS4,MS-PS4-2,conceptual,"Why does a smooth, calm lake surface act like a mirror for light?",fk_grade=3.1_out_of_band,1
MS-PS4,MS-PS4-2,conceptual,Why does foam or carpet absorb sound better than a hard tile floor?,fk_grade=4.0_out_of_band,1
MS-PS4,MS-PS4-2,conceptual,Why does wearing sunscreen help protect your skin from the sun?,fk_grade=3.7_out_of_band,1
MS-PS4,MS-PS4-2,conceptual,Why does a thick concrete wall block more sound than a thin cardboard wall?,fk_grade=3.4_out_of_band,1
MS-PS4,MS-PS4-2,conceptual,Why do we use metal foil in walls to help keep buildings warm?,fk_grade=3.1_out_of_band,1
MS-PS4,MS-PS4-2,conceptual,Why does frosted glass let light through but still block a clear view?,fk_grade=2.2_out_of_band,1
MS-PS4,MS-PS4-2,conceptual,Why do doctors use X-rays to look at bones inside your body?,fk_grade=3.8_out_of_band,1
MS-PS4,MS-PS4-3,conceptual,How does a digital signal represent information using only two values?,fk_grade=12.3_out_of_band,1
MS-PS4,MS-PS4-3,conceptual,Why is a digital signal easier to clean up after it picks up noise than an analog signal?,fk_grade=9.1_out_of_band,1
MS-PS4,MS-PS4-3,conceptual,Why can the same digital file be copied over and over without losing quality?,fk_grade=9.3_out_of_band,1
MS-PS4,MS-PS4-3,conceptual,How do repeater stations help digital signals travel long distances without losing information?,fk_grade=14.0_out_of_band,1
MS-PS4,MS-PS4-3,conceptual,Why can a single fiber-optic cable carry millions of phone calls at the same time using digital signals?,fk_grade=10.4_out_of_band,1
MS-PS4,MS-PS4-3,conceptual,"Why does a digital photograph look the same on any device, while an analog photograph can fade or change color over time?",fk_grade=11.2_out_of_band,1
MS-PS4,MS-PS4-3,conceptual,How does error-checking help make digital signals more reliable?,fk_grade=10.2_out_of_band,1
MS-PS4,MS-PS4-3,conceptual,Why is it important that a digital signal only needs to be 'on' or 'off' rather than an exact level?,fk_grade=9.3_out_of_band,1
MS-PS4,MS-PS4-3,conceptual,Why do radio stations that broadcast digitally sound clearer than those that broadcast in analog FM?,fk_grade=11.3_out_of_band,1
MS-PS4,MS-PS4-3,conceptual,"Why can digital signals carry more types of information—like video, voice, and text—over the same wire than analog signals can?",fk_grade=12.9_out_of_band,1
MS-PS4,MS-PS4-3,conceptual,Why is digital encryption easier to apply to digital signals than to analog signals?,fk_grade=12.6_out_of_band,1
MS-PS4,MS-PS4-3,conceptual,Why do scientists and engineers prefer to store experimental data digitally rather than on analog instruments like chart recorders?,fk_grade=16.0_out_of_band,1
MS-PS4,MS-PS4-1,applied,You drop a small pebble in a pond and it makes tiny ripples. Your friend drops a large rock and makes huge ripples. How does this show the connection between amplitude and energy?,fk_grade=4.4_out_of_band,1
MS-PS4,MS-PS4-1,applied,You're standing right next to a concert speaker and the sound is very loud. Your friend is far away and barely hears it. The amplitude of the waves reaching your ear is much larger. What does this mean about the energy reaching each of you?,fk_grade=4.3_out_of_band,1
MS-PS4,MS-PS4-1,applied,"A student hits a drum lightly and sees a small wave on a computer screen. Then she hits it hard and sees a much taller wave. What does the height of the wave represent, and how does it connect to energy?",fk_grade=4.4_out_of_band,1
MS-PS4,MS-PS4-1,applied,"A microwave oven's power setting controls how much energy the microwaves deliver to your food. If you increase the power setting, what happens to the amplitude of the microwaves and why does food heat up faster?",fk_grade=9.8_out_of_band,1
MS-PS4,MS-PS4-1,applied,"Two students are testing water waves in a tank. Student A pushes the water gently and Student B pushes hard. Student B's waves have twice the amplitude of Student A's. Whose waves carry more energy, and how much more?",fk_grade=4.9_out_of_band,1
MS-PS4,MS-PS4-1,applied,A lifeguard uses a loud whistle to get swimmers' attention in an emergency. Why does a louder whistle—one that produces sound waves with greater amplitude—work better than a quiet one?,fk_grade=9.1_out_of_band,1
MS-PS4,MS-PS4-1,applied,A dentist uses a low-power ultrasound device to clean teeth. A much higher-amplitude ultrasound machine can break up kidney stones inside the body. What does this tell you about the relationship between amplitude and the energy available to do work?,fk_grade=10.0_out_of_band,1
MS-PS4,MS-PS4-2,applied,Why does a dark-colored asphalt road feel so hot on a sunny day compared to a light-colored concrete sidewalk nearby?,fk_grade=9.9_out_of_band,1
MS-PS4,MS-PS4-2,applied,"When you stand in front of a mirror and wave, your reflection waves back. Which wave behavior explains this?",fk_grade=3.6_out_of_band,1
MS-PS4,MS-PS4-2,applied,Why can you hear someone talking in the next room even when the door is closed?,fk_grade=4.7_out_of_band,1
MS-PS4,MS-PS4-2,applied,"If you yell toward a large flat wall from far away, you might hear an echo. What wave behavior causes this?",fk_grade=3.7_out_of_band,1
MS-PS4,MS-PS4-2,applied,Why do noise-canceling foam panels on a recording studio wall help reduce echoes inside the room?,fk_grade=10.6_out_of_band,1
MS-PS4,MS-PS4-2,applied,"If you put your hand behind a piece of cardboard while a friend shines a flashlight at it, your hand stays in shadow. What happened to the light?",fk_grade=3.8_out_of_band,1
MS-PS4,MS-PS4-2,applied,"When light hits the surface of a still pond, you can see a clear reflection of the trees above. What does the pond's surface do to the light?",fk_grade=3.8_out_of_band,1
MS-PS4,MS-PS4-3,applied,"If you are listening to music on an old vinyl record and the record gets a scratch, what happens to the sound you hear, and why does this show a weakness of analog signals?",fk_grade=13.3_out_of_band,1
MS-PS4,MS-PS4-3,applied,"A photographer takes the same photo on a film camera and a digital camera, then makes 10 copies of each. Why do the digital copies all look identical while the film copies gradually look worse?",fk_grade=10.1_out_of_band,1
MS-PS4,MS-PS4-3,applied,You are watching a DVD and the disc has a small smudge on it. The movie still plays perfectly. How does the digital nature of the disc allow this to happen?,fk_grade=4.4_out_of_band,1
MS-PS4,MS-PS4-3,applied,"If you fax a handwritten note 10 times in a row, each fax made from the previous copy, why does the note become harder to read by the tenth copy?",fk_grade=11.1_out_of_band,1
MS-PS4,MS-PS4-3,applied,"Your friend says that digital TV channels look perfectly clear or completely unwatchable, with no in-between fuzzy picture. Why does digital TV behave this way compared to old analog TV?",fk_grade=10.7_out_of_band,1
MS-PS4,MS-PS4-3,applied,A musician records a song and sends it to a friend on the other side of the world over the internet. Why does the digital audio file sound exactly like the original recording even after traveling so far?,fk_grade=10.5_out_of_band,1
MS-PS4,MS-PS4-3,applied,A doctor receives an X-ray image sent digitally from another hospital. How does sending it digitally help make sure the doctor sees the same image the other hospital sent?,fk_grade=9.6_out_of_band,1
MS-PS4,MS-PS4-3,applied,"Think about walkie-talkies used by hikers. Old walkie-talkies sent analog voice signals, and voices got garbled in mountainous areas. How would switching to digital walkie-talkies improve communication in those conditions?",fk_grade=9.6_out_of_band,1
MS-PS4,MS-PS4-3,applied,A pilot in an airplane needs clear instructions from air traffic control. Why is it important that modern air traffic control communications are moving toward digital transmission instead of traditional analog radio?,fk_grade=13.1_out_of_band,1
MS-LS1,MS-LS1-1,recall,What is a cell?,fk_grade=-2.2_out_of_band,1
MS-LS1,MS-LS1-1,recall,What is the difference between a unicellular organism and a multicellular organism?,fk_grade=17.6_out_of_band,1
MS-LS1,MS-LS1-1,recall,What is an example of a unicellular organism?,fk_grade=12.6_out_of_band,1
MS-LS1,MS-LS1-1,recall,What tool do scientists use to see cells?,fk_grade=2.3_out_of_band,1
MS-LS1,MS-LS1-1,recall,What is cell theory?,fk_grade=0.7_out_of_band,1
MS-LS1,MS-LS1-1,recall,What is a tissue?,fk_grade=0.7_out_of_band,1
MS-LS1,MS-LS1-2,recall,What is a cell membrane?,fk_grade=0.5_out_of_band,1
MS-LS1,MS-LS1-2,recall,What is the function of the nucleus in a cell?,fk_grade=3.7_out_of_band,1
MS-LS1,MS-LS1-2,recall,What organelle is known as the powerhouse of the cell?,fk_grade=3.7_out_of_band,1
MS-LS1,MS-LS1-2,recall,What is a ribosome?,fk_grade=3.7_out_of_band,1
MS-LS1,MS-LS1-2,recall,What does the cell wall do in a plant cell?,fk_grade=0.1_out_of_band,1
MS-LS1,MS-LS1-2,recall,What is the endoplasmic reticulum?,fk_grade=10.0_out_of_band,1
MS-LS1,MS-LS1-2,recall,What is a vacuole?,fk_grade=0.7_out_of_band,1
MS-LS1,MS-LS1-3,recall,What is a tissue in the human body?,fk_grade=3.8_out_of_band,1
MS-LS1,MS-LS1-3,recall,What is an organ?,fk_grade=0.7_out_of_band,1
MS-LS1,MS-LS1-3,recall,What is an organ system?,fk_grade=2.9_out_of_band,1
MS-LS1,MS-LS1-3,recall,"What is the correct order of organization in the body, from smallest to largest?",fk_grade=9.3_out_of_band,1
MS-LS1,MS-LS1-3,recall,What does the nervous system do in the body?,fk_grade=3.7_out_of_band,1
MS-LS1,MS-LS1-4,recall,What is pollination?,fk_grade=9.2_out_of_band,1
MS-LS1,MS-LS1-4,recall,What is seed dispersal?,fk_grade=3.7_out_of_band,1
MS-LS1,MS-LS1-4,recall,What is a fruit in terms of plant reproduction?,fk_grade=3.7_out_of_band,1
MS-LS1,MS-LS1-5,recall,What is a gene?,fk_grade=-2.2_out_of_band,1
MS-LS1,MS-LS1-5,recall,What does the term 'environmental factor' mean when talking about the growth of organisms?,fk_grade=10.1_out_of_band,1
MS-LS1,MS-LS1-5,recall,What is a nutrient?,fk_grade=3.7_out_of_band,1
MS-LS1,MS-LS1-5,recall,What is phototropism?,fk_grade=1.3_out_of_band,1
MS-LS1,MS-LS1-6,recall,What is photosynthesis?,fk_grade=13.1_out_of_band,1
MS-LS1,MS-LS1-6,recall,What are the raw materials (reactants) needed for photosynthesis?,fk_grade=12.8_out_of_band,1
MS-LS1,MS-LS1-6,recall,What products are made during photosynthesis?,fk_grade=10.4_out_of_band,1
MS-LS1,MS-LS1-6,recall,In which part of a plant cell does photosynthesis take place?,fk_grade=4.8_out_of_band,1
MS-LS1,MS-LS1-6,recall,Where does the carbon in the glucose made during photosynthesis originally come from?,fk_grade=11.3_out_of_band,1
MS-LS1,MS-LS1-7,recall,What is cellular respiration?,fk_grade=12.5_out_of_band,1
MS-LS1,MS-LS1-7,recall,What does it mean when scientists say matter is 'conserved' during a chemical reaction?,fk_grade=9.3_out_of_band,1
MS-LS1,MS-LS1-7,recall,What are the raw materials (reactants) needed for cellular respiration?,fk_grade=13.1_out_of_band,1
MS-LS1,MS-LS1-8,recall,What is a stimulus?,fk_grade=3.7_out_of_band,1
MS-LS1,MS-LS1-8,recall,What organ receives and processes messages sent by sensory receptors?,fk_grade=11.9_out_of_band,1
MS-LS1,MS-LS1-8,recall,What is a reflex?,fk_grade=0.7_out_of_band,1
MS-LS1,MS-LS1-8,recall,What is a memory?,fk_grade=3.7_out_of_band,1
MS-LS1,MS-LS1-1,conceptual,Why can't we see most cells with just our eyes?,fk_grade=1.3_out_of_band,1
MS-LS1,MS-LS1-1,conceptual,Why are cells called the basic unit of life?,fk_grade=2.3_out_of_band,1
MS-LS1,MS-LS1-1,conceptual,"Why do larger, more complex organisms have many different types of cells instead of just one type?",fk_grade=9.1_out_of_band,1
MS-LS1,MS-LS1-1,conceptual,How does the invention of the microscope help scientists understand that living things are made of cells?,fk_grade=9.1_out_of_band,1
MS-LS1,MS-LS1-1,conceptual,Why do scientists cut tissue into very thin slices before looking at it under a microscope?,fk_grade=10.6_out_of_band,1
MS-LS1,MS-LS1-1,conceptual,How do we know that a rock is not made of cells but a leaf is?,fk_grade=2.4_out_of_band,1
MS-LS1,MS-LS1-2,conceptual,Why does a cell need a membrane around it?,fk_grade=2.3_out_of_band,1
MS-LS1,MS-LS1-2,conceptual,Why do plant cells have a rigid cell wall but animal cells don't?,fk_grade=4.0_out_of_band,1
MS-LS1,MS-LS1-2,conceptual,How does the cell membrane let some things in but keep other things out?,fk_grade=3.4_out_of_band,1
MS-LS1,MS-LS1-2,conceptual,Why do plant cells have chloroplasts but animal cells don't?,fk_grade=4.8_out_of_band,1
MS-LS1,MS-LS1-3,conceptual,How does the digestive system work together with the circulatory system to get nutrients to your body's cells?,fk_grade=11.8_out_of_band,1
MS-LS1,MS-LS1-3,conceptual,Why would serious damage to the respiratory system also cause problems for the muscular system?,fk_grade=12.3_out_of_band,1
MS-LS1,MS-LS1-3,conceptual,How do individual cells working together in a tissue make it possible for an organ to do its job?,fk_grade=10.5_out_of_band,1
MS-LS1,MS-LS1-3,conceptual,Why is it important that the nervous system can communicate quickly with other body systems?,fk_grade=10.7_out_of_band,1
MS-LS1,MS-LS1-3,conceptual,"How does the organization of cells into tissues, organs, and organ systems help the body survive?",fk_grade=10.6_out_of_band,1
MS-LS1,MS-LS1-4,conceptual,"Why do some plants produce fruits with sweet, tasty flesh around their seeds?",fk_grade=4.0_out_of_band,1
MS-LS1,MS-LS1-4,conceptual,How does a salmon's behavior of swimming upstream to its birthplace help ensure successful reproduction?,fk_grade=10.7_out_of_band,1
MS-LS1,MS-LS1-5,conceptual,How does the amount of light a plant receives affect how well it grows?,fk_grade=4.2_out_of_band,1
MS-LS1,MS-LS1-5,conceptual,How does a lack of nutrients in the soil cause a plant to grow more slowly?,fk_grade=4.7_out_of_band,1
MS-LS1,MS-LS1-5,conceptual,How does temperature affect the growth rate of a plant?,fk_grade=3.7_out_of_band,1
MS-LS1,MS-LS1-6,conceptual,Why do plants need sunlight to make their own food?,fk_grade=1.3_out_of_band,1
MS-LS1,MS-LS1-6,conceptual,How does carbon from the air end up becoming part of a plant's leaves?,fk_grade=4.2_out_of_band,1
MS-LS1,MS-LS1-6,conceptual,Why are plants considered producers in a food web?,fk_grade=5.0_out_of_band,1
MS-LS1,MS-LS1-6,conceptual,Why does photosynthesis matter for cycling carbon between living things and the atmosphere?,fk_grade=12.2_out_of_band,1
MS-LS1,MS-LS1-7,conceptual,Why does your body produce heat when it breaks down food for energy?,fk_grade=4.9_out_of_band,1
MS-LS1,MS-LS1-7,conceptual,Why does a growing child need to eat more food than an adult who stays the same size?,fk_grade=4.5_out_of_band,1
MS-LS1,MS-LS1-8,conceptual,How does touching a hot stove cause you to pull your hand away so quickly?,fk_grade=4.4_out_of_band,1
MS-LS1,MS-LS1-8,conceptual,Why is it easier to remember information when you use multiple senses while learning it?,fk_grade=10.7_out_of_band,1
MS-LS1,MS-LS1-1,applied,"If you gently scrape the inside of your cheek and look at the sample under a microscope, what would you expect to see, and what does that tell you about your body?",fk_grade=12.0_out_of_band,1
MS-LS1,MS-LS1-1,applied,"If you peel a thin layer of onion skin and place it under a microscope, what would you observe that proves the onion is a living thing?",fk_grade=10.2_out_of_band,1
MS-LS1,MS-LS1-1,applied,"If a scientist finds a mysterious tiny blob and wants to know if it is a living thing, what is the first thing they should check under a microscope?",fk_grade=11.6_out_of_band,1
MS-LS1,MS-LS1-1,applied,"If you examine a thin slice of a mushroom under a microscope, what would you expect to find that shows mushrooms are living things?",fk_grade=10.0_out_of_band,1
MS-LS1,MS-LS1-1,applied,A classmate claims that a large redwood tree must have bigger cells than a small fern because the tree is so much larger. Do you think this is correct? Why or why not?,fk_grade=2.6_out_of_band,1
MS-LS1,MS-LS1-2,applied,"A plant cell is kept in a completely dark closet for several weeks. Which organelle would be unable to do its job, and what does that mean for the cell?",fk_grade=4.8_out_of_band,1
MS-LS1,MS-LS1-2,applied,"If a scientist removed the nucleus from a cell, would the cell still be able to make new proteins? Why or why not?",fk_grade=4.3_out_of_band,1
MS-LS1,MS-LS1-3,applied,"A student has a disease that destroys the cells lining her small intestine. Even though she eats plenty of food, her muscle cells are weak and low on energy. How do these two things connect?",fk_grade=4.8_out_of_band,1
MS-LS1,MS-LS1-3,applied,"When you hold your breath for a few seconds, why do your muscle cells start to run low on oxygen even though your lungs still have some air in them?",fk_grade=9.9_out_of_band,1
MS-LS1,MS-LS1-4,applied,"If a male peacock with a large, colorful tail lives in the same area as a male peacock with a dull, small tail, which one is more likely to attract a mate and reproduce successfully?",fk_grade=14.2_out_of_band,1
MS-LS1,MS-LS1-4,applied,Salmon swim from the ocean all the way back to the freshwater stream where they were born in order to lay their eggs. How does this homing behavior improve the chances of successful reproduction compared to laying eggs just anywhere in the ocean?,fk_grade=10.1_out_of_band,1
MS-LS1,MS-LS1-5,applied,A puppy from a breed known to reach 60 pounds is raised on very little food. Will it grow to 60 pounds as an adult? Why or why not?,fk_grade=1.6_out_of_band,1
MS-LS1,MS-LS1-5,applied,"If you move a houseplant from a small pot into a much larger pot with fresh soil, what do you predict will happen to the plant's growth, and which type of factor are you changing?",fk_grade=12.2_out_of_band,1
MS-LS1,MS-LS1-5,applied,A child who is genetically programmed to be tall grows up without getting enough protein in their diet. Would you expect them to reach the height their genes predicted? Why or why not?,fk_grade=4.8_out_of_band,1
MS-LS1,MS-LS1-6,applied,A farmer grows wheat in a field all summer. Where does most of the mass of the wheat plant actually come from?,fk_grade=3.2_out_of_band,1
MS-LS1,MS-LS1-6,applied,"If you put a healthy green plant in a completely dark closet for several weeks, what would happen to its stored sugar and why?",fk_grade=9.0_out_of_band,1
MS-LS1,MS-LS1-6,applied,"If all the plants in a forest were suddenly removed, what would happen to the amount of carbon dioxide in the air above that forest over time?",fk_grade=12.0_out_of_band,1
MS-LS1,MS-LS1-6,applied,A gardener adds water and fertilizer to a tomato plant but keeps it in a dark basement. Will the plant grow and produce tomatoes? Why or why not?,fk_grade=4.9_out_of_band,1
MS-LS1,MS-LS1-7,applied,"If you eat a peanut butter sandwich before soccer practice, how does your body use those molecules to help you run around the field?",fk_grade=10.5_out_of_band,1
MS-LS1,MS-LS1-7,applied,"If you eat a steak, will the protein molecules from the steak become protein molecules in your own muscles directly?",fk_grade=9.9_out_of_band,1
MS-LS1,MS-LS1-8,applied,"If you accidentally touch a hot stove, what happens in your nervous system that causes you to pull your hand away so quickly?",fk_grade=10.3_out_of_band,1
MS-LS1,MS-LS1-8,applied,"When you smell cookies baking and suddenly remember being at your grandmother's house, which part of the nervous system process is happening?",fk_grade=12.3_out_of_band,1
MS-LS1,MS-LS1-8,applied,"If you are walking and step on a sharp rock through your shoe, how does your body use sensory receptors to change your behavior?",fk_grade=9.5_out_of_band,1
MS-LS1,MS-LS1-8,applied,"Why do you blink automatically when a bug flies close to your eye, even before you consciously decide to blink?",fk_grade=9.3_out_of_band,1
MS-LS1,MS-LS1-8,applied,A student studies vocabulary words and then takes a test the next day. How does the idea of sensory receptors sending messages to the brain explain how the student is able to remember those words?,fk_grade=9.8_out_of_band,1
MS-LS2,MS-LS2-1,recall,What is carrying capacity?,fk_grade=12.5_out_of_band,1
MS-LS2,MS-LS2-1,recall,What is competition in an ecosystem?,fk_grade=10.4_out_of_band,1
MS-LS2,MS-LS2-1,recall,What does 'resource availability' mean?,fk_grade=12.3_out_of_band,1
MS-LS2,MS-LS2-1,recall,What happens to a plant population if the amount of sunlight available in an area decreases significantly?,fk_grade=14.6_out_of_band,1
MS-LS2,MS-LS2-2,recall,What is a predator?,fk_grade=3.7_out_of_band,1
MS-LS2,MS-LS2-2,recall,What is a food web?,fk_grade=-1.8_out_of_band,1
MS-LS2,MS-LS2-2,recall,What is mutualism?,fk_grade=13.1_out_of_band,1
MS-LS2,MS-LS2-2,recall,What is commensalism?,fk_grade=9.2_out_of_band,1
MS-LS2,MS-LS2-2,recall,What is competition in an ecosystem?,fk_grade=10.4_out_of_band,1
MS-LS2,MS-LS2-2,recall,What does the term 'symbiosis' mean?,fk_grade=2.5_out_of_band,1
MS-LS2,MS-LS2-2,recall,What is a keystone species?,fk_grade=2.9_out_of_band,1
MS-LS2,MS-LS2-2,recall,What is coevolution?,fk_grade=9.2_out_of_band,1
MS-LS2,MS-LS2-3,recall,What is a food web?,fk_grade=-1.8_out_of_band,1
MS-LS2,MS-LS2-3,recall,What is the water cycle?,fk_grade=2.9_out_of_band,1
MS-LS2,MS-LS2-3,recall,What is the carbon cycle?,fk_grade=2.9_out_of_band,1
MS-LS2,MS-LS2-3,recall,What is photosynthesis?,fk_grade=13.1_out_of_band,1
MS-LS2,MS-LS2-3,recall,What is a food chain?,fk_grade=-1.8_out_of_band,1
MS-LS2,MS-LS2-4,recall,What is a population in an ecosystem?,fk_grade=9.1_out_of_band,1
MS-LS2,MS-LS2-4,recall,What does the term 'ecosystem' mean?,fk_grade=4.5_out_of_band,1
MS-LS2,MS-LS2-4,recall,What is a biotic component of an ecosystem?,fk_grade=9.7_out_of_band,1
MS-LS2,MS-LS2-4,recall,What is an abiotic component of an ecosystem?,fk_grade=9.7_out_of_band,1
MS-LS2,MS-LS2-4,recall,What is carrying capacity?,fk_grade=12.5_out_of_band,1
MS-LS2,MS-LS2-4,recall,What is a predator-prey relationship?,fk_grade=10.0_out_of_band,1
MS-LS2,MS-LS2-4,recall,What does it mean when a species goes extinct?,fk_grade=2.3_out_of_band,1
MS-LS2,MS-LS2-4,recall,What is habitat destruction?,fk_grade=9.6_out_of_band,1
MS-LS2,MS-LS2-4,recall,What is a keystone species?,fk_grade=2.9_out_of_band,1
MS-LS2,MS-LS2-5,recall,What is biodiversity?,fk_grade=17.0_out_of_band,1
MS-LS2,MS-LS2-5,recall,What are ecosystem services?,fk_grade=12.5_out_of_band,1
MS-LS2,MS-LS2-5,recall,What does it mean when a species is called a keystone species?,fk_grade=3.8_out_of_band,1
MS-LS2,MS-LS2-5,recall,What is habitat fragmentation?,fk_grade=12.5_out_of_band,1
MS-LS2,MS-LS2-5,recall,What does the term 'invasive species' mean?,fk_grade=4.0_out_of_band,1
MS-LS2,MS-LS2-5,recall,What is reforestation?,fk_grade=13.1_out_of_band,1
MS-LS2,MS-LS2-5,recall,What does the term 'endangered species' mean?,fk_grade=4.0_out_of_band,1
MS-LS2,MS-LS2-5,recall,"What is a monoculture, and why can it reduce biodiversity?",fk_grade=9.6_out_of_band,1
MS-LS2,MS-LS2-1,conceptual,How does a drought affect the populations of animals that live in a grassland ecosystem?,fk_grade=9.9_out_of_band,1
MS-LS2,MS-LS2-1,conceptual,"Why do organisms that live in a small, isolated habitat tend to have smaller populations than those in a large habitat?",fk_grade=12.3_out_of_band,1
MS-LS2,MS-LS2-1,conceptual,How does removing trees from a forest affect the populations of animals that live there?,fk_grade=9.1_out_of_band,1
MS-LS2,MS-LS2-1,conceptual,Why does a population of wolves decrease after the deer population in their ecosystem drops sharply?,fk_grade=11.3_out_of_band,1
MS-LS2,MS-LS2-2,conceptual,"Why do predator and prey populations tend to rise and fall together in a cycle, whether you're looking at a forest or a grassland?",fk_grade=11.5_out_of_band,1
MS-LS2,MS-LS2-2,conceptual,How does competition between two species for the same resource affect their populations?,fk_grade=10.4_out_of_band,1
MS-LS2,MS-LS2-2,conceptual,Why don't parasites usually kill their hosts immediately?,fk_grade=12.6_out_of_band,1
MS-LS2,MS-LS2-2,conceptual,"Why do mutualistic relationships, like bees and flowers, appear in so many different ecosystems around the world?",fk_grade=13.9_out_of_band,1
MS-LS2,MS-LS2-2,conceptual,Why do invasive species often cause so much damage when they are introduced to a new ecosystem?,fk_grade=9.8_out_of_band,1
MS-LS2,MS-LS2-2,conceptual,How does a symbiotic relationship like the one between clownfish and sea anemones help both organisms survive?,fk_grade=11.2_out_of_band,1
MS-LS2,MS-LS2-2,conceptual,"Why do organisms in very different ecosystems—like a desert and a rainforest—still show the same basic types of interactions such as predation, competition, and mutualism?",fk_grade=17.8_out_of_band,1
MS-LS2,MS-LS2-2,conceptual,Why do some species that compete in one ecosystem manage to coexist by splitting up how they use resources?,fk_grade=10.5_out_of_band,1
MS-LS2,MS-LS2-2,conceptual,How does the relationship between decomposers and other organisms stay important across every type of ecosystem?,fk_grade=15.7_out_of_band,1
MS-LS2,MS-LS2-3,conceptual,Why do plants need both sunlight and matter from the soil and air to grow?,fk_grade=3.6_out_of_band,1
MS-LS2,MS-LS2-3,conceptual,Why would removing all the decomposers from an ecosystem cause problems for producers like plants?,fk_grade=9.9_out_of_band,1
MS-LS2,MS-LS2-3,conceptual,Why do food webs need producers at the base in order to function?,fk_grade=4.9_out_of_band,1
MS-LS2,MS-LS2-3,conceptual,How does carbon stored in the body of a dead animal eventually end up back in the atmosphere?,fk_grade=9.8_out_of_band,1
MS-LS2,MS-LS2-3,conceptual,Why does eating lower on the food chain—like eating plants instead of meat—make more energy available to humans?,fk_grade=11.1_out_of_band,1
MS-LS2,MS-LS2-4,conceptual,"How does adding too many nutrients, like fertilizer runoff, to a lake affect the fish population?",fk_grade=11.3_out_of_band,1
MS-LS2,MS-LS2-4,conceptual,How does a wildfire change the populations of animals that depend on mature trees?,fk_grade=9.3_out_of_band,1
MS-LS2,MS-LS2-4,conceptual,Why do populations of plants and animals near a volcano often crash right after an eruption?,fk_grade=10.6_out_of_band,1
MS-LS2,MS-LS2-4,conceptual,How does the introduction of an invasive plant species affect native animal populations?,fk_grade=13.1_out_of_band,1
MS-LS2,MS-LS2-4,conceptual,"How does a drop in temperature, like an unusually long winter, affect insect populations the following spring?",fk_grade=12.6_out_of_band,1
MS-LS2,MS-LS2-5,conceptual,Why does losing one species in an ecosystem sometimes cause many other species to disappear too?,fk_grade=10.6_out_of_band,1
MS-LS2,MS-LS2-5,conceptual,Why do scientists consider ecosystem services when deciding how to protect an area of land?,fk_grade=13.1_out_of_band,1
MS-LS2,MS-LS2-5,conceptual,How does creating wildlife corridors between habitat patches help maintain biodiversity?,fk_grade=16.6_out_of_band,1
MS-LS2,MS-LS2-5,conceptual,Why can introducing a non-native species to restore an ecosystem sometimes make biodiversity problems worse?,fk_grade=15.4_out_of_band,1
MS-LS2,MS-LS2-5,conceptual,How does a marine protected area help fish populations recover outside its boundaries?,fk_grade=13.1_out_of_band,1
MS-LS2,MS-LS2-5,conceptual,Why is it important to maintain a variety of different species rather than just a large number of one species?,fk_grade=11.1_out_of_band,1
MS-LS2,MS-LS2-5,conceptual,How does deforestation reduce the ecosystem service of clean water supply for nearby communities?,fk_grade=14.3_out_of_band,1
MS-LS2,MS-LS2-5,conceptual,Why might a controlled burn be a better design solution for managing a fire-prone ecosystem than simply preventing all fires?,fk_grade=12.9_out_of_band,1
MS-LS2,MS-LS2-5,conceptual,How does planting a variety of native plant species in a restored habitat help more animals survive there than planting just one native species?,fk_grade=12.9_out_of_band,1
MS-LS2,MS-LS2-5,conceptual,"Why do engineers evaluate trade-offs when comparing two different solutions for protecting biodiversity, instead of just picking the cheaper one?",fk_grade=17.0_out_of_band,1
MS-LS2,MS-LS2-1,applied,"If a forest has a very large deer population but only a limited amount of grass and shrubs to eat, what would you expect to happen to the deer population?",fk_grade=13.4_out_of_band,1
MS-LS2,MS-LS2-1,applied,"If a wildfire burns down most of the trees in an area, what would happen to the squirrel population that depends on those trees for food and shelter?",fk_grade=11.8_out_of_band,1
MS-LS2,MS-LS2-1,applied,"If a river becomes polluted and the number of small fish drops dramatically, what would likely happen to the osprey population that hunts those fish?",fk_grade=12.6_out_of_band,1
MS-LS2,MS-LS2-1,applied,"If a new shopping mall is built on a meadow, reducing the open land available to field mice, what would you predict happens to the local hawk population?",fk_grade=13.0_out_of_band,1
MS-LS2,MS-LS2-2,applied,"If a disease wipes out most of the wolves in a forest, what do you predict will happen to the deer population and the plants the deer eat?",fk_grade=10.1_out_of_band,1
MS-LS2,MS-LS2-2,applied,"If farmers spray pesticides that accidentally kill off all the bees in an area, what would you predict happens to the flowering plants nearby?",fk_grade=12.5_out_of_band,1
MS-LS2,MS-LS2-2,applied,"A coral reef and a rainforest both have many species competing for food and space. If one common food source disappears in each ecosystem, would you predict similar effects on the species there?",fk_grade=9.1_out_of_band,1
MS-LS2,MS-LS2-2,applied,"If a new predatory fish is accidentally introduced into a lake, what do you predict will happen to the fish it preys on and the smaller organisms those fish used to eat?",fk_grade=14.6_out_of_band,1
MS-LS2,MS-LS2-2,applied,"If deer ticks in a forest need white-footed mice as hosts to complete their life cycle, what would you predict happens to the tick population if the mouse population suddenly drops?",fk_grade=14.0_out_of_band,1
MS-LS2,MS-LS2-2,applied,"Clownfish live among sea anemone tentacles for protection, and the anemone benefits from the clownfish keeping it clean. If sea anemones disappeared from a reef, what would you predict for the clownfish living there?",fk_grade=9.4_out_of_band,1
MS-LS2,MS-LS2-2,applied,"In a savanna, lions prey on zebras, and zebras eat grass. If a drought greatly reduces the grass, what pattern of changes would you predict for the zebra and lion populations over the following months?",fk_grade=9.4_out_of_band,1
MS-LS2,MS-LS2-3,applied,A dead tree falls in a forest and slowly rots away. Where does the matter from that tree go?,fk_grade=2.4_out_of_band,1
MS-LS2,MS-LS2-3,applied,"If a farmer stops adding fertilizer to a field but keeps harvesting crops every year, what will likely happen to the soil over time?",fk_grade=11.5_out_of_band,1
MS-LS2,MS-LS2-3,applied,"You set up a terrarium with soil, plants, and a few small insects and seal it completely. Will the plants be able to keep growing? Why or why not?",fk_grade=3.2_out_of_band,1
MS-LS2,MS-LS2-3,applied,"If you add a large number of deer to a forest ecosystem, what would happen to the amount of carbon stored in the plants over time?",fk_grade=10.4_out_of_band,1
MS-LS2,MS-LS2-3,applied,"If you remove all the decomposers from a forest, what would eventually happen to the nutrients in the soil?",fk_grade=10.5_out_of_band,1
MS-LS2,MS-LS2-3,applied,"If a grassland has lots of grass but only a few hawks at the top of the food chain, why is there so much more matter in the grass than in the hawks?",fk_grade=10.2_out_of_band,1
MS-LS2,MS-LS2-3,applied,You burn a pile of leaves in your backyard. Where does the carbon that was stored in the leaves go?,fk_grade=1.3_out_of_band,1
MS-LS2,MS-LS2-5,applied,"Two plans are proposed for a river that floods farmland: one plan builds a concrete wall along the riverbank, and the other plants native trees and grasses along the bank. Which plan better maintains biodiversity and why?",fk_grade=9.2_out_of_band,1
MS-LS2,MS-LS2-5,applied,A farmer has a pest problem and is choosing between spraying a broad pesticide that kills all insects or releasing ladybugs that eat only the pest insects. Which solution better maintains biodiversity on the farm?,fk_grade=10.8_out_of_band,1
MS-LS2,MS-LS2-5,applied,"A logging company proposes clear-cutting an entire forest, while a second company proposes selective cutting where only some trees are removed. Which approach better maintains ecosystem services, and what is one service it would preserve?",fk_grade=13.1_out_of_band,1
MS-LS2,MS-LS2-5,applied,"An invasive plant is spreading through a wetland and crowding out native species. Two solutions are proposed: draining the wetland to remove the plant, or manually pulling out the invasive plant and replanting natives. Which solution better maintains ecosystem services?",fk_grade=10.6_out_of_band,1
MS-LS3,MS-LS3-1,recall,What is a gene?,fk_grade=-2.2_out_of_band,1
MS-LS3,MS-LS3-1,recall,What is a chromosome?,fk_grade=3.7_out_of_band,1
MS-LS3,MS-LS3-1,recall,What is a mutation?,fk_grade=3.7_out_of_band,1
MS-LS3,MS-LS3-1,recall,What is a protein?,fk_grade=0.7_out_of_band,1
MS-LS3,MS-LS3-1,recall,What molecule carries the genetic instructions inside a cell's nucleus?,fk_grade=11.9_out_of_band,1
MS-LS3,MS-LS3-1,recall,What are the four bases that make up DNA?,fk_grade=3.7_out_of_band,1
MS-LS3,MS-LS3-1,recall,What is a structural change to a gene called?,fk_grade=2.3_out_of_band,1
MS-LS3,MS-LS3-1,recall,What is a beneficial mutation?,fk_grade=10.0_out_of_band,1
MS-LS3,MS-LS3-1,recall,How many chromosomes do human body cells normally contain?,fk_grade=10.2_out_of_band,1
MS-LS3,MS-LS3-1,recall,What cell organelle reads the instructions from a gene to build a protein?,fk_grade=4.9_out_of_band,1
MS-LS3,MS-LS3-1,recall,What is the name of the molecule that carries the genetic message from DNA in the nucleus to the ribosome?,fk_grade=11.1_out_of_band,1
MS-LS3,MS-LS3-1,recall,Can mutations happen in non-reproductive body cells?,fk_grade=12.4_out_of_band,1
MS-LS3,MS-LS3-1,recall,What is a frameshift mutation?,fk_grade=2.9_out_of_band,1
MS-LS3,MS-LS3-1,recall,What is the role of hemoglobin in the body?,fk_grade=5.0_out_of_band,1
MS-LS3,MS-LS3-2,recall,What is asexual reproduction?,fk_grade=15.5_out_of_band,1
MS-LS3,MS-LS3-2,recall,What is sexual reproduction?,fk_grade=12.5_out_of_band,1
MS-LS3,MS-LS3-2,recall,What is a gene?,fk_grade=-2.2_out_of_band,1
MS-LS3,MS-LS3-2,recall,What is genetic variation?,fk_grade=12.5_out_of_band,1
MS-LS3,MS-LS3-2,recall,What is a gamete?,fk_grade=0.7_out_of_band,1
MS-LS3,MS-LS3-2,recall,What is fertilization?,fk_grade=13.1_out_of_band,1
MS-LS3,MS-LS3-2,recall,What is a zygote?,fk_grade=0.7_out_of_band,1
MS-LS3,MS-LS3-2,recall,What type of cell division is used in asexual reproduction?,fk_grade=9.6_out_of_band,1
MS-LS3,MS-LS3-2,recall,How many chromosomes are in a human egg or sperm cell?,fk_grade=4.8_out_of_band,1
MS-LS3,MS-LS3-2,recall,What is a clone?,fk_grade=-2.2_out_of_band,1
MS-LS3,MS-LS3-2,recall,Give one example of an organism that reproduces asexually.,fk_grade=14.1_out_of_band,1
MS-LS3,MS-LS3-2,recall,Why do offspring from sexual reproduction have different traits than either parent?,fk_grade=10.7_out_of_band,1
MS-LS3,MS-LS3-2,recall,What is an allele?,fk_grade=3.7_out_of_band,1
MS-LS3,MS-LS3-2,recall,What is a trait?,fk_grade=-2.2_out_of_band,1
MS-LS3,MS-LS3-2,recall,Why does meiosis lead to genetic variation?,fk_grade=10.7_out_of_band,1
MS-LS3,MS-LS3-2,recall,What is vegetative reproduction?,fk_grade=15.5_out_of_band,1
MS-LS3,MS-LS3-2,recall,What is a diploid cell?,fk_grade=-1.8_out_of_band,1
MS-LS3,MS-LS3-2,recall,What is a haploid cell?,fk_grade=0.5_out_of_band,1
MS-LS3,MS-LS3-2,recall,"Which type of reproduction produces more genetic diversity in a population, sexual or asexual?",fk_grade=16.8_out_of_band,1
MS-LS3,MS-LS3-1,conceptual,Why do changes in a gene sometimes change the protein that gene makes?,fk_grade=4.0_out_of_band,1
MS-LS3,MS-LS3-1,conceptual,How does a mutation in DNA actually lead to a different protein?,fk_grade=10.7_out_of_band,1
MS-LS3,MS-LS3-1,conceptual,Why does the shape of a protein matter so much for how it works?,fk_grade=3.4_out_of_band,1
MS-LS3,MS-LS3-1,conceptual,Why are some mutations beneficial to an organism?,fk_grade=11.1_out_of_band,1
MS-LS3,MS-LS3-1,conceptual,Why doesn't every mutation cause a noticeable change in an organism?,fk_grade=12.3_out_of_band,1
MS-LS3,MS-LS3-1,conceptual,How can a mutation that adds or removes a DNA base cause more damage than a mutation that just swaps one base?,fk_grade=9.1_out_of_band,1
MS-LS3,MS-LS3-1,conceptual,Why might a mutation in a gene that controls cell division be especially dangerous?,fk_grade=9.3_out_of_band,1
MS-LS3,MS-LS3-1,conceptual,How can radiation or certain chemicals cause mutations?,fk_grade=11.1_out_of_band,1
MS-LS3,MS-LS3-1,conceptual,Why can the same mutation sometimes have different effects in different people?,fk_grade=9.7_out_of_band,1
MS-LS3,MS-LS3-1,conceptual,Why do mutations that happen in reproductive cells matter more for inheritance than mutations in other body cells?,fk_grade=12.4_out_of_band,1
MS-LS3,MS-LS3-1,conceptual,How can a beneficial mutation help a population survive in a changing environment?,fk_grade=13.1_out_of_band,1
MS-LS3,MS-LS3-1,conceptual,Why do scientists compare gene sequences to understand how a mutation affects a protein?,fk_grade=10.9_out_of_band,1
MS-LS3,MS-LS3-1,conceptual,How does a mutation that prevents a protein from being made at all affect an organism?,fk_grade=9.1_out_of_band,1
MS-LS3,MS-LS3-1,conceptual,Why can some mutations be passed on for many generations without being noticed?,fk_grade=9.4_out_of_band,1
MS-LS3,MS-LS3-1,conceptual,How does a mutation in one gene sometimes affect multiple traits in an organism?,fk_grade=9.3_out_of_band,1
MS-LS3,MS-LS3-1,conceptual,"Why is it important that most cells in your body contain the same genetic information, including the same mutations?",fk_grade=11.7_out_of_band,1
MS-LS3,MS-LS3-1,conceptual,How does understanding mutations help scientists develop treatments for genetic diseases?,fk_grade=15.5_out_of_band,1
MS-LS3,MS-LS3-2,conceptual,Why do offspring from asexual reproduction have the exact same genetic information as their parent?,fk_grade=13.1_out_of_band,1
MS-LS3,MS-LS3-2,conceptual,Why does sexual reproduction produce offspring that are not identical to either parent?,fk_grade=12.2_out_of_band,1
MS-LS3,MS-LS3-2,conceptual,Why is genetic variation important for a population's survival?,fk_grade=15.5_out_of_band,1
MS-LS3,MS-LS3-2,conceptual,How does fertilization restore the full number of chromosomes in offspring?,fk_grade=10.2_out_of_band,1
MS-LS3,MS-LS3-2,conceptual,Why are identical twins considered an exception to the idea that sexual reproduction always creates genetic variation?,fk_grade=17.4_out_of_band,1
MS-LS3,MS-LS3-2,conceptual,How does meiosis create genetic variation even before fertilization happens?,fk_grade=17.8_out_of_band,1
MS-LS3,MS-LS3-2,conceptual,How does the random assortment of chromosomes during meiosis add to genetic variation?,fk_grade=13.1_out_of_band,1
MS-LS3,MS-LS3-2,conceptual,Why do bacteria that reproduce asexually all look nearly the same within a colony?,fk_grade=11.8_out_of_band,1
MS-LS3,MS-LS3-2,conceptual,How does sexual reproduction help a species adapt to new diseases?,fk_grade=10.2_out_of_band,1
MS-LS3,MS-LS3-2,conceptual,Why is a clone genetically identical to its original organism?,fk_grade=14.3_out_of_band,1
MS-LS3,MS-LS3-2,conceptual,How does a hydra use asexual reproduction to make a new organism?,fk_grade=10.7_out_of_band,1
MS-LS3,MS-LS3-2,conceptual,Why does a child share some traits with each parent but not all traits of either parent?,fk_grade=4.9_out_of_band,1
MS-LS3,MS-LS3-2,conceptual,How does the number of possible gene combinations explain why siblings from the same parents can look so different?,fk_grade=10.5_out_of_band,1
MS-LS3,MS-LS3-2,conceptual,Why is asexual reproduction faster than sexual reproduction for making new organisms?,fk_grade=16.6_out_of_band,1
MS-LS3,MS-LS3-2,conceptual,Why might a population that only reproduces asexually be wiped out by a new disease more easily than one that reproduces sexually?,fk_grade=15.0_out_of_band,1
MS-LS3,MS-LS3-2,conceptual,How does sexual reproduction in plants work when a bee carries pollen from one flower to another?,fk_grade=9.8_out_of_band,1
MS-LS3,MS-LS3-2,conceptual,Why does crossing over during meiosis increase genetic variation?,fk_grade=14.1_out_of_band,1
MS-LS3,MS-LS3-2,conceptual,"How does vegetative propagation, like growing a new plant from a cut stem, relate to asexual reproduction?",fk_grade=12.6_out_of_band,1
MS-LS3,MS-LS3-2,conceptual,Why do offspring from sexual reproduction sometimes show traits that neither parent seems to have?,fk_grade=9.1_out_of_band,1
MS-LS3,MS-LS3-2,conceptual,How does the model of a Punnett square help explain why sexual reproduction leads to variation?,fk_grade=10.6_out_of_band,1
MS-LS3,MS-LS3-2,conceptual,Why is asexual reproduction considered an advantage in a stable environment?,fk_grade=15.5_out_of_band,1
MS-LS3,MS-LS3-2,conceptual,How do the cells produced by mitosis compare to those produced by meiosis in terms of genetic information?,fk_grade=11.1_out_of_band,1
MS-LS3,MS-LS3-2,conceptual,Why does sexual reproduction require two parents while asexual reproduction only needs one?,fk_grade=14.9_out_of_band,1
MS-LS3,MS-LS3-1,applied,"If a mutation changes the instructions for building a protein that helps blood clot, what might happen when a person with that mutation gets a cut?",fk_grade=11.3_out_of_band,1
MS-LS3,MS-LS3-1,applied,"If a mutation in a butterfly changes its wing color from brown to bright red, making it more visible to predators, how would this likely affect the butterfly?",fk_grade=13.5_out_of_band,1
MS-LS3,MS-LS3-1,applied,"If a mutation in a bacteria makes it resistant to a specific antibiotic, would this mutation be harmful, beneficial, or neutral for the bacteria?",fk_grade=16.9_out_of_band,1
MS-LS3,MS-LS3-1,applied,"If a mutation occurs in a skin cell's DNA but not in a reproductive cell, can that mutation be passed on to the person's children?",fk_grade=11.6_out_of_band,1
MS-LS3,MS-LS3-1,applied,"If a mutation in a plant prevents it from making the protein that gives its fruit a red color, what would likely happen to the fruit's appearance?",fk_grade=11.1_out_of_band,1
MS-LS3,MS-LS3-1,applied,"If a mutation causes a fish to produce a protein that makes it glow in deep, dark ocean water, how might this affect whether the fish survives?",fk_grade=11.1_out_of_band,1
MS-LS3,MS-LS3-1,applied,"If a mutation in a frog changes a structural protein so that its legs develop shorter than normal, how might this affect the frog's ability to escape predators?",fk_grade=14.3_out_of_band,1
MS-LS3,MS-LS3-1,applied,"A gardener notices one tomato plant in the garden produces tomatoes that are twice the normal size due to a mutation. Would this likely be considered a harmful, beneficial, or neutral mutation for the plant?",fk_grade=11.1_out_of_band,1
MS-LS3,MS-LS3-1,applied,"If a mutation damages the part of a chromosome that holds instructions for making a digestive enzyme, what would happen when a person eats food that requires that enzyme?",fk_grade=14.4_out_of_band,1
MS-LS3,MS-LS3-1,applied,"If a mutation changes the structure of a protein that helps a person's immune system recognize germs, what might happen when that person gets sick?",fk_grade=11.6_out_of_band,1
MS-LS3,MS-LS3-1,applied,"If a mutation in a flower changes the protein that gives its petals their smell, making the flower odorless, how might this affect the flower's ability to reproduce?",fk_grade=14.3_out_of_band,1
MS-LS3,MS-LS3-1,applied,"If a structural protein in a person's skin is changed by a mutation, making the skin less flexible, what everyday activity might become more difficult?",fk_grade=14.0_out_of_band,1
MS-LS3,MS-LS3-1,applied,"If a mutation in a person's skin cells changes how a structural protein is built in their hair follicles, what visible change might appear?",fk_grade=11.5_out_of_band,1
MS-LS3,MS-LS3-1,applied,"If a mutation in a plant prevents it from making a protein needed to repair damaged DNA, what might happen to that plant over time when it is exposed to lots of sunlight?",fk_grade=14.1_out_of_band,1
MS-LS3,MS-LS3-1,applied,"A kitten is born with a mutation that changes the protein responsible for the coloring pattern on its fur, giving it spots instead of stripes. Would this mutation be harmful, beneficial, or neutral?",fk_grade=9.8_out_of_band,1
MS-LS3,MS-LS3-2,applied,A farmer wants to grow apple trees that produce exactly the same type of apple as the original tree. Should the farmer plant seeds from the apple or use grafting (which is asexual reproduction)? Why?,fk_grade=9.1_out_of_band,1
MS-LS3,MS-LS3-2,applied,A scientist clones a dog named Rex. Will the cloned puppy have the same genes as Rex?,fk_grade=1.6_out_of_band,1
MS-LS3,MS-LS3-2,applied,A hydra reproduces by budding — a tiny copy of itself grows off its body and breaks away. Will the new hydra be genetically identical to the parent hydra?,fk_grade=9.7_out_of_band,1
MS-LS3,MS-LS3-2,applied,"If a sea star loses an arm and that arm grows into a completely new sea star through asexual reproduction, will the new sea star have the same DNA as the original?",fk_grade=14.2_out_of_band,1
MS-LS3,MS-LS3-2,applied,A single antibiotic-resistant bacterium divides asexually millions of times. Will all the resulting bacteria also be antibiotic resistant?,fk_grade=16.8_out_of_band,1
MS-LS3,MS-LS3-2,applied,"If a flatworm (planaria) is cut in half and both halves grow into new worms through asexual reproduction, how would the DNA of the two new worms compare?",fk_grade=12.2_out_of_band,1
MS-LS3,MS-LS3-2,applied,An insect species reproduces asexually in the summer and sexually in the fall. During which season would you expect more variation among the offspring?,fk_grade=10.7_out_of_band,1
MS-LS3,MS-LS3-2,applied,A scientist needs many lab animals with the exact same genes to test a new medicine fairly. Should she use animals that reproduce asexually or sexually to get those identical animals?,fk_grade=11.4_out_of_band,1
MS-LS3,MS-LS3-2,applied,"If a yeast cell reproduces by budding (asexual) and one of the buds grows into a new yeast cell, will that new cell have the same genes as the parent yeast cell?",fk_grade=12.0_out_of_band,1
MS-LS3,MS-LS3-2,applied,Two bean plants are grown from seeds of the same parent plants. Would you expect both bean plants to look exactly the same? Why or why not?,fk_grade=1.5_out_of_band,1
MS-LS3,MS-LS3-2,applied,"A Komodo dragon can sometimes reproduce without a male through a process called parthenogenesis, which is a type of asexual reproduction. Would these offspring be genetically identical to the mother?",fk_grade=11.9_out_of_band,1
MS-LS3,MS-LS3-2,applied,Mold spreading on a piece of bread reproduces asexually by releasing spores. Will the new mold patches that grow from those spores be genetically identical to the original mold?,fk_grade=9.6_out_of_band,1
MS-LS3,MS-LS3-2,applied,A plant breeder wants to create new varieties of tomatoes with different colors and sizes. Should the breeder use cuttings or cross-pollinate different tomato plants? Why?,fk_grade=9.9_out_of_band,1
MS-LS3,MS-LS3-2,applied,A biologist discovers a population of tiny organisms that are all genetically identical. She suspects they all came from one original organism. What type of reproduction would explain how they are all identical?,fk_grade=11.9_out_of_band,1
MS-LS3,MS-LS3-2,applied,"If you take a cutting from a houseplant and root it in water to grow a new plant, will the new plant have the same genes as the original houseplant?",fk_grade=10.7_out_of_band,1
MS-LS4,MS-LS4-1,recall,What is a fossil?,fk_grade=0.7_out_of_band,1
MS-LS4,MS-LS4-1,recall,What is the fossil record?,fk_grade=2.9_out_of_band,1
MS-LS4,MS-LS4-1,recall,What is an index fossil?,fk_grade=2.9_out_of_band,1
MS-LS4,MS-LS4-1,recall,What does 'biodiversity' mean?,fk_grade=12.5_out_of_band,1
MS-LS4,MS-LS4-1,recall,What is uniformitarianism?,fk_grade=21.0_out_of_band,1
MS-LS4,MS-LS4-1,recall,What are trace fossils?,fk_grade=0.7_out_of_band,1
MS-LS4,MS-LS4-1,recall,What is paleontology?,fk_grade=17.0_out_of_band,1
MS-LS4,MS-LS4-2,recall,What is a fossil?,fk_grade=0.7_out_of_band,1
MS-LS4,MS-LS4-2,recall,What is comparative anatomy?,fk_grade=15.5_out_of_band,1
MS-LS4,MS-LS4-2,recall,What is the name of the diagram scientists use to show evolutionary relationships between organisms?,fk_grade=14.6_out_of_band,1
MS-LS4,MS-LS4-2,recall,What are transitional fossils?,fk_grade=9.6_out_of_band,1
MS-LS4,MS-LS4-3,recall,What is an embryo?,fk_grade=3.7_out_of_band,1
MS-LS4,MS-LS4-3,recall,What does it mean when two species share similar patterns in their embryo development?,fk_grade=9.3_out_of_band,1
MS-LS4,MS-LS4-3,recall,What is a vertebrate?,fk_grade=3.7_out_of_band,1
MS-LS4,MS-LS4-3,recall,What are homologous structures?,fk_grade=9.6_out_of_band,1
MS-LS4,MS-LS4-3,recall,Why do scientists compare embryos from different species instead of just comparing adult animals?,fk_grade=13.5_out_of_band,1
MS-LS4,MS-LS4-4,recall,What is a genetic variation?,fk_grade=10.0_out_of_band,1
MS-LS4,MS-LS4-4,recall,What is a trait?,fk_grade=-2.2_out_of_band,1
MS-LS4,MS-LS4-4,recall,What does 'survival of the fittest' mean in science?,fk_grade=3.7_out_of_band,1
MS-LS4,MS-LS4-4,recall,What is a population in biology?,fk_grade=10.4_out_of_band,1
MS-LS4,MS-LS4-4,recall,What does it mean for a trait to be heritable?,fk_grade=3.7_out_of_band,1
MS-LS4,MS-LS4-4,recall,What is the difference between a beneficial variation and a harmful variation?,fk_grade=13.7_out_of_band,1
MS-LS4,MS-LS4-4,recall,What source of genetic variation can arise from mutations?,fk_grade=10.2_out_of_band,1
MS-LS4,MS-LS4-5,recall,What is genetic engineering?,fk_grade=12.5_out_of_band,1
MS-LS4,MS-LS4-5,recall,What is a GMO?,fk_grade=-2.2_out_of_band,1
MS-LS4,MS-LS4-5,recall,What is CRISPR?,fk_grade=-2.6_out_of_band,1
MS-LS4,MS-LS4-5,recall,"What is artificial insemination, and why do farmers use it?",fk_grade=9.6_out_of_band,1
MS-LS4,MS-LS4-5,recall,What is a transgenic organism?,fk_grade=10.0_out_of_band,1
MS-LS4,MS-LS4-6,recall,What is natural selection?,fk_grade=9.6_out_of_band,1
MS-LS4,MS-LS4-6,recall,What is a population in biology?,fk_grade=10.4_out_of_band,1
MS-LS4,MS-LS4-6,recall,What does it mean when scientists say a trait becomes more 'common' in a population over generations?,fk_grade=10.5_out_of_band,1
MS-LS4,MS-LS4-1,conceptual,Why do scientists assume that the same natural laws that work today also worked millions of years ago when reading the fossil record?,fk_grade=11.3_out_of_band,1
MS-LS4,MS-LS4-1,conceptual,Why are fossils from older organisms usually found in deeper rock layers than fossils from more recent organisms?,fk_grade=13.1_out_of_band,1
MS-LS4,MS-LS4-1,conceptual,Why do some rock layers show a sudden increase in the number of new species appearing in the fossil record?,fk_grade=9.3_out_of_band,1
MS-LS4,MS-LS4-1,conceptual,How can scientists use the fossil record to estimate when a particular type of organism first appeared on Earth?,fk_grade=11.7_out_of_band,1
MS-LS4,MS-LS4-1,conceptual,Why do scientists sometimes find fossils of ocean animals in places that are now dry land far from any ocean?,fk_grade=9.9_out_of_band,1
MS-LS4,MS-LS4-1,conceptual,Why are there gaps in the fossil record where fossils of a particular organism are missing for a long stretch of time?,fk_grade=10.2_out_of_band,1
MS-LS4,MS-LS4-1,conceptual,How does finding very similar fossils on different continents help scientists understand the history of life on Earth?,fk_grade=13.1_out_of_band,1
MS-LS4,MS-LS4-2,conceptual,How do homologous structures help scientists figure out if two species are closely related?,fk_grade=10.9_out_of_band,1
MS-LS4,MS-LS4-2,conceptual,How does finding a fossil with features of both fish and four-limbed animals help explain how land animals evolved?,fk_grade=9.2_out_of_band,1
MS-LS4,MS-LS4-2,conceptual,"How can comparing the embryos of different vertebrates, like fish, chickens, and humans, tell us about their evolutionary relationships?",fk_grade=15.4_out_of_band,1
MS-LS4,MS-LS4-2,conceptual,"Why do scientists consider both anatomical similarities and differences when trying to figure out evolutionary relationships, instead of just looking at similarities?",fk_grade=21.4_out_of_band,1
MS-LS4,MS-LS4-2,conceptual,How does the existence of a fossil record of horse ancestors with multiple toes help explain why modern horses have only one toe?,fk_grade=11.3_out_of_band,1
MS-LS4,MS-LS4-2,conceptual,Why do two species that share a more recent common ancestor tend to look more alike than two species whose common ancestor lived much longer ago?,fk_grade=11.8_out_of_band,1
MS-LS4,MS-LS4-2,conceptual,"How do analogous structures, like a bird's wing and an insect's wing, show that similarity in function does not always mean a close evolutionary relationship?",fk_grade=14.9_out_of_band,1
MS-LS4,MS-LS4-3,conceptual,Why do scientists study embryos instead of just looking at adult animals to figure out how species are related?,fk_grade=12.3_out_of_band,1
MS-LS4,MS-LS4-3,conceptual,"Why do the embryos of fish, frogs, chickens, and humans all look so similar early in development even though the adults look very different?",fk_grade=12.9_out_of_band,1
MS-LS4,MS-LS4-3,conceptual,"Why do human embryos temporarily develop structures that look like gill slits, even though humans never breathe through gills?",fk_grade=11.7_out_of_band,1
MS-LS4,MS-LS4-3,conceptual,How does finding similar embryo stages in two very different animals provide evidence that they share a common ancestor?,fk_grade=14.2_out_of_band,1
MS-LS4,MS-LS4-3,conceptual,"Why would two animals that look completely different as adults, like a bat and a whale, have embryos that look nearly identical at an early stage?",fk_grade=12.7_out_of_band,1
MS-LS4,MS-LS4-3,conceptual,How can embryological data reveal evolutionary relationships that we can't see by just comparing adult skeletons or body shapes?,fk_grade=16.0_out_of_band,1
MS-LS4,MS-LS4-3,conceptual,Why do scientists consider embryological similarities stronger evidence of common ancestry than just similarities in adult appearance?,fk_grade=20.2_out_of_band,1
MS-LS4,MS-LS4-3,conceptual,Why does a chicken embryo temporarily grow a tail even though adult chickens don't have one?,fk_grade=9.8_out_of_band,1
MS-LS4,MS-LS4-3,conceptual,How does comparing embryo pictures from many different species help scientists build a more accurate picture of the evolutionary tree of life?,fk_grade=15.0_out_of_band,1
MS-LS4,MS-LS4-3,conceptual,Why do more closely related species tend to stay similar in appearance for a longer portion of their embryonic development compared to distantly related species?,fk_grade=16.3_out_of_band,1
MS-LS4,MS-LS4-4,conceptual,Why do some individuals in a population survive longer than others even when they face the same environment?,fk_grade=12.4_out_of_band,1
MS-LS4,MS-LS4-4,conceptual,How does a helpful genetic variation spread through a population over many generations?,fk_grade=14.0_out_of_band,1
MS-LS4,MS-LS4-4,conceptual,Why does having more genetic variation in a population make it more likely that the population will survive a sudden change in the environment?,fk_grade=14.4_out_of_band,1
MS-LS4,MS-LS4-4,conceptual,How does a genetic variation that helps an animal find food increase its chances of reproducing?,fk_grade=11.3_out_of_band,1
MS-LS4,MS-LS4-4,conceptual,Why do harmful genetic variations not always disappear from a population right away?,fk_grade=13.1_out_of_band,1
MS-LS4,MS-LS4-4,conceptual,How can the same genetic variation be helpful in one environment but harmful in a different environment?,fk_grade=13.3_out_of_band,1
MS-LS4,MS-LS4-4,conceptual,Why does a larger population tend to have more genetic variation than a very small population?,fk_grade=12.0_out_of_band,1
MS-LS4,MS-LS4-4,conceptual,How does a disease that kills many individuals in a population cause the surviving population to become more genetically similar over time?,fk_grade=16.1_out_of_band,1
MS-LS4,MS-LS4-5,conceptual,How does genetic engineering allow scientists to give an organism a trait it wouldn't naturally have?,fk_grade=13.5_out_of_band,1
MS-LS4,MS-LS4-5,conceptual,Why can cloning produce an organism with traits identical to its parent?,fk_grade=9.7_out_of_band,1
MS-LS4,MS-LS4-5,conceptual,How does artificial insemination help farmers spread desirable traits through a livestock population more quickly than natural breeding?,fk_grade=15.7_out_of_band,1
MS-LS4,MS-LS4-5,conceptual,Why do scientists use gene editing tools like CRISPR to change traits more precisely than older genetic technologies?,fk_grade=11.1_out_of_band,1
MS-LS4,MS-LS4-5,conceptual,How does tissue culture technology allow growers to produce many plants with identical desired traits?,fk_grade=13.1_out_of_band,1
MS-LS4,MS-LS4-5,conceptual,Why do genetically modified crops like Bt corn produce their own insect resistance instead of relying only on pesticides?,fk_grade=13.6_out_of_band,1
MS-LS4,MS-LS4-5,conceptual,How does embryo transfer technology help livestock breeders get more offspring from a single high-quality female animal?,fk_grade=13.9_out_of_band,1
MS-LS4,MS-LS4-6,conceptual,Why do traits that help an organism survive and reproduce become more common in a population over time?,fk_grade=11.1_out_of_band,1
MS-LS4,MS-LS4-6,conceptual,Why can a harmful trait slowly disappear from a population even if it doesn't kill an organism right away?,fk_grade=11.7_out_of_band,1
MS-LS4,MS-LS4-6,conceptual,How does a graph of trait frequency over generations show that natural selection is happening?,fk_grade=11.5_out_of_band,1
MS-LS4,MS-LS4-6,conceptual,Why does natural selection work faster when there is more variation in a trait within a population?,fk_grade=11.2_out_of_band,1
MS-LS4,MS-LS4-6,conceptual,How does the percentage of a trait in a population change if the environment suddenly changes and makes that trait harmful instead of helpful?,fk_grade=12.5_out_of_band,1
MS-LS4,MS-LS4-6,conceptual,Why do traits that are controlled by genes get passed on to the next generation while traits caused only by the environment do not?,fk_grade=9.5_out_of_band,1
MS-LS4,MS-LS4-6,conceptual,How can scientists use population data collected over many generations to tell whether natural selection—rather than just random chance—is causing a change in a trait's frequency?,fk_grade=17.2_out_of_band,1
MS-LS4,MS-LS4-6,conceptual,Why does a trait that gives only a tiny survival advantage still spread through a population over a very long time?,fk_grade=10.6_out_of_band,1
MS-LS4,MS-LS4-1,applied,"If you find a fossil of a species in a rock layer, and then find no more fossils of that species in any layer above it, what conclusion can you draw about that species?",fk_grade=13.6_out_of_band,1
MS-LS4,MS-LS4-1,applied,"A student notices that fossils found in deeper rock layers look very different from animals alive today, while fossils in shallower layers look more similar to modern animals. How does this pattern support the idea of change over time?",fk_grade=12.0_out_of_band,1
MS-LS4,MS-LS4-1,applied,"If scientists discover a brand-new fossil of a large predator in a rock layer that also contains fossils of many prey animals that disappeared at the same time, what might they predict about why those prey animals went extinct?",fk_grade=18.1_out_of_band,1
MS-LS4,MS-LS4-1,applied,"If a scientist assumes that the same rate of sediment layering happening in a lake today also happened in the past, how could she use rock layers to estimate when a certain animal lived?",fk_grade=15.7_out_of_band,1
MS-LS4,MS-LS4-1,applied,"You notice that fossils of flowering plants only appear in rock layers above a certain depth, but never below it. What does this pattern suggest about the history of flowering plants on Earth?",fk_grade=9.1_out_of_band,1
MS-LS4,MS-LS4-1,applied,"A student finds fossils of tropical fish in rock layers located in present-day Canada, where it is now very cold. How can scientists use the assumption that natural laws operate the same way today as in the past to explain this?",fk_grade=10.2_out_of_band,1
MS-LS4,MS-LS4-1,applied,"If scientists find fossils of many different large mammals in a rock layer but far fewer species in the layer just above it, what pattern might they identify, and what could have caused it?",fk_grade=15.0_out_of_band,1
MS-LS4,MS-LS4-2,applied,"If you compare the arm bones of a human, a cat, a bat, and a dolphin, they all have the same set of bones (humerus, radius, ulna, and hand bones) even though they use their limbs very differently. What does this similarity suggest about these animals?",fk_grade=10.3_out_of_band,1
MS-LS4,MS-LS4-2,applied,"A scientist finds a fossil fish with small, stubby fins that have bones arranged similarly to the leg bones of land animals. How would a scientist use this to explain the relationship between fish and four-legged land animals?",fk_grade=9.8_out_of_band,1
MS-LS4,MS-LS4-2,applied,A student is comparing modern horse fossils to ancient horse fossils and notices that older horse fossils have multiple toes while modern horses have only one large toe (hoof). How does this change in anatomy help explain how the modern horse evolved?,fk_grade=10.6_out_of_band,1
MS-LS4,MS-LS4-2,applied,"You find two insects that look almost identical, but one lives in North America and one lives in Europe. When scientists examine their internal anatomy, one has a slightly different digestive organ arrangement. How would scientists use this anatomical difference to figure out how closely related they are?",fk_grade=11.8_out_of_band,1
MS-LS4,MS-LS4-2,applied,"A bird's wing and a butterfly's wing both allow flying, but their internal structures are completely different — one has bones and the other is made of thin membranes. What does this tell you about whether birds and butterflies are closely related?",fk_grade=10.0_out_of_band,1
MS-LS4,MS-LS4-2,applied,"If scientists discover a fossil that has both reptile features (scales and claws) and bird features (feathers and hollow bones), how would they use this to explain the relationship between modern birds and reptiles?",fk_grade=15.4_out_of_band,1
MS-LS4,MS-LS4-2,applied,"You are looking at the skulls of a modern chimpanzee and a modern human. Both have the same basic bones (like the jawbone, cheekbones, and eye sockets), but the shapes are different. How would you use these similarities and differences to explain our evolutionary relationship with chimpanzees?",fk_grade=10.1_out_of_band,1
MS-LS4,MS-LS4-2,applied,"A student notices that dolphins and sharks look very similar — they are both streamlined, have fins, and live in the ocean — but dolphins are mammals and sharks are fish. How would examining their internal anatomy help determine whether they are closely related evolutionarily?",fk_grade=12.8_out_of_band,1
MS-LS4,MS-LS4-3,applied,"If you look at an early embryo picture of a fish and an early embryo picture of a human and they look almost identical, what does that tell you about how the two species are related?",fk_grade=15.8_out_of_band,1
MS-LS4,MS-LS4-3,applied,"If you were shown embryo images of a dolphin, a dog, and a rabbit all at an early stage and they looked very similar, how would you use that information to group them on an evolutionary tree?",fk_grade=16.4_out_of_band,1
MS-LS4,MS-LS4-3,applied,"A student notices that human embryos briefly develop gill-like slits, just like fish embryos do. If an adult human has no gills, why is this embryo similarity still important evidence?",fk_grade=11.5_out_of_band,1
MS-LS4,MS-LS4-3,applied,"If two animal species look completely different as adults but their embryos look nearly the same at an early stage, which form — the embryo or the adult — gives you better clues about their evolutionary relationship, and why?",fk_grade=18.6_out_of_band,1
MS-LS4,MS-LS4-3,applied,"You are given photos showing that bird embryos and human embryos both have a tail structure early in development. Using this pattern, what prediction would you make about whether birds and humans share a common ancestor?",fk_grade=10.8_out_of_band,1
MS-LS4,MS-LS4-3,applied,"If a biologist wants to figure out whether two species of reptiles are more closely related to each other than either is to a mammal, how could comparing embryo images help answer that question?",fk_grade=16.8_out_of_band,1
MS-LS4,MS-LS4-3,applied,Imagine you discover a new animal species and have only an early-stage embryo to study. How could you use embryo images from known species to figure out what group this new animal might belong to?,fk_grade=9.8_out_of_band,1
MS-LS4,MS-LS4-3,applied,"If you wanted to argue that whales are more closely related to land mammals than to fish, how could embryo comparison pictures support your argument?",fk_grade=13.0_out_of_band,1
MS-LS4,MS-LS4-4,applied,"A population of mice lives in a snowy field. Some mice have white fur and some have brown fur. Which mice are more likely to survive and pass on their traits, and why?",fk_grade=2.6_out_of_band,1
MS-LS4,MS-LS4-4,applied,"A drought hits a region and most plants die off, leaving only plants with very tough seeds. Birds in the area have different beak sizes — some large and strong, some small and weak. Which birds are more likely to survive?",fk_grade=4.7_out_of_band,1
MS-LS4,MS-LS4-4,applied,"Some bacteria in a patient's body have a gene that makes them resistant to an antibiotic, while most bacteria do not. If the patient takes that antibiotic, what will most likely happen to the bacterial population?",fk_grade=12.1_out_of_band,1
MS-LS4,MS-LS4-5,applied,"A farmer uses selective breeding to produce a new type of strawberry that is larger and sweeter than normal ones. If the farmer keeps selecting the biggest, sweetest strawberries to reproduce over many generations, what would you expect the strawberry plants to look like after 20 generations?",fk_grade=13.4_out_of_band,1
MS-LS4,MS-LS4-5,applied,"Scientists use a technology called CRISPR to cut out a specific gene in corn that makes it vulnerable to a certain fungus. If farmers grow this modified corn next to regular corn, which crop would you predict survives better during a fungal outbreak and why?",fk_grade=11.0_out_of_band,1
MS-LS4,MS-LS4-5,applied,"A dog breeder wants to create a dog that has both the short legs of a Dachshund and the fluffy coat of a Poodle. If the breeder uses selective breeding over several generations, could they eventually produce a dog with both traits?",fk_grade=10.0_out_of_band,1
MS-LS4,MS-LS4-5,applied,"Scientists genetically engineered bacteria to produce human insulin, which is used by people with diabetes. If you stopped using this genetically engineered bacteria and went back to older methods, how would that affect the insulin supply for diabetic patients?",fk_grade=15.0_out_of_band,1
MS-LS4,MS-LS4-5,applied,"Scientists clone a sheep by taking the DNA from one adult sheep and using it to create a new lamb. If the original sheep had a gene for producing a valuable medicine in its milk, what would you expect about the cloned sheep's ability to produce that medicine?",fk_grade=11.7_out_of_band,1
MS-LS4,MS-LS4-5,applied,"A plant scientist uses genetic engineering to add a gene to tomato plants that allows them to survive cold temperatures. If these tomatoes are planted outside in early spring when there is still a risk of frost, what would you predict compared to regular tomato plants grown under the same conditions?",fk_grade=12.6_out_of_band,1
MS-LS4,MS-LS4-6,applied,"A data table shows that in a rabbit population living in a snowy field, the percentage of white-furred rabbits grew from 25% to 75% over 10 generations. Using this data, what can you predict will happen to brown-furred rabbits in that same population over the next 10 generations?",fk_grade=12.7_out_of_band,1
MS-LS4,MS-LS4-6,applied,"A bar graph shows that average beak size in a bird population went from 8 mm to 14 mm over 6 years after a drought wiped out small soft seeds, leaving only large hard seeds. How does this graph support the idea of natural selection?",fk_grade=9.2_out_of_band,1
MS-LS4,MS-LS4-6,applied,"A line graph shows that the percentage of antibiotic-resistant bacteria in a hospital went from 2% to 90% over 3 years after antibiotics were introduced. Using this data, what would you predict would happen if doctors stopped using that antibiotic?",fk_grade=12.9_out_of_band,1
MS-LS4,MS-LS4-6,applied,"A scatter plot shows that in a lizard population on light-colored sand, lizards with lighter skin survive to reproduce at a much higher rate than darker lizards. If the data shows dark lizards make up 60% of the population now, what does natural selection predict for that percentage in future generations?",fk_grade=13.3_out_of_band,1
MS-LS4,MS-LS4-6,applied,"A table shows that faster cheetahs in a population caught prey 80% of the time, while slower cheetahs only caught prey 20% of the time. If faster cheetahs had more offspring as a result, how would a graph of average cheetah speed change over many generations?",fk_grade=10.6_out_of_band,1
MS-LS4,MS-LS4-6,applied,"A data chart shows that in a deer population, deer with longer legs escape wolves 65% of the time, but deer with shorter legs only escape 25% of the time. If this pattern continues, how would a graph of average leg length in the deer population change over 20 generations?",fk_grade=10.9_out_of_band,1
MS-LS4,MS-LS4-6,applied,"A line graph of a fish population shows that the percentage of fish with bright colors dropped from 55% to 10% over 12 generations after a new predator that hunts by sight was introduced to the lake. Using this data, what would you predict the graph would look like after 20 more generations with the predator still present?",fk_grade=12.6_out_of_band,1
MS-ESS1,MS-ESS1-1,recall,What is a lunar phase?,fk_grade=0.5_out_of_band,1
MS-ESS1,MS-ESS1-1,recall,How long does it take the Moon to complete one full cycle of phases?,fk_grade=4.2_out_of_band,1
MS-ESS1,MS-ESS1-1,recall,What is a solar eclipse?,fk_grade=2.9_out_of_band,1
MS-ESS1,MS-ESS1-1,recall,What is a lunar eclipse?,fk_grade=2.9_out_of_band,1
MS-ESS1,MS-ESS1-1,recall,What causes Earth's seasons?,fk_grade=3.7_out_of_band,1
MS-ESS1,MS-ESS1-1,recall,What is the name of the phase when the Moon appears fully lit from Earth?,fk_grade=3.6_out_of_band,1
MS-ESS1,MS-ESS1-1,recall,What is the name of the phase when the Moon's lit side cannot be seen from Earth?,fk_grade=3.5_out_of_band,1
MS-ESS1,MS-ESS1-1,recall,Why don't solar eclipses happen every month?,fk_grade=9.1_out_of_band,1
MS-ESS1,MS-ESS1-1,recall,What is the umbra of a shadow during an eclipse?,fk_grade=4.8_out_of_band,1
MS-ESS1,MS-ESS1-1,recall,What is a crescent moon?,fk_grade=0.5_out_of_band,1
MS-ESS1,MS-ESS1-1,recall,Why does the Moon appear to shine at night if it is not a star?,fk_grade=2.8_out_of_band,1
MS-ESS1,MS-ESS1-2,recall,What keeps the planets in orbit around the Sun?,fk_grade=3.7_out_of_band,1
MS-ESS1,MS-ESS1-2,recall,What is an orbit?,fk_grade=0.7_out_of_band,1
MS-ESS1,MS-ESS1-2,recall,What is a galaxy?,fk_grade=3.7_out_of_band,1
MS-ESS1,MS-ESS1-2,recall,What is the solar system?,fk_grade=2.9_out_of_band,1
MS-ESS1,MS-ESS1-2,recall,Which object in our solar system has the most gravitational pull?,fk_grade=9.1_out_of_band,1
MS-ESS1,MS-ESS1-2,recall,What keeps the Moon in orbit around Earth?,fk_grade=2.3_out_of_band,1
MS-ESS1,MS-ESS1-2,recall,What is the name of the force that keeps stars from flying out of the Milky Way?,fk_grade=4.2_out_of_band,1
MS-ESS1,MS-ESS1-2,recall,What is the Milky Way?,fk_grade=0.5_out_of_band,1
MS-ESS1,MS-ESS1-2,recall,What does the word 'model' mean in science?,fk_grade=2.3_out_of_band,1
MS-ESS1,MS-ESS1-3,recall,Which planet is the largest in the solar system?,fk_grade=5.0_out_of_band,1
MS-ESS1,MS-ESS1-3,recall,Which planet is the smallest in the solar system?,fk_grade=5.0_out_of_band,1
MS-ESS1,MS-ESS1-3,recall,What is the diameter of Earth?,fk_grade=4.5_out_of_band,1
MS-ESS1,MS-ESS1-3,recall,How long does light from the Sun take to reach Earth?,fk_grade=0.5_out_of_band,1
MS-ESS1,MS-ESS1-3,recall,What is a light-year?,fk_grade=-2.2_out_of_band,1
MS-ESS1,MS-ESS1-4,recall,How old is Earth?,fk_grade=-2.2_out_of_band,1
MS-ESS1,MS-ESS1-4,recall,What is the geologic time scale?,fk_grade=4.5_out_of_band,1
MS-ESS1,MS-ESS1-4,recall,What are rock strata?,fk_grade=0.7_out_of_band,1
MS-ESS1,MS-ESS1-4,recall,What is the principle of superposition?,fk_grade=10.4_out_of_band,1
MS-ESS1,MS-ESS1-4,recall,What is an era in the geologic time scale?,fk_grade=5.0_out_of_band,1
MS-ESS1,MS-ESS1-4,recall,What are index fossils?,fk_grade=3.7_out_of_band,1
MS-ESS1,MS-ESS1-4,recall,What is a geologic period?,fk_grade=10.0_out_of_band,1
MS-ESS1,MS-ESS1-4,recall,"What type of rock most commonly contains fossils, and why?",fk_grade=4.8_out_of_band,1
MS-ESS1,MS-ESS1-1,conceptual,Why does the Moon appear to change shape over the course of a month?,fk_grade=3.4_out_of_band,1
MS-ESS1,MS-ESS1-1,conceptual,Why do we always see the same side of the Moon from Earth?,fk_grade=2.2_out_of_band,1
MS-ESS1,MS-ESS1-1,conceptual,Why does Earth have seasons?,fk_grade=0.5_out_of_band,1
MS-ESS1,MS-ESS1-1,conceptual,Why are days longer in summer and shorter in winter?,fk_grade=4.8_out_of_band,1
MS-ESS1,MS-ESS1-1,conceptual,Why does the Sun appear to move across the sky each day?,fk_grade=2.9_out_of_band,1
MS-ESS1,MS-ESS1-2,conceptual,Why does Earth orbit the Sun rather than the Sun orbiting Earth?,fk_grade=4.8_out_of_band,1
MS-ESS1,MS-ESS1-2,conceptual,How does gravity hold a galaxy together?,fk_grade=9.1_out_of_band,1
MS-ESS1,MS-ESS1-2,conceptual,Why do stars in the outer parts of a galaxy orbit the center of the galaxy instead of escaping?,fk_grade=9.8_out_of_band,1
MS-ESS1,MS-ESS1-2,conceptual,Why doesn't gravity pull Earth straight into the Sun?,fk_grade=5.0_out_of_band,1
MS-ESS1,MS-ESS1-2,conceptual,Why is gravity the main force responsible for the structure of the solar system rather than other forces like magnetism?,fk_grade=12.3_out_of_band,1
MS-ESS1,MS-ESS1-2,conceptual,How does increasing the distance between two objects affect the gravitational force between them?,fk_grade=10.9_out_of_band,1
MS-ESS1,MS-ESS1-3,conceptual,"Why are the planets closer to the Sun smaller and rockier, while planets farther away are larger and made of gas?",fk_grade=9.5_out_of_band,1
MS-ESS1,MS-ESS1-3,conceptual,Why does a larger planet have a stronger gravitational pull than a smaller planet?,fk_grade=9.3_out_of_band,1
MS-ESS1,MS-ESS1-3,conceptual,Why do astronomers use astronomical units instead of kilometers when describing distances in the solar system?,fk_grade=15.7_out_of_band,1
MS-ESS1,MS-ESS1-3,conceptual,Why does knowing the scale of the solar system help us understand why it took humans so long to explore beyond Earth?,fk_grade=9.1_out_of_band,1
MS-ESS1,MS-ESS1-4,conceptual,How do fossils found in rock strata help scientists divide Earth's history into different time periods?,fk_grade=11.3_out_of_band,1
MS-ESS1,MS-ESS1-4,conceptual,How do scientists know that Earth is about 4.6 billion years old?,fk_grade=2.5_out_of_band,1
MS-ESS1,MS-ESS1-4,conceptual,How does the geologic time scale help scientists from different countries communicate about Earth's history?,fk_grade=13.1_out_of_band,1
MS-ESS1,MS-ESS1-4,conceptual,Why do some rock strata contain no fossils at all?,fk_grade=3.7_out_of_band,1
MS-ESS1,MS-ESS1-4,conceptual,How can a layer of rock that used to be at the bottom of a sequence end up at the surface for scientists to study?,fk_grade=9.3_out_of_band,1
MS-ESS1,MS-ESS1-4,conceptual,Why is the Precambrian the longest division on the geologic time scale even though we know relatively little about it?,fk_grade=12.9_out_of_band,1
MS-ESS1,MS-ESS1-4,conceptual,How do sudden changes in fossil types within rock layers provide evidence for mass extinction events?,fk_grade=10.6_out_of_band,1
MS-ESS1,MS-ESS1-4,conceptual,How do index fossils help scientists match rock layers found in different locations around the world?,fk_grade=9.8_out_of_band,1
MS-ESS1,MS-ESS1-4,conceptual,Why is it important for the geologic time scale to be updated as scientists make new discoveries?,fk_grade=11.2_out_of_band,1
MS-ESS1,MS-ESS1-1,applied,"If you live in the Northern Hemisphere and it is December, would you expect the daylight hours to be long or short, and why?",fk_grade=9.5_out_of_band,1
MS-ESS1,MS-ESS1-1,applied,You look outside on a clear night and see a full moon. Will you be able to see a full moon again tomorrow night?,fk_grade=3.3_out_of_band,1
MS-ESS1,MS-ESS1-1,applied,"If you are standing in the path of totality during a solar eclipse, what will you see happening to the Sun?",fk_grade=9.5_out_of_band,1
MS-ESS1,MS-ESS1-1,applied,"You notice a crescent moon low in the western sky just after sunset. Is this moon waxing or waning, and what phase comes next?",fk_grade=4.3_out_of_band,1
MS-ESS1,MS-ESS1-1,applied,"If you wanted to watch a lunar eclipse, would you need special protective glasses like you do for a solar eclipse?",fk_grade=9.5_out_of_band,1
MS-ESS1,MS-ESS1-1,applied,"Your teacher says that during a new moon phase, the Moon is still in the sky even though you cannot see it at night. How can that be?",fk_grade=3.4_out_of_band,1
MS-ESS1,MS-ESS1-1,applied,"If a classmate in the Southern Hemisphere is experiencing the autumn equinox, what season is beginning in the Northern Hemisphere at the same time?",fk_grade=13.9_out_of_band,1
MS-ESS1,MS-ESS1-1,applied,You want to go stargazing and need a very dark sky. Which moon phase would give you the darkest night for viewing stars?,fk_grade=2.7_out_of_band,1
MS-ESS1,MS-ESS1-2,applied,"If you were standing on a planet with much stronger gravity than Earth, how would that affect a ball you threw horizontally?",fk_grade=10.2_out_of_band,1
MS-ESS1,MS-ESS1-2,applied,How does gravity explain why small rocky pieces floating in space eventually come together to form larger objects like asteroids or planets?,fk_grade=13.9_out_of_band,1
MS-ESS1,MS-ESS1-2,applied,"If a star near the edge of a galaxy had no other stars or mass pulling on it gravitationally, what would happen to it?",fk_grade=10.0_out_of_band,1
MS-ESS1,MS-ESS1-3,applied,"If you built a scale model of the solar system where the Sun was the size of a basketball, about how big would Earth be in that same model?",fk_grade=10.4_out_of_band,1
MS-ESS1,MS-ESS1-3,applied,"If you drove a car at highway speed (60 mph) from the Sun to Neptune, how long would the trip take compared to driving from the Sun to Earth?",fk_grade=10.0_out_of_band,1
MS-ESS1,MS-ESS1-3,applied,"If a scale model shows the distance from the Sun to Mars as 1 meter, how far away would Jupiter be in that same model?",fk_grade=9.3_out_of_band,1
MS-ESS1,MS-ESS1-3,applied,"If light takes about 8 minutes to travel from the Sun to Earth, about how many minutes would it take light to reach Saturn, which is roughly 10 times farther from the Sun than Earth?",fk_grade=12.9_out_of_band,1
MS-ESS1,MS-ESS1-3,applied,"If you lined up all eight planets side by side using their actual diameters, would the total line be longer or shorter than Jupiter's diameter alone?",fk_grade=13.6_out_of_band,1
MS-ESS1,MS-ESS1-3,applied,"If you shrunk the Sun down to the size of a grapefruit (about 10 cm), roughly how far away would you need to place a peppercorn-sized Earth?",fk_grade=9.8_out_of_band,1
MS-ESS1,MS-ESS1-3,applied,"Mercury is about 0.4 AU from the Sun and Neptune is about 30 AU away. If you walked 1 step per AU on a scale model, could you walk from Mercury to Neptune in a single classroom?",fk_grade=4.8_out_of_band,1
MS-ESS1,MS-ESS1-3,applied,"If Earth is represented by a 1-inch marble and the Sun is about 109 inches (roughly 9 feet) wide at the same scale, how does this help you predict whether the Sun or any planet would dominate the appearance of the real solar system?",fk_grade=17.9_out_of_band,1
MS-ESS1,MS-ESS1-4,applied,"If you find a rock layer with trilobite fossils below a layer with dinosaur fossils, which layer formed first?",fk_grade=9.2_out_of_band,1
MS-ESS1,MS-ESS1-4,applied,A scientist finds a fossil of an early fish in a rock layer. Would she place that layer in the Paleozoic Era or the Mesozoic Era on the geologic time scale?,fk_grade=9.1_out_of_band,1
MS-ESS1,MS-ESS1-4,applied,"If a road cut exposes many flat rock layers, how would a geologist use those layers to figure out which part of Earth's history they represent?",fk_grade=12.3_out_of_band,1
MS-ESS1,MS-ESS1-4,applied,"If a geologist finds the same type of index fossil in rock layers on two different continents, what can she conclude about those layers?",fk_grade=12.0_out_of_band,1
MS-ESS1,MS-ESS1-4,applied,"If a new housing development digs up a layer of rock containing woolly mammoth bones, which part of the geologic time scale would geologists assign that layer to?",fk_grade=14.3_out_of_band,1
MS-ESS1,MS-ESS1-4,applied,"A canyon exposes 10 rock layers. If the top layer represents the most recent 1 million years, and the layers get progressively older going down, would you expect the bottom layers to represent much longer or shorter time spans than the top layer?",fk_grade=10.9_out_of_band,1
MS-ESS1,MS-ESS1-4,applied,"If scientists discover a mass extinction event in the rock record where many fossil species suddenly disappear, how might they use that event on the geologic time scale?",fk_grade=15.1_out_of_band,1
MS-ESS1,MS-ESS1-4,applied,A student is comparing two rock layers: one with simple single-celled organism fossils and one with complex animal fossils. Which layer would appear higher up in the rock sequence?,fk_grade=9.6_out_of_band,1
MS-ESS1,MS-ESS1-4,applied,"If a volcanic eruption deposits a thin layer of ash across a wide region today, how is that similar to how scientists use rock layers to mark events in the geologic time scale?",fk_grade=15.9_out_of_band,1
MS-ESS2,MS-ESS2-1,recall,What is the rock cycle?,fk_grade=0.5_out_of_band,1
MS-ESS2,MS-ESS2-1,recall,What are the three main types of rocks?,fk_grade=-0.7_out_of_band,1
MS-ESS2,MS-ESS2-1,recall,What is magma?,fk_grade=1.3_out_of_band,1
MS-ESS2,MS-ESS2-1,recall,What is the main source of energy that drives the rock cycle?,fk_grade=3.8_out_of_band,1
MS-ESS2,MS-ESS2-2,recall,What is deposition in geology?,fk_grade=12.3_out_of_band,1
MS-ESS2,MS-ESS2-2,recall,What is a glacier?,fk_grade=0.7_out_of_band,1
MS-ESS2,MS-ESS2-2,recall,What is the name for the type of rock that forms when sediment is compacted and cemented together over time?,fk_grade=9.3_out_of_band,1
MS-ESS2,MS-ESS2-2,recall,What causes an earthquake?,fk_grade=3.7_out_of_band,1
MS-ESS2,MS-ESS2-2,recall,What is a delta in Earth science?,fk_grade=2.3_out_of_band,1
MS-ESS2,MS-ESS2-2,recall,What does the term 'geologic time scale' mean?,fk_grade=3.8_out_of_band,1
MS-ESS2,MS-ESS2-2,recall,What is the difference between a physical (mechanical) weathering and chemical weathering?,fk_grade=14.7_out_of_band,1
MS-ESS2,MS-ESS2-3,recall,What is Pangaea?,fk_grade=1.3_out_of_band,1
MS-ESS2,MS-ESS2-3,recall,What is seafloor spreading?,fk_grade=0.7_out_of_band,1
MS-ESS2,MS-ESS2-3,recall,What is a mid-ocean ridge?,fk_grade=2.9_out_of_band,1
MS-ESS2,MS-ESS2-3,recall,What scientist first proposed the idea that continents once fit together and have moved over time?,fk_grade=9.8_out_of_band,1
MS-ESS2,MS-ESS2-3,recall,What are index fossils?,fk_grade=3.7_out_of_band,1
MS-ESS2,MS-ESS2-3,recall,What is magnetic striping on the seafloor?,fk_grade=4.0_out_of_band,1
MS-ESS2,MS-ESS2-3,recall,What is a tectonic plate?,fk_grade=2.9_out_of_band,1
MS-ESS2,MS-ESS2-3,recall,Why is oceanic crust near a mid-ocean ridge younger than oceanic crust farther away from the ridge?,fk_grade=10.5_out_of_band,1
MS-ESS2,MS-ESS2-4,recall,What is the water cycle?,fk_grade=2.9_out_of_band,1
MS-ESS2,MS-ESS2-4,recall,What is evaporation?,fk_grade=13.1_out_of_band,1
MS-ESS2,MS-ESS2-4,recall,What is precipitation?,fk_grade=13.1_out_of_band,1
MS-ESS2,MS-ESS2-4,recall,What is transpiration?,fk_grade=9.2_out_of_band,1
MS-ESS2,MS-ESS2-4,recall,What role does gravity play in the water cycle?,fk_grade=5.0_out_of_band,1
MS-ESS2,MS-ESS2-4,recall,What is runoff?,fk_grade=1.3_out_of_band,1
MS-ESS2,MS-ESS2-5,recall,What is an air mass?,fk_grade=-1.8_out_of_band,1
MS-ESS2,MS-ESS2-5,recall,What is a cold front?,fk_grade=-1.8_out_of_band,1
MS-ESS2,MS-ESS2-5,recall,What is a warm front?,fk_grade=-1.8_out_of_band,1
MS-ESS2,MS-ESS2-5,recall,What does the term 'air pressure' mean in weather science?,fk_grade=3.7_out_of_band,1
MS-ESS2,MS-ESS2-5,recall,What kind of weather is usually associated with a low-pressure system?,fk_grade=12.3_out_of_band,1
MS-ESS2,MS-ESS2-6,recall,What are trade winds?,fk_grade=-2.2_out_of_band,1
MS-ESS2,MS-ESS2-6,recall,What is a ocean gyre?,fk_grade=0.5_out_of_band,1
MS-ESS2,MS-ESS2-6,recall,What is the Gulf Stream?,fk_grade=-1.8_out_of_band,1
MS-ESS2,MS-ESS2-6,recall,What does the word 'climate' mean in science?,fk_grade=2.3_out_of_band,1
MS-ESS2,MS-ESS2-6,recall,What are the doldrums?,fk_grade=0.7_out_of_band,1
MS-ESS2,MS-ESS2-1,conceptual,How does heat from inside the Earth drive the movement of tectonic plates?,fk_grade=4.9_out_of_band,1
MS-ESS2,MS-ESS2-1,conceptual,How does the sun's energy drive the rock cycle?,fk_grade=3.7_out_of_band,1
MS-ESS2,MS-ESS2-1,conceptual,"Why doesn't Earth's surface stay the same over time, even in areas away from volcanoes and earthquakes?",fk_grade=9.8_out_of_band,1
MS-ESS2,MS-ESS2-2,conceptual,How does moving ice in a glacier carve out U-shaped valleys in mountains?,fk_grade=4.9_out_of_band,1
MS-ESS2,MS-ESS2-2,conceptual,How does the freezing and thawing of water help break rocks apart?,fk_grade=4.8_out_of_band,1
MS-ESS2,MS-ESS2-2,conceptual,Why does a delta form where a river meets the ocean or a lake?,fk_grade=4.2_out_of_band,1
MS-ESS2,MS-ESS2-2,conceptual,"Why does soil form faster in warm, wet climates than in cold, dry ones?",fk_grade=3.4_out_of_band,1
MS-ESS2,MS-ESS2-2,conceptual,How does wind change the landscape in a desert over time?,fk_grade=3.7_out_of_band,1
MS-ESS2,MS-ESS2-3,conceptual,How do matching fossils on different continents provide evidence that the continents moved?,fk_grade=11.3_out_of_band,1
MS-ESS2,MS-ESS2-3,conceptual,How does the shape of the seafloor give us clues about plate movement?,fk_grade=3.1_out_of_band,1
MS-ESS2,MS-ESS2-3,conceptual,Why do mountain ranges on different continents seem to line up if you push the continents back together?,fk_grade=9.8_out_of_band,1
MS-ESS2,MS-ESS2-3,conceptual,How do rocks of the same type and age on opposite sides of an ocean support the idea of continental drift?,fk_grade=9.5_out_of_band,1
MS-ESS2,MS-ESS2-3,conceptual,Why does new seafloor keep forming at mid-ocean ridges instead of the ocean getting bigger forever?,fk_grade=9.8_out_of_band,1
MS-ESS2,MS-ESS2-4,conceptual,Why do plants release water vapor into the air through their leaves?,fk_grade=4.8_out_of_band,1
MS-ESS2,MS-ESS2-5,conceptual,Why does weather change when two air masses meet?,fk_grade=2.3_out_of_band,1
MS-ESS2,MS-ESS2-5,conceptual,"Why does a warm front bring slow, steady rain rather than sudden storms?",fk_grade=4.0_out_of_band,1
MS-ESS2,MS-ESS2-5,conceptual,"Why do areas behind a cold front usually have clear, cool weather after a storm passes?",fk_grade=9.1_out_of_band,1
MS-ESS2,MS-ESS2-5,conceptual,Why does warm air rise when it meets cold air instead of staying at the same level?,fk_grade=4.9_out_of_band,1
MS-ESS2,MS-ESS2-6,conceptual,Why does the equator receive more heat from the sun than the poles do?,fk_grade=4.2_out_of_band,1
MS-ESS2,MS-ESS2-6,conceptual,How does unequal heating of Earth's surface cause wind?,fk_grade=5.0_out_of_band,1
MS-ESS2,MS-ESS2-6,conceptual,Why are coastal regions often cooler in summer and warmer in winter compared to inland areas at the same latitude?,fk_grade=11.7_out_of_band,1
MS-ESS2,MS-ESS2-1,applied,You find a piece of sandstone that contains layers of different-colored sand. What does this tell you about how that rock formed?,fk_grade=4.8_out_of_band,1
MS-ESS2,MS-ESS2-1,applied,"If a section of ocean floor gets pushed deep under a continental plate, what eventually happens to the rock material there?",fk_grade=12.3_out_of_band,1
MS-ESS2,MS-ESS2-1,applied,"Why does a river slow down and drop the sediment it is carrying when it reaches a flat, wide area like a delta?",fk_grade=9.8_out_of_band,1
MS-ESS2,MS-ESS2-2,applied,"If a river carries a lot of sediment and then slows down as it reaches a flat area, where would you expect the sediment to be deposited?",fk_grade=12.4_out_of_band,1
MS-ESS2,MS-ESS2-2,applied,"If a coastline is made of soft, sandy material, how would you expect it to change differently over 100 years compared to a coastline made of hard granite rock?",fk_grade=12.4_out_of_band,1
MS-ESS2,MS-ESS2-2,applied,"If a glacier slowly moves down a mountain valley over thousands of years, what would you expect the shape of that valley to look like compared to a valley carved only by a river?",fk_grade=13.6_out_of_band,1
MS-ESS2,MS-ESS2-2,applied,"If you built a house at the base of a steep hill with loose soil and no plant cover, what geoscience process would put your house most at risk, and why?",fk_grade=9.4_out_of_band,1
MS-ESS2,MS-ESS2-2,applied,"If a volcanic eruption deposits a thick layer of ash and lava over a landscape, how would that change the surface in the short term compared to millions of years later?",fk_grade=13.6_out_of_band,1
MS-ESS2,MS-ESS2-2,applied,"If you notice that one side of a river bend is covered in deposited sand while the other side is deeply cut and steep, which side is being eroded and which side is receiving deposits?",fk_grade=14.9_out_of_band,1
MS-ESS2,MS-ESS2-2,applied,"If you see rock layers in a canyon wall where the bottom layers are sandstone and the top layers are limestone, what can you predict about how the environment in that area changed over time?",fk_grade=14.9_out_of_band,1
MS-ESS2,MS-ESS2-2,applied,"If a city paves over a large area of land with concrete, how would that change the way rain affects erosion in that area compared to when the land was covered with soil and plants?",fk_grade=13.9_out_of_band,1
MS-ESS2,MS-ESS2-3,applied,"If you find fossils of the same land animal on both the eastern coast of South America and the western coast of Africa, what would you conclude about those two continents?",fk_grade=13.6_out_of_band,1
MS-ESS2,MS-ESS2-3,applied,"If you look at a world map and notice that the coastline of South America looks like it could fit into the coastline of Africa like puzzle pieces, how would you use that observation as evidence of plate motion?",fk_grade=16.6_out_of_band,1
MS-ESS2,MS-ESS2-3,applied,"If ocean floor rocks right next to a mid-ocean ridge are much younger than rocks farther away from it, what does that tell you about how the seafloor is formed?",fk_grade=10.7_out_of_band,1
MS-ESS2,MS-ESS2-3,applied,"If you find identical mountain ranges with the same type and age of rocks on two different continents that are now separated by an ocean, how would you use that as evidence of past plate motion?",fk_grade=15.5_out_of_band,1
MS-ESS2,MS-ESS2-3,applied,"Fossils of Mesosaurus, a small freshwater reptile, are found only in South America and Africa. If Mesosaurus could not survive in saltwater, how does plate tectonics explain this distribution?",fk_grade=9.6_out_of_band,1
MS-ESS2,MS-ESS2-3,applied,"If you were mapping the Atlantic Ocean floor and discovered a long underwater mountain chain running down the middle of the Atlantic, what would that seafloor structure tell you about plate movement?",fk_grade=15.0_out_of_band,1
MS-ESS2,MS-ESS2-3,applied,"If a scientist drills rock samples from the ocean floor and finds that the magnetic patterns in the rocks alternate in mirror-image stripes on both sides of a mid-ocean ridge, how is that evidence of plate motion?",fk_grade=16.1_out_of_band,1
MS-ESS2,MS-ESS2-3,applied,"If you found fossils of tropical ferns in rocks located in present-day Canada, what would you predict about where that part of North America used to be?",fk_grade=12.4_out_of_band,1
MS-ESS2,MS-ESS2-3,applied,"If two continents have the same type of ancient glacial rock scratches and deposits along their coastlines that face each other across an ocean, how would you use that to support the idea of past plate motion?",fk_grade=15.7_out_of_band,1
MS-ESS2,MS-ESS2-4,applied,"After a heavy rainstorm, some water soaks into the ground and some flows into streams. What decides which way the water goes?",fk_grade=4.8_out_of_band,1
MS-ESS2,MS-ESS2-4,applied,"If you put a clear plastic bag filled with a little water and sealed it in a sunny window, what do you predict will happen inside the bag over a few hours?",fk_grade=12.4_out_of_band,1
MS-ESS2,MS-ESS2-4,applied,"If you boil water in a pot and hold a cool lid above the steam, what water cycle process are you recreating?",fk_grade=9.1_out_of_band,1
MS-ESS2,MS-ESS2-5,applied,A weather map shows a warm front approaching your city. Should you pack an umbrella for the next few days? Why?,fk_grade=3.7_out_of_band,1
MS-ESS2,MS-ESS2-5,applied,"If you live near the coast and a moist air mass from the ocean moves inland toward a dry air mass over the land, what kind of weather might the inland towns experience?",fk_grade=12.3_out_of_band,1
MS-ESS2,MS-ESS2-6,applied,"If you live on the western coast of a continent, why would you expect your climate to be milder and wetter than somewhere at the same latitude in the middle of the continent?",fk_grade=13.7_out_of_band,1
MS-ESS2,MS-ESS2-6,applied,"Why do cities near the equator, like Singapore, stay hot all year while cities far from the equator, like Moscow, have very cold winters?",fk_grade=11.0_out_of_band,1
MS-ESS2,MS-ESS2-6,applied,"If warm air rises near the equator and cool air sinks near the poles, what kind of climate would you predict for a desert region located around 30 degrees latitude?",fk_grade=13.0_out_of_band,1
MS-ESS2,MS-ESS2-6,applied,"Why does the city of London, England stay much warmer in winter than other cities at the same latitude in Canada, even though they receive the same amount of sunlight?",fk_grade=13.8_out_of_band,1
MS-ESS2,MS-ESS2-6,applied,"You notice that one side of a mountain range facing the ocean is covered in lush green forest, but the other side is dry and desert-like. How do atmospheric circulation and unequal heating explain this difference?",fk_grade=10.1_out_of_band,1
MS-ESS2,MS-ESS2-6,applied,Why do coastal towns usually have cooler summers and warmer winters compared to towns located far inland at the same latitude?,fk_grade=12.3_out_of_band,1
MS-ESS3,MS-ESS3-1,recall,What is an ore?,fk_grade=-2.2_out_of_band,1
MS-ESS3,MS-ESS3-1,recall,What process forms most coal deposits?,fk_grade=4.5_out_of_band,1
MS-ESS3,MS-ESS3-1,recall,What is a fossil fuel?,fk_grade=2.9_out_of_band,1
MS-ESS3,MS-ESS3-1,recall,What is plate tectonics?,fk_grade=3.7_out_of_band,1
MS-ESS3,MS-ESS3-1,recall,What is an aquifer?,fk_grade=3.7_out_of_band,1
MS-ESS3,MS-ESS3-1,recall,How do hydrothermal vents contribute to the formation of mineral deposits?,fk_grade=12.3_out_of_band,1
MS-ESS3,MS-ESS3-1,recall,What geologic setting is most associated with the formation of oil and natural gas?,fk_grade=11.8_out_of_band,1
MS-ESS3,MS-ESS3-1,recall,What is the rock cycle?,fk_grade=0.5_out_of_band,1
MS-ESS3,MS-ESS3-2,recall,What is the Richter scale used to measure?,fk_grade=2.3_out_of_band,1
MS-ESS3,MS-ESS3-2,recall,What is a seismograph?,fk_grade=3.7_out_of_band,1
MS-ESS3,MS-ESS3-2,recall,What is a fault line?,fk_grade=-1.8_out_of_band,1
MS-ESS3,MS-ESS3-2,recall,What is storm surge?,fk_grade=-2.2_out_of_band,1
MS-ESS3,MS-ESS3-2,recall,What is the Ring of Fire?,fk_grade=0.5_out_of_band,1
MS-ESS3,MS-ESS3-2,recall,What is a levee?,fk_grade=0.7_out_of_band,1
MS-ESS3,MS-ESS3-2,recall,What is a volcanic eruption warning system?,fk_grade=9.1_out_of_band,1
MS-ESS3,MS-ESS3-3,recall,What is environmental monitoring?,fk_grade=18.4_out_of_band,1
MS-ESS3,MS-ESS3-3,recall,What is a pollutant?,fk_grade=3.7_out_of_band,1
MS-ESS3,MS-ESS3-3,recall,What does the term 'carbon footprint' mean?,fk_grade=2.3_out_of_band,1
MS-ESS3,MS-ESS3-3,recall,What is water quality monitoring?,fk_grade=12.3_out_of_band,1
MS-ESS3,MS-ESS3-3,recall,What is a nonrenewable resource?,fk_grade=10.0_out_of_band,1
MS-ESS3,MS-ESS3-3,recall,What does 'biodiversity' mean?,fk_grade=12.5_out_of_band,1
MS-ESS3,MS-ESS3-3,recall,What is deforestation?,fk_grade=13.1_out_of_band,1
MS-ESS3,MS-ESS3-3,recall,What does the term 'mitigation' mean in the context of environmental science?,fk_grade=9.7_out_of_band,1
MS-ESS3,MS-ESS3-3,recall,What is an environmental impact assessment?,fk_grade=12.3_out_of_band,1
MS-ESS3,MS-ESS3-4,recall,Approximately how many people live on Earth today?,fk_grade=9.7_out_of_band,1
MS-ESS3,MS-ESS3-4,recall,What is deforestation?,fk_grade=13.1_out_of_band,1
MS-ESS3,MS-ESS3-4,recall,What are fossil fuels?,fk_grade=3.7_out_of_band,1
MS-ESS3,MS-ESS3-4,recall,What is a nonrenewable resource?,fk_grade=10.0_out_of_band,1
MS-ESS3,MS-ESS3-4,recall,What is urbanization?,fk_grade=13.1_out_of_band,1
MS-ESS3,MS-ESS3-4,recall,What is meant by 'carrying capacity' of an environment?,fk_grade=10.2_out_of_band,1
MS-ESS3,MS-ESS3-4,recall,What is overfishing?,fk_grade=9.2_out_of_band,1
MS-ESS3,MS-ESS3-5,recall,What is the greenhouse effect?,fk_grade=2.9_out_of_band,1
MS-ESS3,MS-ESS3-5,recall,What are fossil fuels?,fk_grade=3.7_out_of_band,1
MS-ESS3,MS-ESS3-5,recall,What does the term 'global warming' mean?,fk_grade=2.3_out_of_band,1
MS-ESS3,MS-ESS3-5,recall,What is deforestation?,fk_grade=13.1_out_of_band,1
MS-ESS3,MS-ESS3-5,recall,What is a greenhouse gas?,fk_grade=0.5_out_of_band,1
MS-ESS3,MS-ESS3-5,recall,What human activity is the biggest source of carbon dioxide emissions worldwide?,fk_grade=11.7_out_of_band,1
MS-ESS3,MS-ESS3-1,conceptual,Why are valuable metal ores like gold and copper concentrated in certain spots rather than spread evenly through rock?,fk_grade=10.5_out_of_band,1
MS-ESS3,MS-ESS3-1,conceptual,Why do some areas have plentiful groundwater while nearby areas have very little?,fk_grade=11.3_out_of_band,1
MS-ESS3,MS-ESS3-1,conceptual,How does the water cycle help explain why some regions have more accessible freshwater resources than others?,fk_grade=11.2_out_of_band,1
MS-ESS3,MS-ESS3-1,conceptual,Why do geothermal energy resources only exist in certain places on Earth?,fk_grade=11.7_out_of_band,1
MS-ESS3,MS-ESS3-1,conceptual,"Why does sedimentary rock often contain more energy resources like oil, gas, and coal than igneous or metamorphic rock?",fk_grade=12.9_out_of_band,1
MS-ESS3,MS-ESS3-1,conceptual,Why does erosion and weathering affect where mineral resources are found near Earth's surface?,fk_grade=10.1_out_of_band,1
MS-ESS3,MS-ESS3-2,conceptual,Why do scientists study past earthquake records to predict where future earthquakes might happen?,fk_grade=9.3_out_of_band,1
MS-ESS3,MS-ESS3-2,conceptual,Why does living near a volcano that has erupted before make it more likely to erupt again in the future?,fk_grade=9.9_out_of_band,1
MS-ESS3,MS-ESS3-2,conceptual,How does tracking the movement of tectonic plates help scientists forecast natural hazards?,fk_grade=10.4_out_of_band,1
MS-ESS3,MS-ESS3-2,conceptual,How does studying the layers of ash in soil help scientists understand a volcano's eruption history?,fk_grade=12.0_out_of_band,1
MS-ESS3,MS-ESS3-2,conceptual,Why do scientists use seismographs to monitor volcanoes even before they erupt?,fk_grade=11.7_out_of_band,1
MS-ESS3,MS-ESS3-2,conceptual,How does knowing a region's flood history help engineers design better flood protection structures?,fk_grade=10.9_out_of_band,1
MS-ESS3,MS-ESS3-2,conceptual,Why do hurricanes that form over warmer ocean water tend to be more dangerous than those over cooler water?,fk_grade=10.5_out_of_band,1
MS-ESS3,MS-ESS3-2,conceptual,Why is it important to share natural hazard data between different countries and scientists around the world?,fk_grade=11.9_out_of_band,1
MS-ESS3,MS-ESS3-2,conceptual,How does mapping where wildfires have burned in the past help communities reduce the risk of future wildfires?,fk_grade=9.8_out_of_band,1
MS-ESS3,MS-ESS3-3,conceptual,Why do scientists monitor air quality near factories?,fk_grade=11.1_out_of_band,1
MS-ESS3,MS-ESS3-3,conceptual,Why does tracking changes in a species' population help scientists identify human impacts on an ecosystem?,fk_grade=14.3_out_of_band,1
MS-ESS3,MS-ESS3-3,conceptual,How does using permeable pavement in parking lots help protect local water quality?,fk_grade=11.3_out_of_band,1
MS-ESS3,MS-ESS3-3,conceptual,Why is it important to measure the amount of carbon dioxide in the atmosphere over many years rather than just once?,fk_grade=11.1_out_of_band,1
MS-ESS3,MS-ESS3-3,conceptual,How does reducing the use of chemical fertilizers on farms help protect nearby lakes?,fk_grade=9.3_out_of_band,1
MS-ESS3,MS-ESS3-3,conceptual,"Why do scientists use indicator species, like frogs, to monitor the health of an ecosystem?",fk_grade=10.7_out_of_band,1
MS-ESS3,MS-ESS3-4,conceptual,How does increased use of fossil fuels by a larger population affect Earth's atmosphere?,fk_grade=10.1_out_of_band,1
MS-ESS3,MS-ESS3-4,conceptual,Why does higher per-capita consumption of water stress Earth's freshwater systems?,fk_grade=10.2_out_of_band,1
MS-ESS3,MS-ESS3-4,conceptual,How does population growth in coastal areas affect ocean ecosystems?,fk_grade=13.1_out_of_band,1
MS-ESS3,MS-ESS3-4,conceptual,Why does increasing per-capita consumption of meat put more strain on natural resources than eating plants?,fk_grade=10.6_out_of_band,1
MS-ESS3,MS-ESS3-4,conceptual,Why does a larger human population increase the risk of overfishing in Earth's oceans?,fk_grade=10.1_out_of_band,1
MS-ESS3,MS-ESS3-5,conceptual,Why do greenhouse gases cause Earth's temperature to rise?,fk_grade=5.0_out_of_band,1
MS-ESS3,MS-ESS3-5,conceptual,How does cutting down forests contribute to rising global temperatures?,fk_grade=9.6_out_of_band,1
MS-ESS3,MS-ESS3-5,conceptual,Why has the rise in global temperatures been especially fast over the last century compared to earlier periods?,fk_grade=11.8_out_of_band,1
MS-ESS3,MS-ESS3-5,conceptual,Why does the amount of water vapor in the atmosphere matter for global temperatures?,fk_grade=9.3_out_of_band,1
MS-ESS3,MS-ESS3-5,conceptual,"How do scientists know that humans, not natural causes, are mainly responsible for the temperature rise over the past century?",fk_grade=12.9_out_of_band,1
MS-ESS3,MS-ESS3-5,conceptual,How does the carbon cycle connect human activities to rising global temperatures?,fk_grade=11.7_out_of_band,1
MS-ESS3,MS-ESS3-1,applied,"If a town is built on top of an ancient, dried-up shallow sea, where would you expect workers to find oil deposits when they drill underground?",fk_grade=10.0_out_of_band,1
MS-ESS3,MS-ESS3-1,applied,"If you live near a chain of old volcanoes, where would you most likely find valuable mineral deposits like copper or gold?",fk_grade=10.2_out_of_band,1
MS-ESS3,MS-ESS3-1,applied,"If scientists find large salt deposits underground in the middle of a continent, what does that tell you about what that region looked like in the past?",fk_grade=11.5_out_of_band,1
MS-ESS3,MS-ESS3-1,applied,"If a country is located on a tectonic plate boundary where two plates are spreading apart, what type of energy resource might it have a lot of?",fk_grade=12.0_out_of_band,1
MS-ESS3,MS-ESS3-1,applied,"If a coastal city pumps too much groundwater out of its aquifer, what could happen to that aquifer over time?",fk_grade=9.9_out_of_band,1
MS-ESS3,MS-ESS3-2,applied,"A town near a volcano notices that the ground has been shaking more often and the volcano is releasing more gas than usual. Based on this data, what should town officials do to protect residents?",fk_grade=9.1_out_of_band,1
MS-ESS3,MS-ESS3-2,applied,Weather forecasters are tracking a hurricane in the Atlantic Ocean using satellite data and wind speed measurements. How does collecting this data help people living on the coast?,fk_grade=10.1_out_of_band,1
MS-ESS3,MS-ESS3-2,applied,A town in Tornado Alley uses historical tornado data to decide where to place underground emergency shelters. Why is it better to use data when deciding shelter locations instead of just guessing?,fk_grade=12.0_out_of_band,1
MS-ESS3,MS-ESS3-2,applied,"Scientists studying wildfire patterns find that fires in a region spread most quickly in dry, windy conditions. How can firefighters use this data to prepare before wildfire season begins?",fk_grade=11.2_out_of_band,1
MS-ESS3,MS-ESS3-3,applied,"If a factory is releasing wastewater into a nearby river, what scientific tool or method could you use to monitor whether the water quality is getting worse over time?",fk_grade=16.1_out_of_band,1
MS-ESS3,MS-ESS3-3,applied,A neighborhood wants to reduce the amount of rainwater runoff carrying fertilizer into a local stream. What design method could they use to slow down and filter that runoff?,fk_grade=9.2_out_of_band,1
MS-ESS3,MS-ESS3-3,applied,"If a town wants to find out whether car exhaust is making the air unhealthy, what simple monitoring method could students set up at different locations around the city?",fk_grade=14.4_out_of_band,1
MS-ESS3,MS-ESS3-3,applied,"A farmer uses a lot of pesticides, and people downstream are worried about their drinking water. What monitoring step should happen first before designing a solution?",fk_grade=9.9_out_of_band,1
MS-ESS3,MS-ESS3-3,applied,A city is trying to cut down on the amount of garbage going to the landfill. How could school students apply scientific principles to track whether their school's recycling program is actually working?,fk_grade=10.5_out_of_band,1
MS-ESS3,MS-ESS3-3,applied,"If a logging company cuts down trees near a hillside, how could engineers use plants to minimize soil erosion washing into a stream below?",fk_grade=12.0_out_of_band,1
MS-ESS3,MS-ESS3-3,applied,"If a power plant is releasing warm water into a lake, how would a scientist monitor whether this is harming the fish population?",fk_grade=12.4_out_of_band,1
MS-ESS3,MS-ESS3-3,applied,"If a community wants to stop invasive plants from spreading along a hiking trail, what monitoring method would help them track where the plants are spreading so they know where to focus removal efforts?",fk_grade=15.4_out_of_band,1
MS-ESS3,MS-ESS3-4,applied,"If a small town doubles in population, what is likely to happen to the amount of trash sent to the local landfill each week?",fk_grade=10.0_out_of_band,1
MS-ESS3,MS-ESS3-4,applied,"If a farming region converts a large forest into cropland to feed a growing population, what happens to the local water cycle?",fk_grade=12.3_out_of_band,1
MS-ESS3,MS-ESS3-4,applied,"A neighborhood installs solar panels and switches from coal-powered electricity. If more neighborhoods do the same, how does this affect resource use compared to before?",fk_grade=9.1_out_of_band,1
MS-ESS3,MS-ESS3-4,applied,"If the world population increases by one billion people, all of whom use electricity generated by burning coal, what would happen to carbon dioxide levels in the atmosphere?",fk_grade=16.4_out_of_band,1
MS-ESS3,MS-ESS3-4,applied,Suppose a country with rapid population growth starts mining large amounts of copper to build new homes and electronics. What happens to copper as a natural resource over time?,fk_grade=9.2_out_of_band,1
MS-ESS3,MS-ESS3-4,applied,"If a community starts composting food waste instead of sending it to a landfill, how does this reduce the community's impact on Earth's systems as the population grows?",fk_grade=14.3_out_of_band,1
MS-ESS3,MS-ESS3-5,applied,"If a city builds a huge new coal-burning power plant, how would that affect the amount of CO2 in the atmosphere over time?",fk_grade=9.8_out_of_band,1
MS-ESS3,MS-ESS3-5,applied,"If global temperatures keep rising because of increased CO2, what would you predict happens to Arctic sea ice over the next several decades?",fk_grade=11.3_out_of_band,1
MS-ESS3,MS-ESS3-5,applied,"If a town switches from gasoline-powered cars to electric vehicles powered by wind energy, how would that change its contribution to global warming?",fk_grade=12.9_out_of_band,1
MS-ESS3,MS-ESS3-5,applied,"Factories release a lot of CO2 when they burn fossil fuels to power their machines. If global manufacturing doubles over the next 20 years without using cleaner energy, what would you predict about CO2 levels?",fk_grade=10.5_out_of_band,1
MS-ESS3,MS-ESS3-5,applied,"A student notices that big cities are usually warmer than nearby rural areas. If more people move to cities and cities keep expanding, how might this contribute to the overall rise in temperatures people measure?",fk_grade=11.5_out_of_band,1
MS-ETS1,MS-ETS1-1,recall,What are 'criteria' in an engineering design problem?,fk_grade=11.1_out_of_band,1
MS-ETS1,MS-ETS1-1,recall,What is the difference between criteria and constraints in engineering design?,fk_grade=12.3_out_of_band,1
MS-ETS1,MS-ETS1-1,recall,What is meant by 'sufficient precision' when defining a design problem?,fk_grade=9.1_out_of_band,1
MS-ETS1,MS-ETS1-1,recall,What are 'scientific principles' in the context of engineering design?,fk_grade=11.9_out_of_band,1
MS-ETS1,MS-ETS1-1,recall,What does 'impact on people' mean when defining an engineering design problem?,fk_grade=9.7_out_of_band,1
MS-ETS1,MS-ETS1-1,recall,What does 'impact on the natural environment' mean in engineering design?,fk_grade=11.2_out_of_band,1
MS-ETS1,MS-ETS1-1,recall,What is a 'design solution' in engineering?,fk_grade=9.1_out_of_band,1
MS-ETS1,MS-ETS1-1,recall,What is a 'material constraint' in engineering design?,fk_grade=11.1_out_of_band,1
MS-ETS1,MS-ETS1-1,recall,Why is it important to identify constraints before designing a solution?,fk_grade=12.3_out_of_band,1
MS-ETS1,MS-ETS1-2,recall,What is a design criterion in engineering?,fk_grade=10.7_out_of_band,1
MS-ETS1,MS-ETS1-2,recall,What is a systematic process in the context of evaluating designs?,fk_grade=11.2_out_of_band,1
MS-ETS1,MS-ETS1-2,recall,What is the purpose of using a decision matrix when comparing design solutions?,fk_grade=10.4_out_of_band,1
MS-ETS1,MS-ETS1-2,recall,What is the difference between qualitative and quantitative data when evaluating a design?,fk_grade=14.9_out_of_band,1
MS-ETS1,MS-ETS1-2,recall,What does 'optimization' mean in engineering design?,fk_grade=12.4_out_of_band,1
MS-ETS1,MS-ETS1-2,recall,What does it mean for a design to 'fail' during testing?,fk_grade=3.7_out_of_band,1
MS-ETS1,MS-ETS1-3,recall,What are 'criteria for success' in an engineering design problem?,fk_grade=10.7_out_of_band,1
MS-ETS1,MS-ETS1-3,recall,What is a design constraint?,fk_grade=2.9_out_of_band,1
MS-ETS1,MS-ETS1-3,recall,What is a prototype in engineering design?,fk_grade=9.1_out_of_band,1
MS-ETS1,MS-ETS1-3,recall,What kind of information do engineers collect when they test a design solution?,fk_grade=9.4_out_of_band,1
MS-ETS1,MS-ETS1-3,recall,What is quantitative data in engineering tests?,fk_grade=10.7_out_of_band,1
MS-ETS1,MS-ETS1-3,recall,What is qualitative data in engineering tests?,fk_grade=10.7_out_of_band,1
MS-ETS1,MS-ETS1-4,recall,What does 'iterative' mean in engineering design?,fk_grade=10.7_out_of_band,1
MS-ETS1,MS-ETS1-4,recall,What is a prototype?,fk_grade=3.7_out_of_band,1
MS-ETS1,MS-ETS1-4,recall,What are design criteria?,fk_grade=9.6_out_of_band,1
MS-ETS1,MS-ETS1-4,recall,What are design constraints?,fk_grade=3.7_out_of_band,1
MS-ETS1,MS-ETS1-4,recall,What does 'failure analysis' mean in engineering?,fk_grade=10.7_out_of_band,1
MS-ETS1,MS-ETS1-1,conceptual,Why do engineers need to clearly define criteria before they start designing a solution?,fk_grade=11.8_out_of_band,1
MS-ETS1,MS-ETS1-1,conceptual,Why are constraints important in an engineering design problem?,fk_grade=10.2_out_of_band,1
MS-ETS1,MS-ETS1-1,conceptual,How do scientific principles limit the possible solutions an engineer can choose?,fk_grade=12.7_out_of_band,1
MS-ETS1,MS-ETS1-1,conceptual,How can potential impacts on the natural environment act as a constraint on an engineering solution?,fk_grade=12.8_out_of_band,1
MS-ETS1,MS-ETS1-1,conceptual,Why do engineers consider impacts on people when defining a design problem?,fk_grade=10.7_out_of_band,1
MS-ETS1,MS-ETS1-1,conceptual,How does identifying criteria and constraints early in the design process save time and resources later?,fk_grade=12.8_out_of_band,1
MS-ETS1,MS-ETS1-1,conceptual,Why can two engineers working on the same problem come up with different lists of criteria and constraints?,fk_grade=9.8_out_of_band,1
MS-ETS1,MS-ETS1-1,conceptual,Why is it important to distinguish between criteria and constraints when defining a design problem?,fk_grade=12.3_out_of_band,1
MS-ETS1,MS-ETS1-1,conceptual,How does understanding the needs of the intended users help engineers define the criteria for a design?,fk_grade=11.9_out_of_band,1
MS-ETS1,MS-ETS1-1,conceptual,Why might a solution that works perfectly in a lab fail to meet all the criteria and constraints of a real-world design problem?,fk_grade=11.3_out_of_band,1
MS-ETS1,MS-ETS1-1,conceptual,How does considering safety requirements affect the criteria and constraints of an engineering design problem?,fk_grade=14.6_out_of_band,1
MS-ETS1,MS-ETS1-1,conceptual,Why is it helpful to rank or prioritize criteria when multiple requirements compete with each other in a design problem?,fk_grade=12.9_out_of_band,1
MS-ETS1,MS-ETS1-2,conceptual,Why is it important to use a systematic process when comparing design solutions instead of just picking your favorite?,fk_grade=12.9_out_of_band,1
MS-ETS1,MS-ETS1-2,conceptual,Why do engineers define criteria and constraints before they start evaluating designs?,fk_grade=13.7_out_of_band,1
MS-ETS1,MS-ETS1-2,conceptual,How does a decision matrix help engineers compare competing design solutions?,fk_grade=12.3_out_of_band,1
MS-ETS1,MS-ETS1-2,conceptual,How does weighting criteria differently change the outcome of a design evaluation?,fk_grade=12.7_out_of_band,1
MS-ETS1,MS-ETS1-2,conceptual,Why is it necessary to test design solutions against constraints as well as criteria?,fk_grade=10.9_out_of_band,1
MS-ETS1,MS-ETS1-2,conceptual,How does comparing multiple design solutions lead to a better final product than just developing one solution?,fk_grade=13.3_out_of_band,1
MS-ETS1,MS-ETS1-2,conceptual,Why do engineers sometimes combine elements from two competing designs rather than simply choosing the winner?,fk_grade=12.0_out_of_band,1
MS-ETS1,MS-ETS1-2,conceptual,How does gathering data through testing help make a design evaluation more reliable?,fk_grade=12.2_out_of_band,1
MS-ETS1,MS-ETS1-2,conceptual,Why is it helpful to involve multiple people when evaluating competing design solutions?,fk_grade=14.0_out_of_band,1
MS-ETS1,MS-ETS1-2,conceptual,How does clearly defining the problem first make it easier to evaluate design solutions later?,fk_grade=12.3_out_of_band,1
MS-ETS1,MS-ETS1-2,conceptual,Why might a cheaper design solution sometimes be ranked higher than a more expensive one even if the expensive one performs slightly better?,fk_grade=12.4_out_of_band,1
MS-ETS1,MS-ETS1-2,conceptual,How does ranking or prioritizing criteria before testing help engineers make a final decision when two designs score very close to each other?,fk_grade=14.4_out_of_band,1
MS-ETS1,MS-ETS1-3,conceptual,Why do engineers look for similarities among different design solutions when analyzing test data?,fk_grade=15.2_out_of_band,1
MS-ETS1,MS-ETS1-3,conceptual,How can combining the best parts of several designs lead to a better solution than any single design on its own?,fk_grade=10.0_out_of_band,1
MS-ETS1,MS-ETS1-3,conceptual,Why do engineers pay attention to differences between design solutions when comparing test results?,fk_grade=13.5_out_of_band,1
MS-ETS1,MS-ETS1-3,conceptual,Why is it important to use actual test data rather than guesses when comparing design solutions?,fk_grade=11.3_out_of_band,1
MS-ETS1,MS-ETS1-3,conceptual,How does identifying the best characteristic of each design help engineers meet criteria for success?,fk_grade=13.9_out_of_band,1
MS-ETS1,MS-ETS1-3,conceptual,How does comparing test data from different prototypes help engineers avoid repeating the same mistakes?,fk_grade=12.3_out_of_band,1
MS-ETS1,MS-ETS1-3,conceptual,Why is it helpful to organize test data into a table or chart when comparing multiple design solutions?,fk_grade=11.8_out_of_band,1
MS-ETS1,MS-ETS1-3,conceptual,How do success criteria help engineers decide which characteristics from test results are actually worth combining?,fk_grade=15.0_out_of_band,1
MS-ETS1,MS-ETS1-3,conceptual,Why can't engineers simply pick the single best-performing design and call it finished after testing?,fk_grade=10.7_out_of_band,1
MS-ETS1,MS-ETS1-3,conceptual,How does analyzing similarities in test data across designs help engineers figure out which features are most reliable?,fk_grade=14.4_out_of_band,1
MS-ETS1,MS-ETS1-3,conceptual,Why do engineers sometimes create a brand-new prototype after comparing test data instead of just modifying the best existing design?,fk_grade=14.6_out_of_band,1
MS-ETS1,MS-ETS1-4,conceptual,Why is it important to change only one variable at a time when testing a design model?,fk_grade=9.1_out_of_band,1
MS-ETS1,MS-ETS1-4,conceptual,How does collecting data during testing help an engineer improve a design?,fk_grade=9.7_out_of_band,1
MS-ETS1,MS-ETS1-4,conceptual,Why do engineers go through multiple rounds of testing and redesigning instead of just testing once?,fk_grade=9.8_out_of_band,1
MS-ETS1,MS-ETS1-4,conceptual,How does a physical model help engineers understand how a real structure will behave?,fk_grade=9.3_out_of_band,1
MS-ETS1,MS-ETS1-4,conceptual,Why is it useful to use a computer simulation model instead of a physical model for some designs?,fk_grade=11.1_out_of_band,1
MS-ETS1,MS-ETS1-4,conceptual,How does comparing test data from two different versions of a design help engineers decide which one is better?,fk_grade=10.5_out_of_band,1
MS-ETS1,MS-ETS1-4,conceptual,Why do engineers define criteria and constraints before they start building and testing a model?,fk_grade=10.7_out_of_band,1
MS-ETS1,MS-ETS1-4,conceptual,Why might an engineer use a scaled-down model rather than a full-size prototype during early testing?,fk_grade=10.6_out_of_band,1
MS-ETS1,MS-ETS1-4,conceptual,How does iterative testing help engineers find the 'optimal' design for a problem?,fk_grade=10.4_out_of_band,1
MS-ETS1,MS-ETS1-4,conceptual,Why is it important to record and organize the data from every test during the design process?,fk_grade=10.5_out_of_band,1
MS-ETS1,MS-ETS1-4,conceptual,How does a model help an engineer communicate a design idea to other people on a team?,fk_grade=10.5_out_of_band,1
MS-ETS1,MS-ETS1-1,applied,"A student says their designed toy car 'should be pretty fast.' Why is this not precise enough as a criterion, and how could they fix it?",fk_grade=4.9_out_of_band,1
MS-ETS1,MS-ETS1-1,applied,"An engineer is designing a footbridge over a small stream. The bridge must support 500 pounds and can only cost $2,000 to build. If the bridge ends up costing $2,500, what problem does that create for the design?",fk_grade=4.9_out_of_band,1
MS-ETS1,MS-ETS1-1,applied,You are designing a wheelchair access ramp. A building code says the slope must be no steeper than 1 inch of rise for every 12 inches of length. How does this rule work as a constraint?,fk_grade=4.2_out_of_band,1
MS-ETS1,MS-ETS1-1,applied,You are designing a parachute to safely lower a 1-pound package so it lands at under 5 mph. How does gravity act as a relevant scientific principle that must be considered when defining your design criteria?,fk_grade=12.1_out_of_band,1
MS-ETS1,MS-ETS1-2,applied,A team is testing two phone case designs to protect a phone from drops. They drop each case from the same height ten times and record how many times the 'phone' cracked. Why is it important to drop both cases from the same height each time?,fk_grade=4.2_out_of_band,1
MS-ETS1,MS-ETS1-2,applied,"Your school needs a new ramp for wheelchair access. Design X has a gentle slope and costs more, while Design Y has a steeper slope and costs less. The constraint says the slope cannot exceed 1 inch rise per 12 inches of length. Design Y exceeds this limit. Which design should be chosen, and why?",fk_grade=3.7_out_of_band,1
MS-ETS1,MS-ETS1-2,applied,A student designs two types of insulated lunch bags to keep food cold. She measures the temperature inside each bag every 30 minutes for 2 hours. Why is recording data at regular time intervals a better evaluation method than just checking once at the end?,fk_grade=9.1_out_of_band,1
MS-ETS1,MS-ETS1-2,applied,"Your engineering class must design a seed-spreading device that can scatter seeds at least 3 feet away and uses only recycled materials. After building and testing, Design A scatters seeds 4 feet but uses a new plastic bottle, while Design B scatters seeds 3.5 feet and uses only recycled materials. Which design should be chosen?",fk_grade=9.1_out_of_band,1
MS-ETS1,MS-ETS1-2,applied,A class tests two noise-reducing wall panels for a school music room by measuring decibels inside the room with each panel installed while the same loud music plays outside. Why does the music need to be played at the same volume for both tests?,fk_grade=9.1_out_of_band,1
MS-ETS1,MS-ETS1-3,applied,"Two bridge designs were tested: Bridge X held more weight but cracked at the middle, and Bridge Y stayed flexible but bent too easily. If you used Bridge X's thick center support and Bridge Y's flexible side cables together, what problem would the new design likely solve?",fk_grade=9.9_out_of_band,1
MS-ETS1,MS-ETS1-3,applied,"Two wind turbine blade designs were tested. Design A spun fastest in strong wind but stopped in light wind. Design B spun in light wind but was too slow in strong wind. If you combined the lightweight material from Design B with the curved shape from Design A, what would you predict about the new blade?",fk_grade=4.8_out_of_band,1
MS-ETS1,MS-ETS1-3,applied,"Engineers compared three designs for a seed-dispersal device that shoots seeds across a garden. Device A had the most accurate aim, Device B launched seeds the farthest, and Device C was the easiest to reload quickly. If a gardener used a new device that combined all three features, how would planting a large garden be different compared to using any one device alone?",fk_grade=10.8_out_of_band,1
MS-ETS1,MS-ETS1-4,applied,"If you use a computer simulation to test whether a new helmet shape absorbs impact well before building a real one, how does that model help the design process?",fk_grade=13.2_out_of_band,1
MS-ETS1,MS-ETS1-4,applied,A student designs a cardboard chair that must hold a textbook. After the first test it bends. She folds the edges for stiffness and tests again. Why might she need to repeat this cycle many times before the design is 'optimal'?,fk_grade=4.5_out_of_band,1
MS-ETS1,MS-ETS1-4,applied,"If engineers use a crash-test dummy in a car instead of a real person to collect safety data, how does using a model protect the design process?",fk_grade=12.9_out_of_band,1
MS-ETS1,MS-ETS1-4,applied,Why would an engineer build a small 3-D printed prototype of a new shoe sole before making thousands of them in a factory?,fk_grade=10.3_out_of_band,1
MS-ETS1,MS-ETS1-4,applied,"A class builds a marble roller coaster and the marble always stops halfway through. They lengthen the first drop and test again. If the marble now completes the course, what does that data tell them?",fk_grade=4.5_out_of_band,1
MS-ETS1,MS-ETS1-4,applied,"If a student records the distance a rubber-band-powered car travels in each test after adjusting the number of rubber bands, how does keeping a data table help the iterative design process?",fk_grade=16.3_out_of_band,1
MS-ETS1,MS-ETS1-4,applied,A team designs an insulated cup and measures how many minutes a hot drink stays warm after each material change. Why is having a specific measurable goal (like 'stay above 60°C for 30 minutes') important when testing their design?,fk_grade=11.1_out_of_band,1
MS-PS1,MS-PS1-1,recall,What is an extended structure in chemistry?,llm_inappropriate,1
MS-PS1,MS-PS1-2,recall,What is a physical property of matter?,llm_inappropriate,1
MS-PS1,MS-PS1-3,recall,What natural resource is rayon fabric made from?,llm_inappropriate,1
MS-PS1,MS-PS1-3,recall,What is a natural resource?,llm_inappropriate,1
MS-PS1,MS-PS1-3,conceptual,Why did the invention of synthetic dyes change the textile industry?,llm_inappropriate,1
MS-PS1,MS-PS1-6,applied,A reusable hot pack can be reset by boiling it in water after it cools down. What does this tell you about the chemical change that happened inside it?,llm_inappropriate,1
MS-PS1,MS-PS1-6,applied,"A student is designing a self-heating soup can and wants it to stay warm for at least 10 minutes. If their first design only stays warm for 4 minutes, what is one change they could make to improve it?",llm_inappropriate,1
MS-PS2,MS-PS2-4,recall,What is gravity?,llm_inappropriate,1
MS-PS2,MS-PS2-5,recall,What is gravity?,llm_inappropriate,1
MS-PS2,MS-PS2-5,conceptual,How does a magnetic field allow force to travel through empty space?,llm_inappropriate,1
MS-PS2,MS-PS2-1,applied,You want to design a safer helmet for football players to reduce head injuries during collisions. How does Newton's Third Law help explain why padding inside the helmet helps?,llm_inappropriate,1
MS-PS3,MS-PS3-5,recall,What is a 'force' and how is it related to changes in kinetic energy?,llm_inappropriate,1
MS-PS3,MS-PS3-5,conceptual,How does a parachute slow down a skydiver who is falling fast?,llm_inappropriate,1
MS-PS3,MS-PS3-2,applied,"Two magnets are held 1 centimeter apart, then moved to 10 centimeters apart. What happened to the potential energy stored in the magnet system?",llm_inappropriate,1
MS-PS3,MS-PS3-3,applied,"If you wrap a cold drink can in aluminum foil on a hot day, will it stay cold longer than an unwrapped can?",llm_inappropriate,1
MS-PS4,MS-PS4-2,recall,What is an opaque material?,llm_inappropriate,1
MS-PS4,MS-PS4-1,conceptual,Why do ocean waves caused by powerful storms have larger amplitudes than calm-day waves?,llm_inappropriate,1
MS-PS4,MS-PS4-1,conceptual,Why does doubling the amplitude of a wave increase its energy by more than just double?,llm_inappropriate,1
MS-PS4,MS-PS4-1,conceptual,How does the amplitude of a water wave relate to how high it can push an object floating on the surface?,llm_inappropriate,1
MS-PS4,MS-PS4-1,conceptual,Why do musicians play notes more softly by reducing the amplitude of the sound waves they produce?,llm_inappropriate,1
MS-PS4,MS-PS4-2,conceptual,Why can you see your reflection in a store window even though you can also see through it?,llm_inappropriate,1
MS-PS4,MS-PS4-2,conceptual,Why does a guitar sound louder when it has a hollow wooden body compared to a solid piece of wood?,llm_inappropriate,1
MS-PS4,MS-PS4-2,conceptual,Why do noise-canceling headphone earcups use thick padding around your ears?,llm_inappropriate,1
MS-PS4,MS-PS4-2,conceptual,Why does light slow down when it enters water or glass compared to traveling through air?,llm_inappropriate,1
MS-PS4,MS-PS4-1,applied,"A tsunami wave can be many meters tall while a normal ocean wave might only be 1 meter tall. Based on amplitude and energy, why can a tsunami cause so much more destruction?",llm_inappropriate,1
MS-PS4,MS-PS4-2,applied,"If you shine a flashlight at a clear glass window at night, what happens to most of the light?",llm_inappropriate,1
MS-PS4,MS-PS4-2,applied,A student wraps a sandwich in aluminum foil before putting it in a microwave. Why won't the sandwich heat up?,llm_inappropriate,1
MS-PS4,MS-PS4-2,applied,Why do sunglasses with dark lenses protect your eyes from bright sunlight better than clear lenses?,llm_inappropriate,1
MS-PS4,MS-PS4-2,applied,"A student holds a piece of black construction paper and a piece of white paper in the sunlight. Which will feel warmer after a minute, and why?",llm_inappropriate,1
MS-PS4,MS-PS4-2,applied,Why can you feel warmth from a campfire even if you stand to the side and not directly above it?,llm_inappropriate,1
MS-PS4,MS-PS4-2,applied,Why does wearing a white shirt keep you cooler in summer sunlight compared to wearing a black shirt?,llm_inappropriate,1
MS-PS4,MS-PS4-2,applied,Why do thick curtains help keep a room quieter from outside street noise compared to thin curtains?,llm_inappropriate,1
MS-LS1,MS-LS1-3,recall,What does it mean to say body systems 'interact' with each other?,llm_inappropriate,1
MS-LS1,MS-LS1-4,recall,What does the word 'empirical evidence' mean in science?,llm_inappropriate,1
MS-LS1,MS-LS1-5,recall,What does the word 'hereditary' mean?,llm_inappropriate,1
MS-LS1,MS-LS1-7,recall,What is a chemical reaction?,llm_inappropriate,1
MS-LS1,MS-LS1-5,conceptual,Why do children tend to be a similar height to their parents when they grow up?,llm_inappropriate,1
MS-LS1,MS-LS1-8,conceptual,Why can you remember the smell of something you haven't experienced in years?,llm_inappropriate,1
MS-LS2,MS-LS2-1,recall,What does the term 'population' mean in science?,llm_inappropriate,1
MS-LS2,MS-LS2-1,recall,What is a producer in an ecosystem?,llm_inappropriate,1
MS-LS2,MS-LS2-1,recall,What is a consumer in an ecosystem?,llm_inappropriate,1
MS-LS2,MS-LS2-1,recall,What is an ecosystem?,llm_inappropriate,1
MS-LS2,MS-LS2-3,recall,What is a producer in an ecosystem?,llm_inappropriate,1
MS-LS2,MS-LS2-3,recall,What is a decomposer?,llm_inappropriate,1
MS-LS2,MS-LS2-3,recall,What is a consumer in an ecosystem?,llm_inappropriate,1
MS-LS2,MS-LS2-4,recall,What is an invasive species?,llm_inappropriate,1
MS-LS2,MS-LS2-5,recall,What is a protected area or nature reserve?,llm_inappropriate,1
MS-LS2,MS-LS2-5,applied,"Two towns both want to protect a fish population in a lake. One town bans all fishing, and the other town sets a catch limit that allows some fishing. Which solution better balances human use with maintaining biodiversity?",llm_inappropriate,1
MS-LS3,MS-LS3-1,recall,What are amino acids?,llm_inappropriate,1
MS-LS3,MS-LS3-1,recall,What type of mutation adds an extra DNA base into a gene?,llm_inappropriate,1
MS-LS3,MS-LS3-1,recall,What type of mutation replaces one DNA base with a different base?,llm_inappropriate,1
MS-LS3,MS-LS3-2,recall,What is mitosis?,llm_inappropriate,1
MS-LS3,MS-LS3-2,recall,What is binary fission?,llm_inappropriate,1
MS-LS3,MS-LS3-1,conceptual,Why are some mutations neutral and have no effect on the organism?,llm_inappropriate,1
MS-LS3,MS-LS3-1,conceptual,How does a mutation cause sickle cell disease?,llm_inappropriate,1
MS-LS3,MS-LS3-1,conceptual,Why do proteins need to be built in the correct order of amino acids?,llm_inappropriate,1
MS-LS3,MS-LS3-1,conceptual,How can a mutation lead to an organism producing too much of a protein?,llm_inappropriate,1
MS-LS3,MS-LS3-1,conceptual,Why might a mutation that changes a protein in one part of the body still affect other parts of the body?,llm_inappropriate,1
MS-LS3,MS-LS3-2,conceptual,How does a yeast cell reproduce asexually through budding?,llm_inappropriate,1
MS-LS4,MS-LS4-1,recall,What is extinction?,llm_inappropriate,1
MS-LS4,MS-LS4-2,recall,What does the word 'anatomy' mean in science?,llm_inappropriate,1
MS-LS4,MS-LS4-3,recall,What does the word 'embryology' mean?,llm_inappropriate,1
MS-LS4,MS-LS4-3,recall,What does 'pictorial data' mean in science?,llm_inappropriate,1
MS-LS4,MS-LS4-5,recall,"What is cloning, as it relates to copying traits in organisms?",llm_inappropriate,1
MS-LS4,MS-LS4-6,recall,What does 'allele frequency' mean?,llm_inappropriate,1
MS-ESS1,MS-ESS1-2,recall,What is gravity?,llm_inappropriate,1
MS-ESS1,MS-ESS1-2,recall,What is the center of our solar system?,llm_inappropriate,1
MS-ESS1,MS-ESS1-4,recall,What is the Precambrian?,llm_inappropriate,1
MS-ESS1,MS-ESS1-4,recall,What major event marks the beginning of the Phanerozoic Eon?,llm_inappropriate,1
MS-ESS1,MS-ESS1-1,conceptual,Why do we see a full moon when we see a new moon on the other side of Earth at the same time?,llm_inappropriate,1
MS-ESS1,MS-ESS1-2,conceptual,Why do more massive objects have stronger gravitational pulls?,llm_inappropriate,1
MS-ESS1,MS-ESS1-3,applied,"You see a scale model where the Sun is placed at one end of a football field. Would all eight planets fit within the first 10 yards, or would some planets be beyond the far end zone?",llm_inappropriate,1
MS-ESS2,MS-ESS2-1,recall,What is weathering?,llm_inappropriate,1
MS-ESS2,MS-ESS2-1,recall,What is erosion?,llm_inappropriate,1
MS-ESS2,MS-ESS2-2,recall,What is erosion?,llm_inappropriate,1
MS-ESS2,MS-ESS2-5,recall,What instrument is used to measure air pressure?,llm_inappropriate,1
MS-ESS2,MS-ESS2-6,applied,"If Earth stopped rotating, how would that change the wind patterns we see today, and what might happen to regional climates?",llm_inappropriate,1
MS-ESS3,MS-ESS3-1,recall,What is a mineral resource?,llm_inappropriate,1
MS-ESS3,MS-ESS3-2,recall,What is a natural hazard?,llm_inappropriate,1
MS-ESS3,MS-ESS3-4,recall,What is a natural resource?,llm_inappropriate,1
MS-ESS3,MS-ESS3-5,recall,What is carbon dioxide (CO₂)?,llm_inappropriate,1
MS-ESS3,MS-ESS3-5,recall,What is the difference between weather and climate?,llm_inappropriate,1
MS-ESS3,MS-ESS3-1,conceptual,Why are diamonds found deep underground and only in certain parts of the world?,llm_inappropriate,1
MS-ESS3,MS-ESS3-1,applied,"You are looking at a map and notice that most of the world's diamond mines are located in the centers of ancient, stable continents. Why wouldn't you expect to find diamonds near a young mountain range?",llm_inappropriate,1
MS-ESS3,MS-ESS3-2,applied,"A city's data shows that a nearby fault line has not had a major earthquake in over 200 years, but smaller quakes happen regularly. What does this pattern suggest about the risk of a big earthquake in the future?",llm_inappropriate,1
MS-ETS1,MS-ETS1-3,applied,"A class tested three solar ovens. One heated food fastest, one kept heat in the longest, and one was the easiest to aim at the sun. If you combined all three features, how would the new oven perform compared to the originals?",llm_inappropriate,1
MS-ETS1,MS-ETS1-3,applied,"Students tested three phone case designs by dropping phones. Case 1 had great corner protection, Case 2 had the best screen cover, and Case 3 absorbed back-impact the best. If a new case combined all three features, where would the phone be protected that the original cases missed?",llm_inappropriate,1
MS-ETS1,MS-ETS1-3,applied,"Students tested three paper airplane designs. Design 1 flew the straightest, Design 2 flew the farthest, and Design 3 stayed in the air the longest. If a student folded a new plane using Design 1's narrow nose, Design 2's long wings, and Design 3's upturned wingtips, what would you expect?",llm_inappropriate,1
MS-ETS1,MS-ETS1-4,applied,"You are designing a parachute and your first model drops too fast. You make it wider, test it, and it drops slower but still too fast. You make it wider again. How many rounds of testing might you need before declaring the design optimal?",llm_inappropriate,1
MS-PS1,MS-PS1-2,recall,What does the term 'reactant' mean in a chemical reaction?,duplicate,1
MS-PS1,MS-PS1-2,recall,What is one sign that a chemical reaction may have occurred?,duplicate,1
MS-PS1,MS-PS1-2,recall,What does it mean when scientists say a new substance has been formed in a chemical reaction?,duplicate,1
MS-PS1,MS-PS1-4,recall,What happens to the particles in a substance when thermal energy is added to it?,duplicate,1
MS-PS1,MS-PS1-5,recall,What is a chemical reaction?,duplicate,1
MS-PS1,MS-PS1-5,recall,What are products in a chemical reaction?,duplicate,1
MS-PS1,MS-PS1-6,recall,What is thermal energy?,duplicate,1
MS-PS1,MS-PS1-2,conceptual,Why does a color change sometimes mean a chemical reaction has happened?,duplicate,1
MS-PS1,MS-PS1-2,conceptual,Why does a change in smell when substances are mixed suggest a chemical reaction occurred?,duplicate,1
MS-PS1,MS-PS1-2,applied,"If you leave a steel nail outside in the rain for a week and it turns reddish-brown and crumbles, has a chemical reaction occurred? How can you tell?",duplicate,1
MS-PS1,MS-PS1-2,applied,"When you cook an egg in a pan, the clear, runny egg white turns white and solid. Is this a chemical reaction or a physical change, and what evidence supports your answer?",duplicate,1
MS-PS1,MS-PS1-2,applied,You dissolve sugar in water and the water tastes sweet but looks clear. Has a chemical reaction occurred?,duplicate,1
MS-PS1,MS-PS1-2,applied,A silver spoon turns black over time sitting in the open air. What does this color change tell you about whether a chemical reaction happened?,duplicate,1
MS-PS3,MS-PS3-4,recall,What is thermal energy?,duplicate,1
MS-PS3,MS-PS3-4,recall,What unit is commonly used to measure thermal energy or heat transferred?,duplicate,1
MS-PS3,MS-PS3-4,recall,What happens to the particles in a substance when its temperature increases?,duplicate,1
MS-PS3,MS-PS3-3,conceptual,How does the color of a surface affect how much thermal energy it absorbs from sunlight?,duplicate,1
MS-PS3,MS-PS3-4,conceptual,Why does metal feel colder than wood at the same room temperature when you touch them?,duplicate,1
MS-PS3,MS-PS3-4,conceptual,"Why does the temperature stop changing while ice is melting, even though heat is still being added?",duplicate,1
MS-PS3,MS-PS3-3,applied,Why does a metal spoon left in a hot bowl of soup get hot faster than a wooden spoon?,duplicate,1
MS-PS4,MS-PS4-3,recall,What does 'sampling' mean when converting an analog signal to a digital one?,duplicate,1
MS-PS4,MS-PS4-3,conceptual,How does turning a sound wave into a digital signal work?,duplicate,1
MS-PS4,MS-PS4-2,applied,Radio waves from a station can travel through the walls of your house to reach a radio inside. What wave behavior explains this?,duplicate,1
MS-PS4,MS-PS4-3,applied,"When scientists on Earth send commands to a spacecraft billions of miles away, the signal gets very weak by the time it arrives. Why do they use digital signals instead of analog signals for these commands?",duplicate,1
MS-LS2,MS-LS2-3,conceptual,Why does energy decrease as it moves from one level of a food chain to the next?,duplicate,1
MS-LS3,MS-LS3-2,recall,What are chromosomes?,duplicate,1
MS-LS3,MS-LS3-2,recall,What is DNA?,duplicate,1
MS-LS3,MS-LS3-1,applied,"A dog is born with an extra toe on each paw due to a gene mutation. Would this mutation most likely be harmful, beneficial, or neutral for the dog?",duplicate,1
MS-LS3,MS-LS3-1,applied,"A cow is born with a mutation that makes its fur thicker than normal. If this cow lives in a cold climate, would this mutation be harmful, beneficial, or neutral?",duplicate,1
MS-LS3,MS-LS3-1,applied,"A mutation causes a tree to produce a protein that makes its wood much harder than normal. Would this likely be beneficial, harmful, or neutral for the tree?",duplicate,1
MS-LS4,MS-LS4-3,recall,What is a common ancestor?,duplicate,1
MS-LS4,MS-LS4-4,recall,What does 'reproduce' mean in the context of natural selection?,duplicate,1
MS-LS4,MS-LS4-6,recall,What is an adaptation?,duplicate,1
MS-LS4,MS-LS4-5,conceptual,Why does selective breeding lead to offspring with the traits farmers want?,duplicate,1
MS-ESS1,MS-ESS1-1,applied,"During a total lunar eclipse, the Moon often looks reddish-orange. If you were an astronaut standing on the Moon during that eclipse, what would you see when you looked toward Earth?",duplicate,1
MS-ESS2,MS-ESS2-6,conceptual,How does the Coriolis effect change the direction that air moves?,duplicate,1
MS-ESS3,MS-ESS3-3,conceptual,Why does burying landfills with a clay or plastic liner help protect groundwater?,duplicate,1
MS-ESS3,MS-ESS3-1,applied,A builder digs a foundation in an area and discovers layers of limestone rock. What does the presence of limestone suggest about where to look for groundwater nearby?,duplicate,1
MS-ETS1,MS-ETS1-1,recall,What is an engineering design problem?,duplicate,1
MS-ETS1,MS-ETS1-1,recall,What is a 'budget constraint' in an engineering design problem?,duplicate,1
MS-ETS1,MS-ETS1-2,recall,What is a trade-off in engineering design?,duplicate,1
MS-ETS1,MS-ETS1-3,recall,What does 'iterative design' mean?,duplicate,1
MS-ETS1,MS-ETS1-3,recall,What is a trade-off in engineering design?,duplicate,1
MS-ETS1,MS-ETS1-4,recall,What is a trade-off in engineering?,duplicate,1
MS-ETS1,MS-ETS1-4,recall,What does 'modify' mean in the context of the engineering design process?,duplicate,1
MS-PS1,MS-PS1-1,recall,What is a molecule?,fk_grade=3.7_out_of_band,2
MS-PS1,MS-PS1-1,recall,What is an atom?,fk_grade=0.7_out_of_band,2
MS-PS1,MS-PS1-3,recall,What is a synthetic material?,fk_grade=10.0_out_of_band,2
MS-PS1,MS-PS1-3,recall,"What is nylon, and what natural resource does it come from?",fk_grade=4.8_out_of_band,2
MS-PS1,MS-PS1-3,recall,"What natural resource is steel made from, and why is steel considered a synthetic material?",fk_grade=9.9_out_of_band,2
MS-PS1,MS-PS1-3,recall,What does the term 'natural resource' mean?,fk_grade=4.0_out_of_band,2
MS-PS1,MS-PS1-4,recall,What are the three common states of matter?,fk_grade=2.3_out_of_band,2
MS-PS1,MS-PS1-4,recall,What is melting point?,fk_grade=0.7_out_of_band,2
MS-PS1,MS-PS1-4,recall,What is condensation?,fk_grade=9.2_out_of_band,2
MS-PS1,MS-PS1-5,recall,What is the law of conservation of mass?,fk_grade=3.8_out_of_band,2
MS-PS1,MS-PS1-5,recall,What are reactants in a chemical reaction?,fk_grade=9.1_out_of_band,2
MS-PS1,MS-PS1-5,recall,What is an atom?,fk_grade=0.7_out_of_band,2
MS-PS1,MS-PS1-5,recall,"If the total mass of the reactants in a chemical reaction is 50 grams, what will the total mass of the products be?",fk_grade=9.8_out_of_band,2
MS-PS1,MS-PS1-6,recall,What is an exothermic reaction?,fk_grade=10.0_out_of_band,2
MS-PS1,MS-PS1-6,recall,What is an endothermic reaction?,fk_grade=10.0_out_of_band,2
MS-PS1,MS-PS1-6,recall,What is a chemical hand warmer an example of — an exothermic or endothermic reaction?,fk_grade=12.6_out_of_band,2
MS-PS1,MS-PS1-6,recall,What common chemical reaction is used in instant cold packs to absorb thermal energy?,fk_grade=10.1_out_of_band,2
MS-PS1,MS-PS1-1,conceptual,Why do atoms bond together to form molecules instead of just staying as separate atoms?,fk_grade=9.9_out_of_band,2
MS-PS1,MS-PS1-1,conceptual,"Why does changing the number of atoms in a molecule change what substance it is — for example, why is CO (carbon monoxide) different from CO₂ (carbon dioxide)?",fk_grade=13.7_out_of_band,2
MS-PS1,MS-PS1-1,conceptual,"Why do some substances, like table salt, form giant repeating structures instead of small individual molecules?",fk_grade=12.8_out_of_band,2
MS-PS1,MS-PS1-1,conceptual,"How can two substances both be made of only carbon atoms but look and act completely differently, like diamond and graphite?",fk_grade=10.6_out_of_band,2
MS-PS1,MS-PS1-1,conceptual,Why do scientists use models like ball-and-stick diagrams to represent molecules instead of just writing the chemical formula?,fk_grade=14.4_out_of_band,2
MS-PS1,MS-PS1-1,conceptual,"Why does water stay liquid at room temperature even though it is made of very small, lightweight molecules?",fk_grade=9.1_out_of_band,2
MS-PS1,MS-PS1-2,conceptual,Why does the formation of a gas bubble sometimes mean a chemical reaction has happened?,fk_grade=9.1_out_of_band,2
MS-PS1,MS-PS1-2,conceptual,Why does a color change sometimes indicate that a chemical reaction has taken place?,fk_grade=9.3_out_of_band,2
MS-PS1,MS-PS1-2,conceptual,Why is it important to compare the properties of substances before and after they interact when looking for a chemical reaction?,fk_grade=13.4_out_of_band,2
MS-PS1,MS-PS1-2,conceptual,Why does the appearance of a precipitate (a solid forming in a liquid) suggest a chemical reaction has occurred?,fk_grade=12.3_out_of_band,2
MS-PS1,MS-PS1-2,conceptual,How does a new smell produced during an interaction serve as evidence of a chemical reaction?,fk_grade=10.6_out_of_band,2
MS-PS1,MS-PS1-2,conceptual,Why does the total mass of substances stay the same during a chemical reaction even though new substances are formed?,fk_grade=10.5_out_of_band,2
MS-PS1,MS-PS1-2,conceptual,Why is a change in temperature alone not enough to prove that a chemical reaction has definitely happened?,fk_grade=11.1_out_of_band,2
MS-PS1,MS-PS1-2,conceptual,Why can scientists use properties like melting point and reactivity to identify whether a new substance has formed after an interaction?,fk_grade=14.5_out_of_band,2
MS-PS1,MS-PS1-3,conceptual,Why do scientists need natural resources to make synthetic materials?,fk_grade=13.1_out_of_band,2
MS-PS1,MS-PS1-3,conceptual,How does plastic come from something found in nature?,fk_grade=3.7_out_of_band,2
MS-PS1,MS-PS1-3,conceptual,Why can synthetic materials have properties that natural materials do not?,fk_grade=13.4_out_of_band,2
MS-PS1,MS-PS1-3,conceptual,How does making synthetic fertilizers impact food production in society?,fk_grade=14.3_out_of_band,2
MS-PS1,MS-PS1-3,conceptual,Why does producing synthetic materials from petroleum raise environmental concerns?,fk_grade=17.8_out_of_band,2
MS-PS1,MS-PS1-3,conceptual,How do synthetic medicines like aspirin come from natural resources?,fk_grade=10.7_out_of_band,2
MS-PS1,MS-PS1-3,conceptual,Why are synthetic fibers like nylon used instead of natural fibers in some products?,fk_grade=9.3_out_of_band,2
MS-PS1,MS-PS1-3,conceptual,How does creating synthetic rubber help society compared to relying only on natural rubber?,fk_grade=14.3_out_of_band,2
MS-PS1,MS-PS1-3,conceptual,Why is it important to know which natural resources are used to make a synthetic material?,fk_grade=10.6_out_of_band,2
MS-PS1,MS-PS1-3,conceptual,How do synthetic dyes impact society differently than natural dyes did in the past?,fk_grade=10.1_out_of_band,2
MS-PS1,MS-PS1-5,conceptual,How can burning a log seem to make mass disappear if mass is always conserved in a chemical reaction?,fk_grade=9.2_out_of_band,2
MS-PS1,MS-PS1-6,conceptual,How does a reusable ice pack that uses chemicals stay cold without being frozen in a freezer?,fk_grade=9.8_out_of_band,2
MS-PS1,MS-PS1-2,applied,"You leave an iron nail outside for a week and come back to find it covered in reddish-brown rust. Has a new substance formed, or is it still just iron?",fk_grade=4.8_out_of_band,2
MS-PS1,MS-PS1-2,applied,"When you cook a raw egg in a pan, the clear, runny white turns solid and white. If you let it cool down, will it turn back into a runny liquid?",fk_grade=4.2_out_of_band,2
MS-PS1,MS-PS1-3,applied,"A classmate says their polyester shirt is 'totally artificial, not from nature at all.' How would you correct them using what you know about synthetic materials?",fk_grade=9.4_out_of_band,2
MS-PS1,MS-PS1-3,applied,"Farmers use synthetic fertilizers to help crops grow. If those fertilizers came from natural resources like natural gas and mined minerals, what might happen to farming if those natural resources ran out?",fk_grade=10.9_out_of_band,2
MS-PS1,MS-PS1-3,applied,"You are choosing between a jacket made of nylon and one made of wool. Knowing that nylon is a synthetic material made from petroleum, what is one way this choice could impact the environment compared to choosing wool?",fk_grade=9.8_out_of_band,2
MS-PS1,MS-PS1-4,applied,"If you leave a ice cube on a warm countertop, what happens to the particles in the ice and why does the ice eventually turn into liquid water?",fk_grade=12.2_out_of_band,2
MS-PS1,MS-PS1-4,applied,"If you put a warm soda can into a cooler full of ice, what happens to the temperature of the soda and how do the particles inside change?",fk_grade=11.3_out_of_band,2
MS-PS1,MS-PS1-5,applied,"If you burn a wooden log in a fireplace inside a sealed container so nothing can escape, would the total mass of everything inside (ash, gases, smoke) be the same as the original log? Why?",fk_grade=15.3_out_of_band,2
MS-PS1,MS-PS1-6,applied,"If you mix baking soda and a small amount of citric acid in a plastic bag and seal it, the bag feels noticeably cooler after the reaction. What does this tell you about how thermal energy changed during the reaction?",fk_grade=9.9_out_of_band,2
MS-PS2,MS-PS2-1,recall,What is Newton's Third Law of Motion?,fk_grade=2.3_out_of_band,2
MS-PS2,MS-PS2-1,recall,What does the word 'collision' mean in science?,fk_grade=3.8_out_of_band,2
MS-PS2,MS-PS2-1,recall,"In Newton's Third Law, if Object A exerts a force on Object B, how does the size of Object B's reaction force compare to Object A's force?",fk_grade=10.7_out_of_band,2
MS-PS2,MS-PS2-1,recall,What are action and reaction force pairs called in Newton's Third Law?,fk_grade=4.8_out_of_band,2
MS-PS2,MS-PS2-1,recall,What is the difference between mass and weight?,fk_grade=3.8_out_of_band,2
MS-PS2,MS-PS2-2,recall,What is net force?,fk_grade=-2.2_out_of_band,2
MS-PS2,MS-PS2-2,recall,What is Newton's Second Law of Motion?,fk_grade=4.0_out_of_band,2
MS-PS2,MS-PS2-2,recall,What does it mean when an object is in a state of 'balanced forces'?,fk_grade=4.2_out_of_band,2
MS-PS2,MS-PS2-2,recall,What are the standard units used to measure force?,fk_grade=3.7_out_of_band,2
MS-PS2,MS-PS2-3,recall,What is a magnetic force?,fk_grade=2.9_out_of_band,2
MS-PS2,MS-PS2-3,recall,What is an electric force?,fk_grade=2.9_out_of_band,2
MS-PS2,MS-PS2-3,recall,What are the two poles of a magnet called?,fk_grade=1.0_out_of_band,2
MS-PS2,MS-PS2-3,recall,What is electric charge?,fk_grade=3.7_out_of_band,2
MS-PS2,MS-PS2-3,recall,What is a magnetic field?,fk_grade=2.9_out_of_band,2
MS-PS2,MS-PS2-3,recall,What does it mean when two magnets repel each other?,fk_grade=3.7_out_of_band,2
MS-PS2,MS-PS2-3,recall,What is the unit used to measure electric charge?,fk_grade=5.0_out_of_band,2
MS-PS2,MS-PS2-4,recall,What does it mean to say that gravitational interaction is 'attractive'?,fk_grade=10.2_out_of_band,2
MS-PS2,MS-PS2-4,recall,What is the name of the scientist who first mathematically described the law of universal gravitation?,fk_grade=12.8_out_of_band,2
MS-PS2,MS-PS2-5,recall,What is a force field in science?,fk_grade=0.6_out_of_band,2
MS-PS2,MS-PS2-5,recall,What is a non-contact force?,fk_grade=2.9_out_of_band,2
MS-PS2,MS-PS2-5,recall,What is a magnetic field?,fk_grade=2.9_out_of_band,2
MS-PS2,MS-PS2-5,recall,What is gravitational force?,fk_grade=9.6_out_of_band,2
MS-PS2,MS-PS2-5,recall,What are the two types of electric charges?,fk_grade=3.8_out_of_band,2
MS-PS2,MS-PS2-5,recall,What does it mean when we say two magnets 'repel' each other?,fk_grade=3.8_out_of_band,2
MS-PS2,MS-PS2-1,conceptual,"Why does a small car get pushed back more than a large truck when they collide head-on, even though they exert equal forces on each other?",fk_grade=9.5_out_of_band,2
MS-PS2,MS-PS2-4,conceptual,Why does gravity always pull objects toward each other instead of pushing them apart?,fk_grade=9.3_out_of_band,2
MS-PS2,MS-PS2-4,conceptual,Why does a more massive planet have a stronger gravitational pull than a less massive planet?,fk_grade=9.1_out_of_band,2
MS-PS2,MS-PS2-5,conceptual,How does gravity keep the Moon orbiting Earth even though nothing physically connects them?,fk_grade=10.1_out_of_band,2
MS-PS2,MS-PS2-1,applied,"If a small car and a large truck crash into each other head-on, which vehicle experiences a greater force from the collision?",fk_grade=11.2_out_of_band,2
MS-PS2,MS-PS2-1,applied,"When two bumper cars hit each other at an amusement park, what happens to each car right after the collision and why?",fk_grade=9.1_out_of_band,2
MS-PS2,MS-PS2-2,applied,"A book is sitting still on a table. You push it to the right with 10 N, but friction pushes back with 10 N to the left. Does the book move?",fk_grade=1.8_out_of_band,2
MS-PS2,MS-PS2-3,applied,"If you move a refrigerator magnet closer to the fridge door, what happens to the magnetic force between them, and why?",fk_grade=10.0_out_of_band,2
MS-PS2,MS-PS2-3,applied,"A junkyard crane uses an electromagnet to pick up cars. If the crane operator increases the electric current going through the electromagnet, what will happen to the number of cars it can lift?",fk_grade=10.2_out_of_band,2
MS-PS2,MS-PS2-4,applied,"If you could somehow double the mass of the Earth, what would happen to the gravitational pull you feel standing on its surface?",fk_grade=9.8_out_of_band,2
MS-PS2,MS-PS2-5,applied,"If you hold a paper clip a few centimeters away from a strong magnet without letting them touch, what do you think will happen to the paper clip and why?",fk_grade=11.8_out_of_band,2
MS-PS2,MS-PS2-5,applied,"If you rub a balloon on your hair and then slowly bring it close to small pieces of paper on a table without touching them, what will happen?",fk_grade=10.5_out_of_band,2
MS-PS2,MS-PS2-5,applied,"If you place a compass on a table and then bring a bar magnet close to it without touching the compass, what will happen to the needle?",fk_grade=10.2_out_of_band,2
MS-PS2,MS-PS2-5,applied,"If you place iron filings on a piece of paper and hold a bar magnet underneath it without letting the filings touch the magnet, what pattern will the filings form?",fk_grade=12.6_out_of_band,2
MS-PS3,MS-PS3-1,recall,What is kinetic energy?,fk_grade=9.6_out_of_band,2
MS-PS3,MS-PS3-1,recall,What is the formula used to calculate kinetic energy?,fk_grade=10.2_out_of_band,2
MS-PS3,MS-PS3-1,recall,What are the two factors that determine how much kinetic energy a moving object has?,fk_grade=9.1_out_of_band,2
MS-PS3,MS-PS3-2,recall,What is potential energy?,fk_grade=9.6_out_of_band,2
MS-PS3,MS-PS3-2,recall,What is gravitational potential energy?,fk_grade=17.0_out_of_band,2
MS-PS3,MS-PS3-2,recall,What happens to the gravitational potential energy of a ball as you lift it higher off the ground?,fk_grade=9.8_out_of_band,2
MS-PS3,MS-PS3-2,recall,What is elastic potential energy?,fk_grade=12.3_out_of_band,2
MS-PS3,MS-PS3-2,recall,What does it mean for objects to 'interact at a distance'?,fk_grade=4.8_out_of_band,2
MS-PS3,MS-PS3-2,recall,What is a force field in science?,fk_grade=0.6_out_of_band,2
MS-PS3,MS-PS3-2,recall,"What unit is used to measure energy, including potential energy?",fk_grade=11.9_out_of_band,2
MS-PS3,MS-PS3-2,recall,What happens to the potential energy stored between two magnets when you push their like poles closer together?,fk_grade=9.8_out_of_band,2
MS-PS3,MS-PS3-2,recall,What is a system in science?,fk_grade=2.5_out_of_band,2
MS-PS3,MS-PS3-4,recall,What is temperature a measure of?,fk_grade=4.5_out_of_band,2
MS-PS3,MS-PS3-4,recall,What is heat?,fk_grade=-2.6_out_of_band,2
MS-PS3,MS-PS3-4,recall,What is specific heat capacity?,fk_grade=10.0_out_of_band,2
MS-PS3,MS-PS3-4,recall,What happens to the temperature of a substance when thermal energy is transferred into it?,fk_grade=9.1_out_of_band,2
MS-PS3,MS-PS3-4,recall,What is kinetic energy?,fk_grade=9.6_out_of_band,2
MS-PS3,MS-PS3-4,recall,"If two objects are made of the same material but one has more mass, which one requires more energy to raise its temperature by the same amount?",fk_grade=11.5_out_of_band,2
MS-PS3,MS-PS3-4,recall,What is a calorie?,fk_grade=3.7_out_of_band,2
MS-PS3,MS-PS3-4,recall,"Which has a higher specific heat capacity, water or metal?",fk_grade=9.6_out_of_band,2
MS-PS3,MS-PS3-5,recall,What is kinetic energy?,fk_grade=9.6_out_of_band,2
MS-PS3,MS-PS3-5,recall,What happens to the kinetic energy of an object when energy is transferred away from it?,fk_grade=9.8_out_of_band,2
MS-PS3,MS-PS3-5,recall,What two factors determine how much kinetic energy a moving object has?,fk_grade=9.7_out_of_band,2
MS-PS3,MS-PS3-5,recall,What is the relationship between work done on an object and its kinetic energy?,fk_grade=9.3_out_of_band,2
MS-PS3,MS-PS3-1,conceptual,Why does a heavier object have more kinetic energy than a lighter object when both are moving at the same speed?,fk_grade=10.0_out_of_band,2
MS-PS3,MS-PS3-1,conceptual,Why does doubling an object's speed increase its kinetic energy more than doubling its mass does?,fk_grade=10.6_out_of_band,2
MS-PS3,MS-PS3-1,conceptual,Why does a graph of kinetic energy vs. speed look like a curved line instead of a straight line?,fk_grade=3.6_out_of_band,2
MS-PS3,MS-PS3-1,conceptual,How can a slow-moving elephant have more kinetic energy than a fast-moving mouse?,fk_grade=10.4_out_of_band,2
MS-PS3,MS-PS3-1,conceptual,"Why does a graph of kinetic energy vs. mass look like a straight line, but a graph of kinetic energy vs. speed looks like a curve?",fk_grade=4.1_out_of_band,2
MS-PS3,MS-PS3-4,conceptual,Why does a heavier object need more energy to heat up by the same amount as a lighter object made of the same material?,fk_grade=11.0_out_of_band,2
MS-PS3,MS-PS3-4,conceptual,Why do different materials heat up at different rates even when they receive the same amount of energy and have the same mass?,fk_grade=11.3_out_of_band,2
MS-PS3,MS-PS3-4,conceptual,How does the amount of energy transferred to a substance determine how much its temperature changes?,fk_grade=9.8_out_of_band,2
MS-PS3,MS-PS3-5,conceptual,Why does a ball speed up when you kick it?,fk_grade=0.1_out_of_band,2
MS-PS3,MS-PS3-5,conceptual,How does a moving bowling ball knock over pins that were standing still?,fk_grade=4.9_out_of_band,2
MS-PS3,MS-PS3-5,conceptual,Why does a car's braking system cause the car to slow down?,fk_grade=2.9_out_of_band,2
MS-PS3,MS-PS3-1,applied,"A bowling ball and a tennis ball are rolled across the floor at the same speed. Which one has more kinetic energy, and why?",fk_grade=4.3_out_of_band,2
MS-PS3,MS-PS3-1,applied,"Two kids are sledding down a hill. One kid weighs twice as much as the other, and both sleds reach the same speed at the bottom. Which kid's sled has more kinetic energy at the bottom?",fk_grade=3.5_out_of_band,2
MS-PS3,MS-PS3-1,applied,"A soccer ball is kicked gently versus kicked hard. Which kick gives the ball more kinetic energy, and what is the main reason?",fk_grade=4.8_out_of_band,2
MS-PS3,MS-PS3-3,applied,"If you are designing a cooler to keep ice from melting on a camping trip, should you build the walls out of foam or aluminum? Why?",fk_grade=10.0_out_of_band,2
MS-PS3,MS-PS3-3,applied,"If you paint two identical tin cans—one black and one white—fill them with hot water, and set them in sunlight, which one will lose heat faster and why?",fk_grade=10.5_out_of_band,2
MS-PS3,MS-PS3-4,applied,"If you heat a small cup of water and a large pot of water on the same stove burner for the same amount of time, which one will reach a higher temperature, and why?",fk_grade=11.9_out_of_band,2
MS-PS3,MS-PS3-4,applied,"You leave a metal spoon and a wooden spoon in a bowl of hot soup. After a few minutes, the metal spoon feels much hotter to touch than the wooden spoon. How does the type of matter explain this difference?",fk_grade=4.7_out_of_band,2
MS-PS3,MS-PS3-4,applied,"If you pour the same hot coffee into a thick ceramic mug and a thin metal travel cup, the metal cup feels dangerously hot on the outside right away but the ceramic mug does not. What does this tell you about how the type of matter affects heat transfer?",fk_grade=10.1_out_of_band,2
MS-PS3,MS-PS3-5,applied,"If a skateboarder rolls down a ramp and speeds up, where is the energy coming from to increase the skateboarder's kinetic energy?",fk_grade=11.2_out_of_band,2
MS-PS4,MS-PS4-1,recall,What is the amplitude of a wave?,fk_grade=2.3_out_of_band,2
MS-PS4,MS-PS4-1,recall,What is a wave?,fk_grade=-2.2_out_of_band,2
MS-PS4,MS-PS4-1,recall,What is the unit most commonly used to measure the amplitude of a mechanical wave?,fk_grade=9.1_out_of_band,2
MS-PS4,MS-PS4-1,recall,What does the term 'wavelength' mean?,fk_grade=0.5_out_of_band,2
MS-PS4,MS-PS4-1,recall,What is the crest of a wave?,fk_grade=-1.1_out_of_band,2
MS-PS4,MS-PS4-1,recall,What is the frequency of a wave?,fk_grade=2.3_out_of_band,2
MS-PS4,MS-PS4-2,recall,What does it mean when a wave is reflected?,fk_grade=2.3_out_of_band,2
MS-PS4,MS-PS4-2,recall,What does it mean when a wave is absorbed by a material?,fk_grade=4.8_out_of_band,2
MS-PS4,MS-PS4-2,recall,"What do we call a material that lets some light through but scatters it so you cannot see clearly through it, like frosted glass?",fk_grade=9.0_out_of_band,2
MS-PS4,MS-PS4-2,recall,What is an echo?,fk_grade=0.7_out_of_band,2
MS-PS4,MS-PS4-2,recall,What type of surface is best at reflecting light waves?,fk_grade=3.7_out_of_band,2
MS-PS4,MS-PS4-2,recall,What word describes the bouncing back of a wave when it hits a surface?,fk_grade=4.2_out_of_band,2
MS-PS4,MS-PS4-3,recall,What is 'noise' in the context of signal transmission?,fk_grade=5.0_out_of_band,2
MS-PS4,MS-PS4-3,recall,Why are digital signals considered more reliable than analog signals when transmitted over long distances?,fk_grade=14.6_out_of_band,2
MS-PS4,MS-PS4-3,recall,What are the two values that a digital signal uses to represent information?,fk_grade=10.4_out_of_band,2
MS-PS4,MS-PS4-3,recall,What is a pixel?,fk_grade=0.7_out_of_band,2
MS-PS4,MS-PS4-3,recall,What does the term 'bandwidth' mean when talking about transmitting digital information?,fk_grade=10.7_out_of_band,2
MS-PS4,MS-PS4-3,recall,What is a bit?,fk_grade=-2.2_out_of_band,2
MS-PS4,MS-PS4-3,recall,Give one example of a technology that transmits information using digital signals.,fk_grade=13.7_out_of_band,2
MS-PS4,MS-PS4-1,conceptual,Why does a wave with a bigger amplitude carry more energy than a wave with a smaller amplitude?,fk_grade=9.1_out_of_band,2
MS-PS4,MS-PS4-1,conceptual,How does the amplitude of a wave on a rope change when you shake the rope harder?,fk_grade=4.9_out_of_band,2
MS-PS4,MS-PS4-1,conceptual,Why do scientists use amplitude to measure the energy of a wave instead of just measuring how fast the wave travels?,fk_grade=10.6_out_of_band,2
MS-PS4,MS-PS4-1,conceptual,How is the amplitude of a seismic wave related to the amount of shaking people feel during an earthquake?,fk_grade=9.8_out_of_band,2
MS-PS4,MS-PS4-1,conceptual,How does the amplitude of a wave stay the same or change if nothing is adding or removing energy from it as it travels through a uniform medium?,fk_grade=12.6_out_of_band,2
MS-PS4,MS-PS4-2,conceptual,Why does a mirror reflect light instead of letting it pass through?,fk_grade=4.8_out_of_band,2
MS-PS4,MS-PS4-2,conceptual,Why does a dark-colored shirt feel hotter in the sun than a white shirt?,fk_grade=4.2_out_of_band,2
MS-PS4,MS-PS4-2,conceptual,Why can you see through glass but not through a brick wall?,fk_grade=0.9_out_of_band,2
MS-PS4,MS-PS4-2,conceptual,Why does sound seem quieter on the other side of a thick wall?,fk_grade=4.0_out_of_band,2
MS-PS4,MS-PS4-2,conceptual,Why do sunglasses protect your eyes from bright light?,fk_grade=3.7_out_of_band,2
MS-PS4,MS-PS4-2,conceptual,"Why does a smooth, calm lake surface act like a mirror?",fk_grade=2.6_out_of_band,2
MS-PS4,MS-PS4-2,conceptual,Why does a piece of clear plastic wrap let you see through it?,fk_grade=2.2_out_of_band,2
MS-PS4,MS-PS4-2,conceptual,"Why does a rough, matte surface scatter reflected light in many directions instead of creating a clear image?",fk_grade=10.4_out_of_band,2
MS-PS4,MS-PS4-2,conceptual,Why does a sponge absorb sound better than a hard tile floor?,fk_grade=2.9_out_of_band,2
MS-PS4,MS-PS4-2,conceptual,Why can you still hear someone talking in the next room even when the door is closed?,fk_grade=4.9_out_of_band,2
MS-PS4,MS-PS4-3,conceptual,Why are digital signals less affected by noise than analog signals?,fk_grade=9.1_out_of_band,2
MS-PS4,MS-PS4-3,conceptual,How does converting sound into a digital signal help preserve the quality of a recording?,fk_grade=10.7_out_of_band,2
MS-PS4,MS-PS4-3,conceptual,Why can a digital signal be sent over a long distance and still arrive accurately?,fk_grade=9.1_out_of_band,2
MS-PS4,MS-PS4-3,conceptual,Why does an analog signal naturally pick up more interference than a digital signal when traveling through a wire or through the air?,fk_grade=12.9_out_of_band,2
MS-PS4,MS-PS4-3,conceptual,How does sampling an analog sound wave at many points per second allow a digital recording to sound like the original?,fk_grade=11.7_out_of_band,2
MS-PS4,MS-PS4-3,conceptual,"Why is it possible to copy a digital music file hundreds of times without losing quality, but copying an analog tape recording degrades the sound?",fk_grade=14.5_out_of_band,2
MS-PS4,MS-PS4-3,conceptual,How do streaming services use digital signals to send music or video reliably over the internet?,fk_grade=13.5_out_of_band,2
MS-PS4,MS-PS4-3,conceptual,Why does an analog signal become harder to understand the farther it travels from its source?,fk_grade=9.1_out_of_band,2
MS-PS4,MS-PS4-3,conceptual,How does encoding information in binary make digital signals more reliable across many different types of technology?,fk_grade=16.7_out_of_band,2
MS-PS4,MS-PS4-1,applied,"If you shout loudly instead of whispering, how does the amplitude of the sound wave change, and what does that tell you about the energy?",fk_grade=10.2_out_of_band,2
MS-PS4,MS-PS4-2,applied,"When you look in a bathroom mirror, you can see yourself clearly. What is happening to the light waves when they hit the mirror's surface?",fk_grade=4.9_out_of_band,2
MS-PS4,MS-PS4-2,applied,You put sunscreen on before going to the beach. How does sunscreen protect your skin from the sun in terms of wave behavior?,fk_grade=4.3_out_of_band,2
MS-PS4,MS-PS4-2,applied,"When you shout into a canyon, you hear your voice echo back a moment later. What is happening to the sound waves?",fk_grade=4.3_out_of_band,2
MS-PS4,MS-PS4-2,applied,You can heat food in a plastic container in a microwave oven without the container getting very hot. What does this tell you about how microwaves interact with plastic versus food?,fk_grade=9.1_out_of_band,2
MS-PS4,MS-PS4-2,applied,A recording studio has thick foam panels on its walls. Why does foam help keep sound from bouncing around the room?,fk_grade=4.2_out_of_band,2
MS-PS4,MS-PS4-2,applied,Fishermen on a boat use sonar to find schools of fish below the surface. How does the behavior of sound waves make sonar work?,fk_grade=4.8_out_of_band,2
MS-PS4,MS-PS4-2,applied,You can look into a clear pond and see the fish swimming at the bottom. What wave behavior makes this possible?,fk_grade=4.2_out_of_band,2
MS-PS4,MS-PS4-2,applied,"A greenhouse is made of glass panels, and plants inside stay warm even on a cold day. How does wave behavior explain why the greenhouse traps heat?",fk_grade=5.0_out_of_band,2
MS-PS4,MS-PS4-3,applied,"If you are listening to music on an old vinyl record and the record gets scratched, how does that affect the sound compared to playing the same song from a digital music file that has a small error in its data?",fk_grade=16.2_out_of_band,2
MS-PS4,MS-PS4-3,applied,"Your grandparents have an old analog telephone, and you use a smartphone. If both calls experience electrical interference on the line, whose conversation will be harder to understand, and why?",fk_grade=10.7_out_of_band,2
MS-PS4,MS-PS4-3,applied,"If a radio station broadcasts an analog AM signal and a digital signal across the same long distance, which signal will sound more like the original recording when it reaches a listener far away, and why?",fk_grade=17.5_out_of_band,2
MS-PS4,MS-PS4-3,applied,"A photographer stores photos on an old analog film roll versus a digital memory card, and both get slightly damaged. Which set of photos is more likely to still look recognizable, and why?",fk_grade=9.4_out_of_band,2
MS-PS4,MS-PS4-3,applied,"When doctors send X-ray images to a specialist in another city, why would they send a digitized image file instead of a physical analog X-ray film copy?",fk_grade=14.2_out_of_band,2
MS-LS1,MS-LS1-1,recall,What is a cell?,fk_grade=-2.2_out_of_band,2
MS-LS1,MS-LS1-1,recall,What is an organism made of only one cell called?,fk_grade=4.8_out_of_band,2
MS-LS1,MS-LS1-1,recall,What is an organism that is made of many cells called?,fk_grade=4.8_out_of_band,2
MS-LS1,MS-LS1-1,recall,What is the cell theory?,fk_grade=0.5_out_of_band,2
MS-LS1,MS-LS1-2,recall,What is the cell membrane?,fk_grade=0.5_out_of_band,2
MS-LS1,MS-LS1-2,recall,What organelle is known as the powerhouse of the cell?,fk_grade=3.7_out_of_band,2
MS-LS1,MS-LS1-2,recall,What is the function of the nucleus in a cell?,fk_grade=3.7_out_of_band,2
MS-LS1,MS-LS1-2,recall,What does the ribosome do inside a cell?,fk_grade=3.8_out_of_band,2
MS-LS1,MS-LS1-2,recall,What is a vacuole?,fk_grade=0.7_out_of_band,2
MS-LS1,MS-LS1-3,recall,What is a tissue in the human body?,fk_grade=3.8_out_of_band,2
MS-LS1,MS-LS1-3,recall,What is an organ?,fk_grade=0.7_out_of_band,2
MS-LS1,MS-LS1-3,recall,What is an organ system?,fk_grade=2.9_out_of_band,2
MS-LS1,MS-LS1-3,recall,"What is the correct order of organization from smallest to largest in the human body, starting with cells?",fk_grade=10.4_out_of_band,2
MS-LS1,MS-LS1-3,recall,What does it mean to say the body is a 'system'?,fk_grade=2.6_out_of_band,2
MS-LS1,MS-LS1-4,recall,What is pollination?,fk_grade=9.2_out_of_band,2
MS-LS1,MS-LS1-4,recall,What is seed dispersal?,fk_grade=3.7_out_of_band,2
MS-LS1,MS-LS1-5,recall,What is a gene?,fk_grade=-2.2_out_of_band,2
MS-LS1,MS-LS1-5,recall,What is the difference between a genetic factor and an environmental factor that affects growth?,fk_grade=11.5_out_of_band,2
MS-LS1,MS-LS1-6,recall,What is photosynthesis?,fk_grade=13.1_out_of_band,2
MS-LS1,MS-LS1-6,recall,What are the raw materials (reactants) a plant needs to carry out photosynthesis?,fk_grade=10.4_out_of_band,2
MS-LS1,MS-LS1-6,recall,What organelle inside plant cells is responsible for carrying out photosynthesis?,fk_grade=12.3_out_of_band,2
MS-LS1,MS-LS1-6,recall,What happens to the carbon in carbon dioxide after a plant uses it during photosynthesis?,fk_grade=11.5_out_of_band,2
MS-LS1,MS-LS1-6,recall,"What is glucose, and why is it important to organisms after photosynthesis produces it?",fk_grade=12.6_out_of_band,2
MS-LS1,MS-LS1-7,recall,What is cellular respiration?,fk_grade=12.5_out_of_band,2
MS-LS1,MS-LS1-7,recall,What are the basic building blocks that make up proteins in the body?,fk_grade=4.9_out_of_band,2
MS-LS1,MS-LS1-7,recall,What molecule do cells use as their main source of energy?,fk_grade=4.8_out_of_band,2
MS-LS1,MS-LS1-8,recall,What is a stimulus?,fk_grade=3.7_out_of_band,2
MS-LS1,MS-LS1-1,conceptual,Why do larger and more complex organisms need many different types of cells instead of just one kind?,fk_grade=9.1_out_of_band,2
MS-LS1,MS-LS1-1,conceptual,"Why can a single-celled organism survive on its own, while a single cell from a multicellular organism usually cannot?",fk_grade=14.8_out_of_band,2
MS-LS1,MS-LS1-2,conceptual,Why does a cell need a membrane around it?,fk_grade=2.3_out_of_band,2
MS-LS1,MS-LS1-2,conceptual,How does the mitochondria help the cell do its job?,fk_grade=4.8_out_of_band,2
MS-LS1,MS-LS1-2,conceptual,Why do plant cells have a rigid cell wall but animal cells do not?,fk_grade=4.2_out_of_band,2
MS-LS1,MS-LS1-3,conceptual,How do the digestive system and circulatory system work together to get nutrients to your cells?,fk_grade=11.3_out_of_band,2
MS-LS1,MS-LS1-3,conceptual,How does the organization of cells into tissues help the body perform specific functions?,fk_grade=10.9_out_of_band,2
MS-LS1,MS-LS1-3,conceptual,Why does the nervous system need to communicate with other body systems in order for those systems to work properly?,fk_grade=11.1_out_of_band,2
MS-LS1,MS-LS1-5,conceptual,Why do plants grow taller when they get more sunlight?,fk_grade=2.5_out_of_band,2
MS-LS1,MS-LS1-5,conceptual,How do genes affect how big an animal can grow?,fk_grade=3.7_out_of_band,2
MS-LS1,MS-LS1-6,conceptual,Why do plants need sunlight to make their own food?,fk_grade=1.3_out_of_band,2
MS-LS1,MS-LS1-6,conceptual,Why is photosynthesis important for animals even though animals can't do it themselves?,fk_grade=12.2_out_of_band,2
MS-LS1,MS-LS1-8,conceptual,"Why do your eyes make you blink automatically when something flies toward your face, even before you have time to think about it?",fk_grade=9.8_out_of_band,2
MS-LS1,MS-LS1-1,applied,"If you scraped a tiny bit of skin from the inside of your cheek and looked at it under a microscope, what would you expect to see? Why?",fk_grade=9.7_out_of_band,2
MS-LS1,MS-LS1-1,applied,You find a tiny organism in a drop of pond water that is made of only one cell. Can that single cell count as a living thing? How do you know?,fk_grade=3.3_out_of_band,2
MS-LS1,MS-LS1-6,applied,"A student keeps a houseplant in a room with no windows and no lights for two weeks. What would happen to the plant, and why?",fk_grade=3.0_out_of_band,2
MS-LS1,MS-LS1-6,applied,"If you measure the oxygen levels in a lake on a sunny afternoon versus early in the morning before sunrise, when would the oxygen level be higher, and why?",fk_grade=14.0_out_of_band,2
MS-LS1,MS-LS1-8,applied,"When you smell fresh cookies baking and later remember that smell years later, how did your brain store that memory in the first place?",fk_grade=9.5_out_of_band,2
MS-LS2,MS-LS2-1,recall,What is a population in ecology?,fk_grade=10.4_out_of_band,2
MS-LS2,MS-LS2-1,recall,What are biotic factors in an ecosystem?,fk_grade=9.1_out_of_band,2
MS-LS2,MS-LS2-1,recall,What are abiotic factors in an ecosystem?,fk_grade=9.1_out_of_band,2
MS-LS2,MS-LS2-1,recall,What is competition in an ecosystem?,fk_grade=10.4_out_of_band,2
MS-LS2,MS-LS2-2,recall,What is a predator-prey relationship?,fk_grade=10.0_out_of_band,2
MS-LS2,MS-LS2-2,recall,What is mutualism?,fk_grade=13.1_out_of_band,2
MS-LS2,MS-LS2-2,recall,What is competition in an ecosystem?,fk_grade=10.4_out_of_band,2
MS-LS2,MS-LS2-2,recall,What is commensalism?,fk_grade=9.2_out_of_band,2
MS-LS2,MS-LS2-2,recall,What is a keystone species?,fk_grade=2.9_out_of_band,2
MS-LS2,MS-LS2-3,recall,What is the 10% rule in energy flow through a food chain?,fk_grade=2.9_out_of_band,2
MS-LS2,MS-LS2-3,recall,What is the difference between a food chain and a food web?,fk_grade=3.8_out_of_band,2
MS-LS2,MS-LS2-3,recall,What is photosynthesis?,fk_grade=13.1_out_of_band,2
MS-LS2,MS-LS2-4,recall,What is a population in an ecosystem?,fk_grade=9.1_out_of_band,2
MS-LS2,MS-LS2-4,recall,What is a keystone species?,fk_grade=2.9_out_of_band,2
MS-LS2,MS-LS2-4,recall,What does 'biodiversity' mean?,fk_grade=12.5_out_of_band,2
MS-LS2,MS-LS2-4,recall,What is habitat destruction?,fk_grade=9.6_out_of_band,2
MS-LS2,MS-LS2-4,recall,What is a predator-prey relationship?,fk_grade=10.0_out_of_band,2
MS-LS2,MS-LS2-5,recall,What is biodiversity?,fk_grade=17.0_out_of_band,2
MS-LS2,MS-LS2-5,recall,What are ecosystem services?,fk_grade=12.5_out_of_band,2
MS-LS2,MS-LS2-5,recall,What is a keystone species?,fk_grade=2.9_out_of_band,2
MS-LS2,MS-LS2-5,recall,What does it mean for a species to be endangered?,fk_grade=3.7_out_of_band,2
MS-LS2,MS-LS2-5,recall,What is habitat fragmentation?,fk_grade=12.5_out_of_band,2
MS-LS2,MS-LS2-5,recall,What is a nature reserve?,fk_grade=2.9_out_of_band,2
MS-LS2,MS-LS2-2,conceptual,How does a mutualistic relationship help both organisms survive?,fk_grade=14.1_out_of_band,2
MS-LS2,MS-LS2-2,conceptual,"Why do organisms in very different ecosystems, like oceans and grasslands, often show similar predator-prey interaction patterns?",fk_grade=16.7_out_of_band,2
MS-LS2,MS-LS2-2,conceptual,How does competition between two species affect which one survives in a habitat?,fk_grade=9.4_out_of_band,2
MS-LS2,MS-LS2-3,conceptual,Why does energy flow in one direction through an ecosystem instead of cycling back like matter does?,fk_grade=10.5_out_of_band,2
MS-LS2,MS-LS2-4,conceptual,Why does a population of rabbits increase when wolves are removed from an ecosystem?,fk_grade=9.3_out_of_band,2
MS-LS2,MS-LS2-5,conceptual,Why does losing one species in an ecosystem sometimes cause many other species to decline too?,fk_grade=9.8_out_of_band,2
MS-LS2,MS-LS2-5,conceptual,How do wildlife corridors help maintain biodiversity when natural habitats are broken up by roads or farms?,fk_grade=12.6_out_of_band,2
MS-LS2,MS-LS2-5,conceptual,Why is it important to protect biodiversity in order to keep ecosystem services working?,fk_grade=14.3_out_of_band,2
MS-LS2,MS-LS2-5,conceptual,"How does reintroducing a predator, like wolves, help restore balance to an ecosystem that lost biodiversity?",fk_grade=14.3_out_of_band,2
MS-LS2,MS-LS2-5,conceptual,Why do invasive species often reduce biodiversity in the ecosystems they enter?,fk_grade=14.7_out_of_band,2
MS-LS2,MS-LS2-5,conceptual,How does creating a nature reserve help maintain ecosystem services for nearby human communities?,fk_grade=14.3_out_of_band,2
MS-LS2,MS-LS2-5,conceptual,"Why does reducing habitat size make it harder for a species to survive, even if the habitat itself is not polluted or damaged?",fk_grade=12.4_out_of_band,2
MS-LS2,MS-LS2-5,conceptual,How does planting native species instead of non-native plants in a restoration project help rebuild an ecosystem?,fk_grade=12.6_out_of_band,2
MS-LS2,MS-LS2-5,conceptual,Why do engineers evaluating designs for a new dam have to consider ecosystem services and not just the dam's usefulness for humans?,fk_grade=13.9_out_of_band,2
MS-LS2,MS-LS2-5,conceptual,How does maintaining genetic diversity within a species help that species survive environmental changes?,fk_grade=15.2_out_of_band,2
MS-LS2,MS-LS2-2,applied,"If hunters remove all the wolves from a forest, what would most likely happen to the deer population and then to the plants the deer eat?",fk_grade=10.0_out_of_band,2
MS-LS2,MS-LS2-2,applied,"If a disease kills most of the rabbits in a meadow, what would likely happen to the fox population that depends on rabbits for food?",fk_grade=10.7_out_of_band,2
MS-LS2,MS-LS2-2,applied,"Clownfish live safely among sea anemone tentacles that sting other fish, and in return the clownfish chase away fish that eat anemones. If you saw a similar relationship between two organisms in a freshwater pond, what type of interaction would that be?",fk_grade=11.4_out_of_band,2
MS-LS2,MS-LS2-3,applied,"If you add dead leaves to a garden, how does that help new plants grow?",fk_grade=2.8_out_of_band,2
MS-LS2,MS-LS2-3,applied,Why do farmers need to keep adding fertilizer to their fields every year instead of just doing it once?,fk_grade=9.2_out_of_band,2
MS-LS2,MS-LS2-5,applied,"Farmers in a region are trying to protect pollinators like bees. One solution is to plant wildflower strips along the edges of crop fields, and another is to spray pesticides that target only certain pest insects. Which solution is likely better for maintaining biodiversity on the farm?",fk_grade=10.4_out_of_band,2
MS-LS3,MS-LS3-1,recall,What is a gene?,fk_grade=-2.2_out_of_band,2
MS-LS3,MS-LS3-1,recall,What is a mutation?,fk_grade=3.7_out_of_band,2
MS-LS3,MS-LS3-1,recall,What are chromosomes made of?,fk_grade=2.9_out_of_band,2
MS-LS3,MS-LS3-1,recall,What is a protein?,fk_grade=0.7_out_of_band,2
MS-LS3,MS-LS3-1,recall,What are the four DNA bases?,fk_grade=4.5_out_of_band,2
MS-LS3,MS-LS3-1,recall,What is a beneficial mutation?,fk_grade=10.0_out_of_band,2
MS-LS3,MS-LS3-1,recall,Where are chromosomes found in a cell?,fk_grade=2.3_out_of_band,2
MS-LS3,MS-LS3-1,recall,What does DNA stand for?,fk_grade=2.9_out_of_band,2
MS-LS3,MS-LS3-2,recall,What is asexual reproduction?,fk_grade=15.5_out_of_band,2
MS-LS3,MS-LS3-2,recall,What is sexual reproduction?,fk_grade=12.5_out_of_band,2
MS-LS3,MS-LS3-2,recall,What is genetic variation?,fk_grade=12.5_out_of_band,2
MS-LS3,MS-LS3-2,recall,What is a gene?,fk_grade=-2.2_out_of_band,2
MS-LS3,MS-LS3-2,recall,What are gametes?,fk_grade=1.3_out_of_band,2
MS-LS3,MS-LS3-2,recall,What is fertilization?,fk_grade=13.1_out_of_band,2
MS-LS3,MS-LS3-2,recall,What is a zygote?,fk_grade=0.7_out_of_band,2
MS-LS3,MS-LS3-2,recall,Why do offspring from asexual reproduction have identical genetic information to the parent?,fk_grade=15.8_out_of_band,2
MS-LS3,MS-LS3-2,recall,What is a clone?,fk_grade=-2.2_out_of_band,2
MS-LS3,MS-LS3-2,recall,How many chromosomes do human body cells normally contain?,fk_grade=10.2_out_of_band,2
MS-LS3,MS-LS3-2,recall,What does DNA stand for?,fk_grade=2.9_out_of_band,2
MS-LS3,MS-LS3-2,recall,Why does sexual reproduction lead to genetic variation in offspring?,fk_grade=13.1_out_of_band,2
MS-LS3,MS-LS3-2,recall,What is a mutation?,fk_grade=3.7_out_of_band,2
MS-LS3,MS-LS3-2,recall,What is the name for an organism that is produced from asexual reproduction and is genetically identical to its parent?,fk_grade=14.0_out_of_band,2
MS-LS3,MS-LS3-1,conceptual,How can a mutation actually be beneficial to an organism?,fk_grade=13.1_out_of_band,2
MS-LS3,MS-LS3-1,conceptual,How can two organisms have the same mutation but be affected differently?,fk_grade=9.7_out_of_band,2
MS-LS3,MS-LS3-1,conceptual,Why doesn't every mutation in a cell automatically harm the whole organism?,fk_grade=12.7_out_of_band,2
MS-LS3,MS-LS3-1,conceptual,How does the location of a mutation on a chromosome affect whether it causes harm?,fk_grade=9.1_out_of_band,2
MS-LS3,MS-LS3-1,conceptual,Why do scientists use models to explain how mutations affect proteins?,fk_grade=9.1_out_of_band,2
MS-LS3,MS-LS3-2,conceptual,Why do offspring produced by asexual reproduction have identical genetic information to their parent?,fk_grade=16.0_out_of_band,2
MS-LS3,MS-LS3-2,conceptual,Why does sexual reproduction produce offspring that are not identical to either parent?,fk_grade=12.2_out_of_band,2
MS-LS3,MS-LS3-2,conceptual,Why is genetic variation among offspring considered an advantage for a species' survival?,fk_grade=14.0_out_of_band,2
MS-LS3,MS-LS3-2,conceptual,How does the random combination of chromosomes during fertilization lead to genetic variation?,fk_grade=15.8_out_of_band,2
MS-LS3,MS-LS3-2,conceptual,Why would a population that only reproduces asexually be more at risk from a new disease?,fk_grade=10.6_out_of_band,2
MS-LS3,MS-LS3-2,conceptual,How does a strawberry plant producing runners result in offspring with the same genetic information as the parent?,fk_grade=11.8_out_of_band,2
MS-LS3,MS-LS3-2,conceptual,Why do identical twins have the same genetic information while fraternal twins do not?,fk_grade=10.1_out_of_band,2
MS-LS3,MS-LS3-2,conceptual,How does crossing over during meiosis increase genetic variation in offspring?,fk_grade=13.4_out_of_band,2
MS-LS3,MS-LS3-2,conceptual,How does a bacterium dividing in two result in offspring with identical genetic information?,fk_grade=14.3_out_of_band,2
MS-LS3,MS-LS3-2,conceptual,Why can't asexual reproduction produce offspring with traits that the parent does not have?,fk_grade=9.3_out_of_band,2
MS-LS3,MS-LS3-2,conceptual,How does the process of fertilization restore the full set of chromosomes in the offspring?,fk_grade=9.1_out_of_band,2
MS-LS3,MS-LS3-2,conceptual,Why is a clone genetically identical to its original organism?,fk_grade=14.3_out_of_band,2
MS-LS3,MS-LS3-2,conceptual,How does sexual reproduction act as a source of new trait combinations in a population?,fk_grade=10.7_out_of_band,2
MS-LS3,MS-LS3-2,conceptual,How does meiosis differ from mitosis in a way that matters for genetic variation?,fk_grade=10.9_out_of_band,2
MS-LS3,MS-LS3-2,conceptual,Why does having two copies of each chromosome — one from each parent — matter for a sexually reproduced organism?,fk_grade=12.4_out_of_band,2
MS-LS3,MS-LS3-2,conceptual,How can two organisms of the same species that reproduce sexually produce hundreds of genetically different offspring?,fk_grade=14.6_out_of_band,2
MS-LS3,MS-LS3-2,conceptual,Why might a species that reproduces only asexually struggle to adapt to a rapidly changing environment?,fk_grade=14.3_out_of_band,2
MS-LS3,MS-LS3-2,conceptual,Why is it important that reproductive cells like eggs and sperm have half the number of chromosomes instead of the full amount?,fk_grade=10.2_out_of_band,2
MS-LS3,MS-LS3-1,applied,"If a mutation changes the gene that codes for hemoglobin (the protein that carries oxygen in blood), what might happen to a person's ability to carry oxygen through their body?",fk_grade=15.4_out_of_band,2
MS-LS3,MS-LS3-1,applied,A mutation in a bacterium changes the shape of a protein on its surface so that an antibiotic can no longer attach to it. What would happen to that bacterium when exposed to the antibiotic?,fk_grade=10.8_out_of_band,2
MS-LS3,MS-LS3-1,applied,"If a mutation causes a protein that controls cell division to stop working, what could happen in the body?",fk_grade=9.8_out_of_band,2
MS-LS3,MS-LS3-1,applied,"If a mutation in a person's gene slightly changes the shape of a structural protein in their bones, but the bones still work fine, what type of effect would this mutation be considered?",fk_grade=13.7_out_of_band,2
MS-LS3,MS-LS3-2,applied,Two puppies are born in the same litter from the same mother and father. Why don't they look exactly alike?,fk_grade=4.2_out_of_band,2
MS-LS3,MS-LS3-2,applied,"A sea anemone splits itself in half, and each half grows into a complete new anemone. If a disease can kill the original anemone, what does that tell you about the new anemones' ability to survive that same disease?",fk_grade=9.6_out_of_band,2
MS-LS3,MS-LS3-2,applied,"Bacteria reproduce by splitting in two (binary fission). If an antibiotic kills one bacterium in a colony, what would you predict about whether the antibiotic can kill the rest of the colony, and why?",fk_grade=12.2_out_of_band,2
MS-LS4,MS-LS4-1,recall,What is a fossil?,fk_grade=0.7_out_of_band,2
MS-LS4,MS-LS4-1,recall,What is the fossil record?,fk_grade=2.9_out_of_band,2
MS-LS4,MS-LS4-1,recall,What is a index fossil?,fk_grade=2.9_out_of_band,2
MS-LS4,MS-LS4-1,recall,What is the principle of uniformitarianism?,fk_grade=14.3_out_of_band,2
MS-LS4,MS-LS4-2,recall,What are fossil organisms?,fk_grade=9.6_out_of_band,2
MS-LS4,MS-LS4-3,recall,What is an embryo?,fk_grade=3.7_out_of_band,2
MS-LS4,MS-LS4-3,recall,What is embryology?,fk_grade=13.1_out_of_band,2
MS-LS4,MS-LS4-3,recall,What does it mean when two species share similar patterns in their embryo development?,fk_grade=9.3_out_of_band,2
MS-LS4,MS-LS4-3,recall,What is the name of the idea that embryos of different species look similar in early stages because they share a common ancestor?,fk_grade=12.9_out_of_band,2
MS-LS4,MS-LS4-4,recall,What is a genetic variation?,fk_grade=10.0_out_of_band,2
MS-LS4,MS-LS4-4,recall,What is a trait?,fk_grade=-2.2_out_of_band,2
MS-LS4,MS-LS4-4,recall,What does 'survival of the fittest' mean in science?,fk_grade=3.7_out_of_band,2
MS-LS4,MS-LS4-4,recall,What is a population in biology?,fk_grade=10.4_out_of_band,2
MS-LS4,MS-LS4-4,recall,What does it mean for a trait to be heritable?,fk_grade=3.7_out_of_band,2
MS-LS4,MS-LS4-5,recall,"What does GMO stand for, and what does it mean?",fk_grade=0.1_out_of_band,2
MS-LS4,MS-LS4-5,recall,What is genetic engineering?,fk_grade=12.5_out_of_band,2
MS-LS4,MS-LS4-5,recall,"What is CRISPR, and what is it used for?",fk_grade=-0.3_out_of_band,2
MS-LS4,MS-LS4-5,recall,"What is artificial insemination, and how is it used in agriculture?",fk_grade=11.2_out_of_band,2
MS-LS4,MS-LS4-6,recall,What is natural selection?,fk_grade=9.6_out_of_band,2
MS-LS4,MS-LS4-6,recall,What is a trait?,fk_grade=-2.2_out_of_band,2
MS-LS4,MS-LS4-1,conceptual,"Why do scientists find simpler life forms in older, deeper rock layers and more complex ones in newer, shallower layers?",fk_grade=11.1_out_of_band,2
MS-LS4,MS-LS4-1,conceptual,Why are there gaps in the fossil record where some organisms seem to appear suddenly without earlier ancestors?,fk_grade=11.8_out_of_band,2
MS-LS4,MS-LS4-1,conceptual,Why can scientists assume that the same natural processes that form fossils today also formed fossils millions of years ago?,fk_grade=11.7_out_of_band,2
MS-LS4,MS-LS4-1,conceptual,How does finding the same type of fossil on different continents help scientists understand the history of life on Earth?,fk_grade=11.1_out_of_band,2
MS-LS4,MS-LS4-3,conceptual,Why do scientists compare embryos instead of just comparing adult animals when studying how species are related?,fk_grade=13.9_out_of_band,2
MS-LS4,MS-LS4-3,conceptual,"Why do the embryos of fish, turtles, chickens, and humans all look so similar in early stages of development?",fk_grade=11.1_out_of_band,2
MS-LS4,MS-LS4-3,conceptual,Why does a human embryo develop structures that look like gill slits even though humans never breathe underwater?,fk_grade=11.1_out_of_band,2
MS-LS4,MS-LS4-3,conceptual,How can looking at embryo pictures help scientists figure out which species are more closely related to each other?,fk_grade=11.1_out_of_band,2
MS-LS4,MS-LS4-3,conceptual,Why do similarities in embryo development provide stronger evidence of evolutionary relationships than similarities in adult body structures?,fk_grade=21.6_out_of_band,2
MS-LS4,MS-LS4-3,conceptual,"Why would a dolphin embryo temporarily develop small limb buds that later disappear, even though adult dolphins have no hind legs?",fk_grade=12.8_out_of_band,2
MS-LS4,MS-LS4-3,conceptual,How does the fact that all vertebrate embryos develop a tail at some point support the idea that they share a common ancestor?,fk_grade=11.3_out_of_band,2
MS-LS4,MS-LS4-3,conceptual,"Why do the embryos of very different-looking animals, like a snake and a rabbit, look more alike than their adult forms do?",fk_grade=11.2_out_of_band,2
MS-LS4,MS-LS4-3,conceptual,Why is it useful to display embryo comparisons as pictures or diagrams rather than just describing them in words?,fk_grade=11.7_out_of_band,2
MS-LS4,MS-LS4-3,conceptual,How do shared patterns of embryo development support the theory that all vertebrates descended from a common ancestor?,fk_grade=13.1_out_of_band,2
MS-LS4,MS-LS4-4,conceptual,Why do some individuals in a population survive long enough to have offspring while others die before reproducing?,fk_grade=13.1_out_of_band,2
MS-LS4,MS-LS4-4,conceptual,How does a genetic variation in fur color help an animal survive in a snowy environment?,fk_grade=12.0_out_of_band,2
MS-LS4,MS-LS4-4,conceptual,Why doesn't every individual in a population have the exact same traits?,fk_grade=11.7_out_of_band,2
MS-LS4,MS-LS4-4,conceptual,"How can a trait that seems minor, like slightly longer legs, actually make a big difference in whether an animal survives?",fk_grade=11.1_out_of_band,2
MS-LS4,MS-LS4-4,conceptual,Why does a genetic variation that helps survival in one environment not necessarily help in a different environment?,fk_grade=15.7_out_of_band,2
MS-LS4,MS-LS4-4,conceptual,How does having a genetic variation that resists a certain disease increase an individual's chance of reproducing?,fk_grade=14.6_out_of_band,2
MS-LS4,MS-LS4-4,conceptual,Why do genetic variations that are harmful to survival tend to become less common in a population over time?,fk_grade=12.3_out_of_band,2
MS-LS4,MS-LS4-4,conceptual,How does competition for limited food in an environment cause certain genetic traits to become more common in a population?,fk_grade=13.5_out_of_band,2
MS-LS4,MS-LS4-5,conceptual,Why does selective breeding over many generations lead to animals or plants with very specific desired traits?,fk_grade=13.3_out_of_band,2
MS-LS4,MS-LS4-5,conceptual,How does genetic engineering allow scientists to give an organism a trait that it would never develop on its own?,fk_grade=12.3_out_of_band,2
MS-LS4,MS-LS4-5,conceptual,Why can genetically engineered bacteria be used to produce human insulin?,fk_grade=13.4_out_of_band,2
MS-LS4,MS-LS4-5,conceptual,How does CRISPR technology allow scientists to change a specific trait in an organism more precisely than older genetic tools?,fk_grade=13.5_out_of_band,2
MS-LS4,MS-LS4-5,conceptual,"Why do plant breeders create hybrid crop varieties, and how does hybridization improve on regular selective breeding?",fk_grade=13.9_out_of_band,2
MS-LS4,MS-LS4-5,conceptual,How does cloning produce offspring that have the exact same inherited traits as a single parent organism?,fk_grade=11.2_out_of_band,2
MS-LS4,MS-LS4-5,conceptual,Why does artificial selection produce changes in a population much faster than natural selection does?,fk_grade=13.9_out_of_band,2
MS-LS4,MS-LS4-5,conceptual,How does DNA sequencing technology help farmers and scientists choose the best organisms for a breeding program?,fk_grade=13.3_out_of_band,2
MS-LS4,MS-LS4-6,conceptual,Why do traits that help an organism survive long enough to reproduce become more common in a population over time?,fk_grade=11.7_out_of_band,2
MS-LS4,MS-LS4-6,conceptual,Why would a harmful trait become less common in a population over many generations?,fk_grade=10.9_out_of_band,2
MS-LS4,MS-LS4-6,conceptual,How does competition for limited resources drive natural selection?,fk_grade=14.1_out_of_band,2
MS-LS4,MS-LS4-6,conceptual,Why does natural selection act on traits that already exist in a population rather than creating brand-new traits?,fk_grade=12.4_out_of_band,2
MS-LS4,MS-LS4-6,conceptual,How does a change in the environment cause a trait that was once neutral to suddenly become advantageous?,fk_grade=9.8_out_of_band,2
MS-LS4,MS-LS4-6,conceptual,Why does natural selection happen more noticeably in populations with more genetic variation?,fk_grade=15.8_out_of_band,2
MS-LS4,MS-LS4-6,conceptual,Why does it take many generations for natural selection to noticeably change the percentage of a trait in a population?,fk_grade=13.5_out_of_band,2
MS-LS4,MS-LS4-6,conceptual,How does predation cause a trait like camouflage coloring to increase in a prey population over time?,fk_grade=10.5_out_of_band,2
MS-LS4,MS-LS4-1,applied,"If scientists find the same type of fossil in rock layers on two different continents, what does that pattern suggest about those continents in the past?",fk_grade=12.3_out_of_band,2
MS-LS4,MS-LS4-1,applied,"If you find a fossil of a large, meat-eating dinosaur in a rock layer but that species never appears in any rock layers above it, what conclusion can you draw about that species?",fk_grade=14.4_out_of_band,2
MS-LS4,MS-LS4-1,applied,"A scientist finds simple, single-celled organism fossils in the oldest, deepest rock layers, while complex animal fossils only appear in much younger, shallower layers. What pattern does this show about the history of life?",fk_grade=11.9_out_of_band,2
MS-LS4,MS-LS4-1,applied,"If a type of coral reef organism is found as a fossil in rocks that are now in the middle of a desert, what can you infer about that desert location in the past?",fk_grade=13.6_out_of_band,2
MS-LS4,MS-LS4-1,applied,Scientists notice that a certain species of horse-like animal appears in rock layers for millions of years but then suddenly disappears from the fossil record at the same layer where evidence of a major volcanic eruption is found. What does this pattern suggest?,fk_grade=12.0_out_of_band,2
MS-LS4,MS-LS4-2,applied,A student finds a fossil of a small horse-like animal with three toes on each foot. Modern horses have only one large toe (hoof). What does this anatomical change suggest about the evolutionary relationship between the fossil animal and modern horses?,fk_grade=9.6_out_of_band,2
MS-LS4,MS-LS4-2,applied,"If you compare the arm bones of a human, a whale's flipper, and a bat's wing and find they all have the same set of bones arranged in a similar pattern, what can you infer about how these animals are related?",fk_grade=15.9_out_of_band,2
MS-LS4,MS-LS4-2,applied,"A scientist discovers a fossil fish with small, stubby limb-like fins. How would comparing those fins to the leg bones of early land animals help explain the evolutionary relationship between fish and land vertebrates?",fk_grade=11.2_out_of_band,2
MS-LS4,MS-LS4-2,applied,"A paleontologist finds a fossil bird with clawed wings and teeth, similar to features seen in certain dinosaurs. How does this anatomical evidence help explain the evolutionary relationship between birds and dinosaurs?",fk_grade=13.5_out_of_band,2
MS-LS4,MS-LS4-2,applied,"Two modern lizard species look almost identical, but one species has a slightly different arrangement of skull bones compared to the other. How would you use this anatomical difference to decide whether they are closely related or not?",fk_grade=11.7_out_of_band,2
MS-LS4,MS-LS4-3,applied,"If you look at pictures of a fish embryo and a human embryo at an early stage of development, what similar structure would you expect to see in both, even though adult fish and humans look completely different?",fk_grade=17.6_out_of_band,2
MS-LS4,MS-LS4-3,applied,"A scientist compares embryo pictures of a dolphin and a pig and notices they look very similar in early development, even though adult dolphins live in the ocean and look nothing like pigs. What conclusion should the scientist draw from this?",fk_grade=11.4_out_of_band,2
MS-LS4,MS-LS4-3,applied,"If you are looking at an embryo diagram of a snake and you notice it has tiny limb buds early in development that disappear before hatching, what does that tell you about snakes' evolutionary history?",fk_grade=17.6_out_of_band,2
MS-LS4,MS-LS4-3,applied,"If a student is trying to decide whether a whale is more closely related to a shark or to a cow, why would comparing embryo pictures give better evidence than just comparing the adult animals?",fk_grade=16.6_out_of_band,2
MS-LS4,MS-LS4-3,applied,"If you display embryo images of a chicken, a turtle, and a rabbit all at the same early developmental stage, what pattern of similarity would you predict to see across all three pictures?",fk_grade=16.6_out_of_band,2
MS-LS4,MS-LS4-3,applied,"If two animal species look very different as adults but their embryos are nearly identical in early development, what prediction would you make about how they would be grouped on an evolutionary family tree?",fk_grade=18.8_out_of_band,2
MS-LS4,MS-LS4-5,applied,"A farmer wants cows that produce more milk. If the farmer uses artificial insemination to breed only the highest milk-producing bulls with his cows, what would you predict would happen to the herd's milk output over several generations?",fk_grade=10.8_out_of_band,2
MS-LS4,MS-LS4-5,applied,"Scientists used genetic engineering to insert a gene from bacteria into corn plants so the corn produces its own insect-killing protein. If a farmer plants this GM corn instead of regular corn, how would this change the way the farmer influences the corn crop?",fk_grade=11.5_out_of_band,2
MS-LS4,MS-LS4-5,applied,"A dog breeder wants puppies that are very calm and friendly. If she uses selective breeding by choosing only the calmest dogs to reproduce, how is this different from using a technology like CRISPR to produce calm dogs?",fk_grade=9.8_out_of_band,2
MS-LS4,MS-LS4-5,applied,"A wheat farmer's crop keeps getting destroyed by a fungal disease. If scientists use genetic engineering to give the wheat a gene that makes it resistant to that fungus, what would you predict happens to the farmer's harvest compared to before?",fk_grade=10.2_out_of_band,2
MS-LS4,MS-LS4-6,applied,"A doctor notices that at the start of a bacterial infection, only 2 out of 1,000 bacteria (0.2%) are resistant to an antibiotic. After the patient takes the antibiotic for a week, the resistant bacteria make up nearly 100% of the remaining bacteria. How does natural selection explain this dramatic change in percentage?",fk_grade=11.2_out_of_band,2
MS-LS4,MS-LS4-6,applied,"In a population of beetles on green leaves, a data table shows that green beetles make up 60% of the population in Year 1, but 90% by Year 10, while brown beetles dropped from 40% to 10%. What can you predict will happen to the brown beetles if this trend continues for another 20 years?",fk_grade=10.8_out_of_band,2
MS-ESS1,MS-ESS1-1,recall,What is a lunar phase?,fk_grade=0.5_out_of_band,2
MS-ESS1,MS-ESS1-1,recall,What is a solar eclipse?,fk_grade=2.9_out_of_band,2
MS-ESS1,MS-ESS1-1,recall,What is a lunar eclipse?,fk_grade=2.9_out_of_band,2
MS-ESS1,MS-ESS1-1,recall,How long does it take the Moon to complete one full cycle of phases?,fk_grade=4.2_out_of_band,2
MS-ESS1,MS-ESS1-1,recall,What causes Earth's seasons?,fk_grade=3.7_out_of_band,2
MS-ESS1,MS-ESS1-1,recall,What is a new moon?,fk_grade=-1.8_out_of_band,2
MS-ESS1,MS-ESS1-1,recall,What is a full moon?,fk_grade=-1.8_out_of_band,2
MS-ESS1,MS-ESS1-1,recall,What is the umbra of a shadow?,fk_grade=2.3_out_of_band,2
MS-ESS1,MS-ESS1-1,recall,What does the term 'waxing' mean when describing the Moon's phases?,fk_grade=4.8_out_of_band,2
MS-ESS1,MS-ESS1-2,recall,What keeps the planets in orbit around the Sun?,fk_grade=3.7_out_of_band,2
MS-ESS1,MS-ESS1-2,recall,What is an orbit?,fk_grade=0.7_out_of_band,2
MS-ESS1,MS-ESS1-2,recall,What is a galaxy?,fk_grade=3.7_out_of_band,2
MS-ESS1,MS-ESS1-2,recall,What is a moon?,fk_grade=-2.2_out_of_band,2
MS-ESS1,MS-ESS1-4,recall,What is the geologic time scale?,fk_grade=4.5_out_of_band,2
MS-ESS1,MS-ESS1-4,recall,What are rock strata?,fk_grade=0.7_out_of_band,2
MS-ESS1,MS-ESS1-4,recall,What is an eon in the geologic time scale?,fk_grade=5.0_out_of_band,2
MS-ESS1,MS-ESS1-4,recall,What major event marks the boundary between the Mesozoic and Cenozoic Eras?,fk_grade=12.7_out_of_band,2
MS-ESS1,MS-ESS1-4,recall,"How old is Earth, according to scientific evidence?",fk_grade=9.7_out_of_band,2
MS-ESS1,MS-ESS1-1,conceptual,Why does the Moon appear to change shape throughout the month?,fk_grade=2.6_out_of_band,2
MS-ESS1,MS-ESS1-1,conceptual,Why do we have seasons on Earth?,fk_grade=0.6_out_of_band,2
MS-ESS1,MS-ESS1-2,conceptual,Why does Earth orbit the Sun rather than the Sun orbiting Earth?,fk_grade=4.8_out_of_band,2
MS-ESS1,MS-ESS1-2,conceptual,How does gravity hold a galaxy together?,fk_grade=9.1_out_of_band,2
MS-ESS1,MS-ESS1-4,conceptual,How do fossils found in rock layers help scientists organize the geologic time scale?,fk_grade=9.3_out_of_band,2
MS-ESS1,MS-ESS1-4,conceptual,Why is the geologic time scale divided into unequal chunks of time instead of equal intervals like decades or centuries?,fk_grade=12.9_out_of_band,2
MS-ESS1,MS-ESS1-4,conceptual,How does the geologic time scale help scientists compare events that happened billions of years apart?,fk_grade=9.8_out_of_band,2
MS-ESS1,MS-ESS1-1,applied,"If tonight the Moon is positioned directly on the opposite side of Earth from the Sun, what phase will you see when you look at the Moon from your backyard?",fk_grade=11.1_out_of_band,2
MS-ESS1,MS-ESS1-1,applied,"If you measure your shadow at noon on the first day of summer and again at noon on the first day of winter, which day would your shadow be longer, and why?",fk_grade=11.3_out_of_band,2
MS-ESS1,MS-ESS1-3,applied,"If you made a scale model where Earth is the size of a marble (about 1 cm wide), how big would the Sun need to be in that same model?",fk_grade=9.5_out_of_band,2
MS-ESS1,MS-ESS1-3,applied,"If you stretched the distance from the Sun to Neptune across an entire football field (about 100 yards), about where on the field would Earth be?",fk_grade=10.0_out_of_band,2
MS-ESS1,MS-ESS1-3,applied,"If you lined up Earth-sized balls side by side across the diameter of Jupiter, about how many would fit?",fk_grade=9.2_out_of_band,2
MS-ESS1,MS-ESS1-3,applied,"If the distance from the Sun to Pluto were shrunk to fit in a 10-meter hallway, about how many meters from the Sun end would Earth be placed?",fk_grade=10.1_out_of_band,2
MS-ESS1,MS-ESS1-4,applied,"If you find a rock layer with trilobite fossils below a rock layer with dinosaur fossils, which layer is older and how do you know?",fk_grade=10.7_out_of_band,2
MS-ESS1,MS-ESS1-4,applied,"If a scientist finds a layer of rock that contains only marine (ocean) fossils sandwiched between layers with land animal fossils, what can she conclude happened in that area over time?",fk_grade=15.5_out_of_band,2
MS-ESS1,MS-ESS1-4,applied,"A construction crew digs into the ground and finds four distinct rock layers. If the top layer is from the Cenozoic Era and each layer below it is progressively older, what era would you expect the deepest layer to be from?",fk_grade=10.0_out_of_band,2
MS-ESS1,MS-ESS1-4,applied,"If a fossil of a species that only lived during the Jurassic Period is found in a mystery rock layer, how can a geologist use that information to figure out when that rock layer formed?",fk_grade=16.3_out_of_band,2
MS-ESS2,MS-ESS2-1,recall,What is the rock cycle?,fk_grade=0.5_out_of_band,2
MS-ESS2,MS-ESS2-1,recall,What is the main source of energy that drives the water cycle?,fk_grade=4.8_out_of_band,2
MS-ESS2,MS-ESS2-2,recall,What is the geologic time scale?,fk_grade=4.5_out_of_band,2
MS-ESS2,MS-ESS2-2,recall,What is a glacier?,fk_grade=0.7_out_of_band,2
MS-ESS2,MS-ESS2-2,recall,What does the word 'sediment' mean in science?,fk_grade=3.8_out_of_band,2
MS-ESS2,MS-ESS2-3,recall,What is Pangaea?,fk_grade=1.3_out_of_band,2
MS-ESS2,MS-ESS2-3,recall,What is seafloor spreading?,fk_grade=0.7_out_of_band,2
MS-ESS2,MS-ESS2-3,recall,What is a mid-ocean ridge?,fk_grade=2.9_out_of_band,2
MS-ESS2,MS-ESS2-3,recall,What scientist first proposed the idea of continental drift?,fk_grade=10.2_out_of_band,2
MS-ESS2,MS-ESS2-3,recall,What is a fossil?,fk_grade=0.7_out_of_band,2
MS-ESS2,MS-ESS2-4,recall,What is evaporation?,fk_grade=13.1_out_of_band,2
MS-ESS2,MS-ESS2-4,recall,What is precipitation?,fk_grade=13.1_out_of_band,2
MS-ESS2,MS-ESS2-4,recall,"What force pulls water downhill and into rivers, lakes, and the ground after it falls as precipitation?",fk_grade=9.1_out_of_band,2
MS-ESS2,MS-ESS2-5,recall,What is an air mass?,fk_grade=-1.8_out_of_band,2
MS-ESS2,MS-ESS2-5,recall,What is a cold front?,fk_grade=-1.8_out_of_band,2
MS-ESS2,MS-ESS2-5,recall,What is a warm front?,fk_grade=-1.8_out_of_band,2
MS-ESS2,MS-ESS2-6,recall,What are trade winds?,fk_grade=-2.2_out_of_band,2
MS-ESS2,MS-ESS2-6,recall,What is a ocean current?,fk_grade=2.9_out_of_band,2
MS-ESS2,MS-ESS2-2,conceptual,Why do rivers change the shape of the land over time?,fk_grade=2.6_out_of_band,2
MS-ESS2,MS-ESS2-2,conceptual,How does the movement of glaciers change Earth's surface?,fk_grade=3.7_out_of_band,2
MS-ESS2,MS-ESS2-3,conceptual,Why do scientists think the continents were once joined together just because their coastlines seem to fit like puzzle pieces?,fk_grade=9.9_out_of_band,2
MS-ESS2,MS-ESS2-3,conceptual,How do fossils of the same animal found on different continents today help prove that the continents have moved?,fk_grade=9.8_out_of_band,2
MS-ESS2,MS-ESS2-6,conceptual,Why does the equator receive more heat from the Sun than the poles do?,fk_grade=4.2_out_of_band,2
MS-ESS2,MS-ESS2-2,applied,"If a river carries a lot of sediment and then slows down where it meets the ocean, what do you think will happen to all that sediment over time?",fk_grade=11.2_out_of_band,2
MS-ESS2,MS-ESS2-2,applied,"If a glacier slowly moves down a valley over thousands of years, what would you expect the shape of that valley to look like compared to a valley carved by a river?",fk_grade=12.4_out_of_band,2
MS-ESS2,MS-ESS2-2,applied,"If you find layers of sandstone rock in the middle of a desert far from any ocean, what could that tell you about what that place looked like millions of years ago?",fk_grade=12.0_out_of_band,2
MS-ESS2,MS-ESS2-2,applied,"If two tectonic plates slowly push together over millions of years, what would you predict happens to the land at the place where they meet?",fk_grade=10.2_out_of_band,2
MS-ESS2,MS-ESS2-3,applied,"If you find identical fossil ferns in both South America and Africa, what does that tell you about where those continents were in the past?",fk_grade=11.6_out_of_band,2
MS-ESS2,MS-ESS2-3,applied,"If you look at a map and notice that the eastern coastline of South America fits like a puzzle piece into the western coastline of Africa, what plate motion does that suggest happened over millions of years?",fk_grade=16.1_out_of_band,2
MS-ESS2,MS-ESS2-3,applied,Imagine you're a geologist and you find identical types of ancient rocks along the coasts of Norway and Canada. What conclusion could you draw about those two landmasses?,fk_grade=9.3_out_of_band,2
MS-ESS2,MS-ESS2-3,applied,"If seafloor rocks near the center of the Mid-Atlantic Ridge are much younger than rocks farther away from it, what does that tell you about how the ocean floor has moved?",fk_grade=11.3_out_of_band,2
MS-ESS2,MS-ESS2-3,applied,"If you mapped the ages of rocks across the ocean floor and found that the oldest rocks are near the continents and the youngest are near underwater mountain ridges, what plate motion pattern does this reveal?",fk_grade=15.2_out_of_band,2
MS-ESS2,MS-ESS2-3,applied,Suppose a paleontologist finds fossils of the same land-dwelling reptile species on both India and Antarctica. What does this suggest about the past positions of those landmasses?,fk_grade=10.7_out_of_band,2
MS-ESS2,MS-ESS2-3,applied,"If you drew lines along the edges of the continental shelves—the shallow underwater borders of continents—instead of the visible coastlines, would the continents fit together as puzzle pieces even better, and why does that matter for plate tectonics?",fk_grade=19.7_out_of_band,2
MS-ESS2,MS-ESS2-6,applied,"If you live on the west coast of a continent near the ocean, would you expect your climate to be milder than a city at the same latitude in the middle of the continent? Why?",fk_grade=13.9_out_of_band,2
MS-ESS2,MS-ESS2-6,applied,Imagine you're tracking a warm ocean current flowing from the tropics toward Europe. How does that current affect the climate of coastal European countries?,fk_grade=9.2_out_of_band,2
MS-ESS2,MS-ESS2-6,applied,"Why do deserts often form on the western sides of continents around 30° north or south latitude, even though the ocean is nearby?",fk_grade=10.8_out_of_band,2
MS-ESS2,MS-ESS2-6,applied,"If global ocean temperatures warmed significantly, how would that likely affect the amount of rainfall a tropical coastal region receives?",fk_grade=14.0_out_of_band,2
MS-ESS3,MS-ESS3-1,recall,What is an aquifer?,fk_grade=3.7_out_of_band,2
MS-ESS3,MS-ESS3-1,recall,What are fossil fuels?,fk_grade=3.7_out_of_band,2
MS-ESS3,MS-ESS3-1,recall,Why are Earth's mineral resources unevenly distributed around the world?,fk_grade=13.1_out_of_band,2
MS-ESS3,MS-ESS3-1,recall,What is ore?,fk_grade=-2.6_out_of_band,2
MS-ESS3,MS-ESS3-1,recall,How does tectonic plate movement help create mineral deposits?,fk_grade=10.2_out_of_band,2
MS-ESS3,MS-ESS3-1,recall,What is the difference between a renewable and a nonrenewable resource?,fk_grade=12.3_out_of_band,2
MS-ESS3,MS-ESS3-2,recall,What is a seismograph?,fk_grade=3.7_out_of_band,2
MS-ESS3,MS-ESS3-2,recall,What is the Richter scale used for?,fk_grade=0.6_out_of_band,2
MS-ESS3,MS-ESS3-3,recall,What does the term 'environmental monitoring' mean?,fk_grade=10.7_out_of_band,2
MS-ESS3,MS-ESS3-3,recall,What is a watershed?,fk_grade=3.7_out_of_band,2
MS-ESS3,MS-ESS3-3,recall,What is a pollutant?,fk_grade=3.7_out_of_band,2
MS-ESS3,MS-ESS3-3,recall,What does 'biodegradable' mean?,fk_grade=12.5_out_of_band,2
MS-ESS3,MS-ESS3-3,recall,What is the purpose of the Clean Water Act in the United States?,fk_grade=4.9_out_of_band,2
MS-ESS3,MS-ESS3-4,recall,Approximately how many people live on Earth today?,fk_grade=9.7_out_of_band,2
MS-ESS3,MS-ESS3-4,recall,What is deforestation?,fk_grade=13.1_out_of_band,2
MS-ESS3,MS-ESS3-4,recall,What are nonrenewable resources?,fk_grade=15.5_out_of_band,2
MS-ESS3,MS-ESS3-5,recall,What is the greenhouse effect?,fk_grade=2.9_out_of_band,2
MS-ESS3,MS-ESS3-5,recall,What are fossil fuels?,fk_grade=3.7_out_of_band,2
MS-ESS3,MS-ESS3-5,recall,What does the term 'global warming' mean?,fk_grade=2.3_out_of_band,2
MS-ESS3,MS-ESS3-5,recall,"What is deforestation, and how does it affect global temperatures?",fk_grade=9.6_out_of_band,2
MS-ESS3,MS-ESS3-1,conceptual,How do tectonic plate movements cause metal ore deposits to form in specific locations?,fk_grade=10.1_out_of_band,2
MS-ESS3,MS-ESS3-1,conceptual,How does the water cycle affect where freshwater resources are located around the world?,fk_grade=10.1_out_of_band,2
MS-ESS3,MS-ESS3-2,conceptual,Why do scientists study patterns in past earthquake data to predict where future earthquakes are likely to happen?,fk_grade=10.4_out_of_band,2
MS-ESS3,MS-ESS3-2,conceptual,How does a tsunami warning system use data from the ocean to alert people before the wave reaches shore?,fk_grade=9.8_out_of_band,2
MS-ESS3,MS-ESS3-2,conceptual,"Why are volcanic eruptions sometimes predictable days or weeks in advance, but earthquakes are much harder to predict?",fk_grade=11.1_out_of_band,2
MS-ESS3,MS-ESS3-2,conceptual,How does knowing a region's flood history help engineers design better infrastructure for that area?,fk_grade=12.3_out_of_band,2
MS-ESS3,MS-ESS3-2,conceptual,"Why does building a house on solid bedrock make it safer during an earthquake compared to building on loose, sandy soil?",fk_grade=9.5_out_of_band,2
MS-ESS3,MS-ESS3-2,conceptual,How do early warning systems for tornadoes use weather data to give people time to find shelter?,fk_grade=9.1_out_of_band,2
MS-ESS3,MS-ESS3-2,conceptual,Why do scientists use tree rings and ice cores to learn about natural hazards that happened before modern instruments existed?,fk_grade=11.7_out_of_band,2
MS-ESS3,MS-ESS3-2,conceptual,How does mapping the locations of past wildfires help predict where future wildfires are most likely to spread?,fk_grade=9.8_out_of_band,2
MS-ESS3,MS-ESS3-3,conceptual,Why do scientists monitor the same river or air quality site over many years instead of just checking it once?,fk_grade=10.5_out_of_band,2
MS-ESS3,MS-ESS3-3,conceptual,"How does using satellite imagery help scientists monitor deforestation in large, hard-to-reach forests?",fk_grade=15.8_out_of_band,2
MS-ESS3,MS-ESS3-3,conceptual,Why does reducing the amount of fertilizer applied to farm fields help protect nearby lakes and streams?,fk_grade=9.1_out_of_band,2
MS-ESS3,MS-ESS3-3,conceptual,How does placing air quality monitoring stations near busy roads or factories help communities protect people's health?,fk_grade=13.3_out_of_band,2
MS-ESS3,MS-ESS3-4,conceptual,Why does a growing human population cause more freshwater sources to be depleted?,fk_grade=10.4_out_of_band,2
MS-ESS3,MS-ESS3-4,conceptual,How does an increase in per-capita consumption of fossil fuels affect Earth's atmosphere?,fk_grade=10.4_out_of_band,2
MS-ESS3,MS-ESS3-5,conceptual,Why do greenhouse gases cause Earth's temperature to rise?,fk_grade=5.0_out_of_band,2
MS-ESS3,MS-ESS3-5,conceptual,Why does cutting down large forests contribute to rising global temperatures?,fk_grade=9.1_out_of_band,2
MS-ESS3,MS-ESS3-1,applied,"A region in your state was once covered by a shallow sea full of tiny marine organisms millions of years ago. Based on that, what resource would geologists most likely search for underground there today?",fk_grade=9.1_out_of_band,2
MS-ESS3,MS-ESS3-1,applied,"If you look at a map and see that most of the world's coal mines are located in areas that were once ancient swampy forests, what does that tell you about how coal forms?",fk_grade=12.2_out_of_band,2
MS-ESS3,MS-ESS3-1,applied,"If you were a mining company and you knew that volcanically active regions often have hydrothermal vents where hot, mineral-rich water moves through cracks in the rock, where on Earth would you predict finding large deposits of copper or gold?",fk_grade=18.0_out_of_band,2
MS-ESS3,MS-ESS3-1,applied,"Scientists discover that a desert region currently has very little rainfall, but they find thick layers of sediment left by ancient rivers underground. Would you expect this region to have significant groundwater reserves today? Why?",fk_grade=12.1_out_of_band,2
MS-ESS3,MS-ESS3-2,applied,"Scientists studying a volcano notice that every time it erupted in the past, there were weeks of small earthquakes and increased gas emissions beforehand. If sensors today start detecting rising gas levels and small earthquakes, what would scientists predict and recommend?",fk_grade=12.6_out_of_band,2
MS-ESS3,MS-ESS3-3,applied,"If a city installs sensors in its stormwater drains to measure pollutant levels after rainstorms, how does that help the city minimize environmental damage?",fk_grade=14.4_out_of_band,2
MS-ESS3,MS-ESS3-3,applied,A coastal town is worried that streetlights are confusing sea turtle hatchlings and causing them to go the wrong direction. What scientific approach could the town use to both monitor the problem and reduce the impact?,fk_grade=9.5_out_of_band,2
MS-ESS3,MS-ESS3-4,applied,"If a city doubles in population but each person keeps using the same amount of water per day, what happens to the total demand on the local water supply?",fk_grade=13.6_out_of_band,2
MS-ESS3,MS-ESS3-4,applied,"A town that used to have 1,000 cars now has 10,000 cars because more people moved in. How does this change the air quality in that town?",fk_grade=3.2_out_of_band,2
MS-ESS3,MS-ESS3-4,applied,"If families in a growing neighborhood each start buying more packaged goods, leading to more trash, what impact would that have on the local land?",fk_grade=10.7_out_of_band,2
MS-ESS3,MS-ESS3-5,applied,"If a city replaces most of its forests with roads, parking lots, and buildings, how would that likely affect the amount of carbon dioxide in the nearby atmosphere?",fk_grade=13.5_out_of_band,2
MS-ESS3,MS-ESS3-5,applied,"If a family switches from driving a gasoline-powered car to riding bikes every day, how does that change the amount of greenhouse gases they add to the atmosphere?",fk_grade=13.0_out_of_band,2
MS-ETS1,MS-ETS1-1,recall,What are 'criteria' in an engineering design problem?,fk_grade=11.1_out_of_band,2
MS-ETS1,MS-ETS1-1,recall,What is the difference between criteria and constraints?,fk_grade=9.7_out_of_band,2
MS-ETS1,MS-ETS1-1,recall,What does it mean to 'define' a design problem?,fk_grade=3.7_out_of_band,2
MS-ETS1,MS-ETS1-1,recall,Why do engineers need to consider scientific principles when defining a design problem?,fk_grade=13.1_out_of_band,2
MS-ETS1,MS-ETS1-1,recall,What is meant by 'potential impacts on the natural environment' when defining a design problem?,fk_grade=11.5_out_of_band,2
MS-ETS1,MS-ETS1-1,recall,What does 'sufficient precision' mean when defining a design problem?,fk_grade=9.6_out_of_band,2
MS-ETS1,MS-ETS1-1,recall,Give an example of a constraint related to cost in an engineering design problem.,fk_grade=10.1_out_of_band,2
MS-ETS1,MS-ETS1-1,recall,What is a 'design problem'?,fk_grade=2.9_out_of_band,2
MS-ETS1,MS-ETS1-2,recall,What are 'criteria' in an engineering design problem?,fk_grade=11.1_out_of_band,2
MS-ETS1,MS-ETS1-2,recall,What does it mean to use a 'systematic process' when comparing design solutions?,fk_grade=9.4_out_of_band,2
MS-ETS1,MS-ETS1-3,recall,What is a design solution in engineering?,fk_grade=9.1_out_of_band,2
MS-ETS1,MS-ETS1-3,recall,What does it mean to 'optimize' a design?,fk_grade=3.8_out_of_band,2
MS-ETS1,MS-ETS1-3,recall,What is the purpose of testing multiple design solutions and comparing the data?,fk_grade=10.4_out_of_band,2
MS-ETS1,MS-ETS1-4,recall,What is a prototype in engineering design?,fk_grade=9.1_out_of_band,2
MS-ETS1,MS-ETS1-4,recall,What does 'iterative testing' mean in engineering?,fk_grade=10.7_out_of_band,2
MS-ETS1,MS-ETS1-4,recall,What does it mean to 'optimize' a design?,fk_grade=3.8_out_of_band,2
MS-ETS1,MS-ETS1-1,conceptual,Why is it important to clearly define the problem before you start designing a solution?,fk_grade=9.9_out_of_band,2
MS-ETS1,MS-ETS1-1,conceptual,Why do engineers need to think about how a design might affect the environment before building it?,fk_grade=9.8_out_of_band,2
MS-ETS1,MS-ETS1-1,conceptual,How do scientific principles limit what solutions are possible for a design problem?,fk_grade=12.2_out_of_band,2
MS-ETS1,MS-ETS1-1,conceptual,How is a criterion different from a constraint in an engineering design problem?,fk_grade=11.3_out_of_band,2
MS-ETS1,MS-ETS1-1,conceptual,Why do engineers need to consider how a design might impact people who are not directly using it?,fk_grade=9.8_out_of_band,2
MS-ETS1,MS-ETS1-1,conceptual,Why might two engineers come up with very different solutions to the same design problem?,fk_grade=9.1_out_of_band,2
MS-ETS1,MS-ETS1-1,conceptual,How do safety requirements act as constraints in an engineering design problem?,fk_grade=9.7_out_of_band,2
MS-ETS1,MS-ETS1-1,conceptual,Why is it helpful to rank or prioritize criteria when defining a design problem?,fk_grade=10.9_out_of_band,2
MS-ETS1,MS-ETS1-1,conceptual,How can the natural environment itself act as a constraint on a design solution?,fk_grade=10.1_out_of_band,2
MS-ETS1,MS-ETS1-2,conceptual,Why is it important to use a systematic process when comparing different design solutions instead of just picking your favorite?,fk_grade=14.0_out_of_band,2
MS-ETS1,MS-ETS1-2,conceptual,Why do engineers need to identify criteria and constraints before they can fairly evaluate competing designs?,fk_grade=15.0_out_of_band,2
MS-ETS1,MS-ETS1-2,conceptual,How does a decision matrix help engineers compare multiple design solutions at the same time?,fk_grade=10.7_out_of_band,2
MS-ETS1,MS-ETS1-2,conceptual,Why might the design solution with the highest overall score in an evaluation still not be chosen?,fk_grade=10.5_out_of_band,2
MS-ETS1,MS-ETS1-2,conceptual,How does weighting certain criteria more heavily than others improve the evaluation of design solutions?,fk_grade=14.6_out_of_band,2
MS-ETS1,MS-ETS1-2,conceptual,Why is it useful to test physical models or prototypes when evaluating competing design solutions rather than just comparing them on paper?,fk_grade=15.0_out_of_band,2
MS-ETS1,MS-ETS1-2,conceptual,How can trade-offs between criteria affect which design solution an engineer chooses?,fk_grade=12.7_out_of_band,2
MS-ETS1,MS-ETS1-2,conceptual,Why do engineers gather data from multiple tests rather than evaluating a design solution based on a single test?,fk_grade=12.9_out_of_band,2
MS-ETS1,MS-ETS1-2,conceptual,How does clearly defining the problem help engineers recognize when a design solution truly meets the criteria versus when it only partially meets them?,fk_grade=14.9_out_of_band,2
MS-ETS1,MS-ETS1-2,conceptual,Why is it helpful to involve more than one person when evaluating competing design solutions?,fk_grade=11.5_out_of_band,2
MS-ETS1,MS-ETS1-2,conceptual,How does comparing a design solution to the constraints of a problem—like budget or size limits—help narrow down which solutions are worth evaluating further?,fk_grade=14.9_out_of_band,2
MS-ETS1,MS-ETS1-3,conceptual,How does analyzing test data help engineers improve a design?,fk_grade=9.6_out_of_band,2
MS-ETS1,MS-ETS1-3,conceptual,Why do engineers look for similarities among different design solutions when analyzing test results?,fk_grade=15.2_out_of_band,2
MS-ETS1,MS-ETS1-3,conceptual,Why is it important to use the same criteria for success when comparing different design solutions?,fk_grade=12.0_out_of_band,2
MS-ETS1,MS-ETS1-3,conceptual,How does identifying the weaknesses of each design solution help engineers create a better one?,fk_grade=12.3_out_of_band,2
MS-ETS1,MS-ETS1-3,conceptual,How does collecting data from multiple test trials make the comparison of design solutions more reliable?,fk_grade=13.5_out_of_band,2
MS-ETS1,MS-ETS1-3,conceptual,Why is it helpful to display test data from different design solutions in the same table or graph?,fk_grade=9.1_out_of_band,2
MS-ETS1,MS-ETS1-3,conceptual,Why can't engineers just guess which design solution is best instead of analyzing test data?,fk_grade=9.9_out_of_band,2
MS-ETS1,MS-ETS1-4,conceptual,Why is it important to change only one variable at a time when testing a design model?,fk_grade=9.1_out_of_band,2
MS-ETS1,MS-ETS1-4,conceptual,Why do engineers go through multiple rounds of testing and redesigning instead of just testing once?,fk_grade=9.8_out_of_band,2
MS-ETS1,MS-ETS1-4,conceptual,How does a model help engineers generate data that they could not easily collect from the real object?,fk_grade=9.8_out_of_band,2
MS-ETS1,MS-ETS1-4,conceptual,Why is an 'optimal' design considered the best possible solution rather than a perfect one?,fk_grade=10.7_out_of_band,2
MS-ETS1,MS-ETS1-4,conceptual,How does iterative testing lead to a design that better meets the original criteria and constraints?,fk_grade=12.0_out_of_band,2
MS-ETS1,MS-ETS1-3,applied,"Three teams tested their model bridges: Team A's bridge held the most weight but its supports kept snapping, while Team B's bridge had super strong supports but a weak middle section. If an engineer combined Team A's strong middle design with Team B's strong support design, what would you predict about the new bridge's performance?",fk_grade=11.4_out_of_band,2
MS-ETS1,MS-ETS1-4,applied,"A team builds a small model of a wind-powered car and tests it in front of a fan, measuring how far it travels. The car only goes 30 cm. They add a larger sail, test again, and it goes 75 cm. Based on this pattern, what should they do next if they want to keep improving the design?",fk_grade=4.5_out_of_band,2
MS-PS1,MS-PS1-2,conceptual,Why can't you reverse a chemical reaction just by heating or cooling the products?,llm_inappropriate,2
MS-PS2,MS-PS2-4,recall,What is gravity?,llm_inappropriate,2
MS-PS4,MS-PS4-2,recall,"What is the word for a material that allows light to pass through it almost completely, like clear glass?",llm_inappropriate,2
MS-PS4,MS-PS4-2,recall,"What is the word for a material that blocks light and does not let it pass through, like wood?",llm_inappropriate,2
MS-PS4,MS-PS4-3,recall,What is the binary number system?,llm_inappropriate,2
MS-PS4,MS-PS4-1,conceptual,Why does a large ocean wave cause so much more destruction on a beach than a small ripple?,llm_inappropriate,2
MS-PS4,MS-PS4-1,conceptual,Why does doubling the amplitude of a wave have such a large effect on the energy it carries?,llm_inappropriate,2
MS-PS4,MS-PS4-2,conceptual,Why does wearing a reflective vest help keep a cyclist safe at night?,llm_inappropriate,2
MS-PS4,MS-PS4-3,conceptual,How does storing information as 0s and 1s make it easier to detect and fix errors?,llm_inappropriate,2
MS-PS4,MS-PS4-2,applied,"On a hot sunny day, a person wearing a black shirt feels much hotter than a person wearing a white shirt. How does wave behavior explain this?",llm_inappropriate,2
MS-LS1,MS-LS1-1,recall,Who is credited with first using the word 'cell' to describe what he saw under a microscope?,llm_inappropriate,2
MS-LS1,MS-LS1-5,recall,What does the word 'heredity' mean in science?,llm_inappropriate,2
MS-LS1,MS-LS1-8,recall,What part of the brain is mainly responsible for storing memories?,llm_inappropriate,2
MS-LS1,MS-LS1-8,conceptual,How does your brain turn what you see and hear into a memory you can recall later?,llm_inappropriate,2
MS-LS2,MS-LS2-3,recall,What is a producer in an ecosystem?,llm_inappropriate,2
MS-LS2,MS-LS2-3,recall,What is a decomposer?,llm_inappropriate,2
MS-LS2,MS-LS2-4,recall,What is an invasive species?,llm_inappropriate,2
MS-LS3,MS-LS3-2,recall,What is binary fission?,llm_inappropriate,2
MS-LS3,MS-LS3-2,recall,What is budding in biology?,llm_inappropriate,2
MS-LS3,MS-LS3-2,recall,What is mitosis?,llm_inappropriate,2
MS-LS3,MS-LS3-1,conceptual,Why can a mutation in just one gene cause a major change in an organism's body?,llm_inappropriate,2
MS-LS3,MS-LS3-1,conceptual,Why are some mutations neutral and have no effect on the organism?,llm_inappropriate,2
MS-LS3,MS-LS3-1,conceptual,How can the same type of mutation cause different effects in different parts of the body?,llm_inappropriate,2
MS-LS3,MS-LS3-1,conceptual,How does a mutation that adds or removes a base cause more damage than one that just swaps a base?,llm_inappropriate,2
MS-LS3,MS-LS3-1,conceptual,How does the cell use the information stored in a gene to actually build a protein?,llm_inappropriate,2
MS-LS3,MS-LS3-2,conceptual,How do eggs and sperm cells end up with only half the normal number of chromosomes?,llm_inappropriate,2
MS-LS3,MS-LS3-1,applied,"Imagine a skin cell in your arm gets a mutation, but the mutation is in a part of the DNA that doesn't code for any protein. What effect would this most likely have on you?",llm_inappropriate,2
MS-LS3,MS-LS3-1,applied,A person has a mutation in the gene that codes for a protein that repairs damaged DNA. How might this increase their risk of getting cancer?,llm_inappropriate,2
MS-LS4,MS-LS4-1,recall,What is extinction?,llm_inappropriate,2
MS-LS4,MS-LS4-1,recall,What does the word 'paleontologist' mean?,llm_inappropriate,2
MS-ESS1,MS-ESS1-2,recall,What is gravity?,llm_inappropriate,2
MS-ESS1,MS-ESS1-4,recall,What is a geologic era?,llm_inappropriate,2
MS-ESS1,MS-ESS1-4,recall,How do index fossils help scientists date rock layers?,llm_inappropriate,2
MS-ESS1,MS-ESS1-4,conceptual,Why do the oldest rock layers end up at the bottom of a rock formation instead of the top?,llm_inappropriate,2
MS-ESS1,MS-ESS1-4,conceptual,Why do scientists say Earth's history is 'recorded' in rock layers?,llm_inappropriate,2
MS-ESS2,MS-ESS2-2,recall,What is erosion?,llm_inappropriate,2
MS-ESS2,MS-ESS2-5,recall,What tool do meteorologists use to measure air pressure?,llm_inappropriate,2
MS-ESS3,MS-ESS3-1,recall,What is a mineral resource?,llm_inappropriate,2
MS-ESS3,MS-ESS3-2,recall,What is a natural hazard?,llm_inappropriate,2
MS-ESS3,MS-ESS3-3,recall,What does 'reforestation' mean?,llm_inappropriate,2
MS-ESS3,MS-ESS3-4,recall,What is a natural resource?,llm_inappropriate,2
MS-ESS3,MS-ESS3-5,recall,What is carbon dioxide (CO₂)?,llm_inappropriate,2
MS-ESS3,MS-ESS3-3,applied,A farmer notices soil washing into a nearby creek every time it rains. What farming technique could the farmer apply to monitor and reduce this soil erosion?,llm_inappropriate,2
MS-ESS3,MS-ESS3-3,applied,A neighborhood wants to reduce how much trash ends up in a local wetland. How could residents set up a simple monitoring system to track whether their cleanup efforts are working?,llm_inappropriate,2
MS-PS1,MS-PS1-1,recall,What does a chemical formula tell you about a substance?,duplicate,2
MS-PS1,MS-PS1-1,recall,"What does the subscript number in a chemical formula, like the '2' in H₂O, represent?",duplicate,2
MS-PS1,MS-PS1-2,recall,What is a chemical reaction?,duplicate,2
MS-PS1,MS-PS1-2,recall,What are some common signs that a chemical reaction has taken place?,duplicate,2
MS-PS1,MS-PS1-3,recall,What natural resource is most plastic made from?,duplicate,2
MS-PS1,MS-PS1-4,recall,What is thermal energy?,duplicate,2
MS-PS1,MS-PS1-4,recall,What happens to the particles in a substance when thermal energy is added to it?,duplicate,2
MS-PS1,MS-PS1-5,recall,What is a chemical reaction?,duplicate,2
MS-PS1,MS-PS1-5,recall,What are products in a chemical reaction?,duplicate,2
MS-PS1,MS-PS1-6,recall,What is thermal energy?,duplicate,2
MS-PS1,MS-PS1-2,conceptual,How does the production of light or heat during a reaction tell us that a chemical change has occurred?,duplicate,2
MS-PS1,MS-PS1-5,conceptual,Why doesn't the total mass change when a chemical reaction happens?,duplicate,2
MS-PS1,MS-PS1-6,conceptual,Why does a hand warmer get hot when you open the package and expose it to air?,duplicate,2
MS-PS1,MS-PS1-2,applied,"If you mix baking soda and vinegar in a cup, bubbles form and the mixture gets slightly cooler. Does this mean a chemical reaction happened? How can you tell?",duplicate,2
MS-PS1,MS-PS1-2,applied,"If you dissolve sugar into a glass of water, the sugar seems to disappear and the water tastes sweet. Did a chemical reaction take place?",duplicate,2
MS-PS1,MS-PS1-2,applied,Milk left out of the refrigerator for two days starts to smell sour and curdle. Does this mean the milk has gone through a chemical reaction?,duplicate,2
MS-PS1,MS-PS1-2,applied,You mix bleach with a colored stain on a shirt and the color disappears. Is this evidence of a chemical reaction or just the stain being washed away?,duplicate,2
MS-PS1,MS-PS1-6,applied,"When you squeeze an instant cold pack from a first aid kit, it gets cold right away. What type of chemical reaction is happening inside, and what is it doing to the thermal energy around it?",duplicate,2
MS-PS1,MS-PS1-6,applied,"A hand warmer packet heats up after you open it and shake it. What type of chemical reaction causes this, and what happens to the thermal energy produced?",duplicate,2
MS-PS2,MS-PS2-1,recall,What is momentum?,duplicate,2
MS-PS2,MS-PS2-2,recall,What is inertia?,duplicate,2
MS-PS2,MS-PS2-2,applied,"If you push an empty shopping cart and a full shopping cart with the exact same force, which one speeds up faster and why?",duplicate,2
MS-PS3,MS-PS3-1,recall,What unit is used to measure kinetic energy?,duplicate,2
MS-PS3,MS-PS3-2,recall,What type of potential energy is stored in a stretched rubber band?,duplicate,2
MS-PS3,MS-PS3-4,recall,What is thermal energy?,duplicate,2
MS-PS3,MS-PS3-4,recall,What does it mean when two objects reach thermal equilibrium?,duplicate,2
MS-PS3,MS-PS3-5,recall,What is energy transfer?,duplicate,2
MS-PS3,MS-PS3-4,conceptual,Why does the temperature of a substance rise when you add heat energy to it?,duplicate,2
MS-PS4,MS-PS4-1,recall,How does the amplitude of a wave relate to its energy?,duplicate,2
MS-PS4,MS-PS4-1,recall,What is the difference between a transverse wave and a longitudinal wave?,duplicate,2
MS-PS4,MS-PS4-2,recall,What does it mean when a wave is transmitted through a material?,duplicate,2
MS-PS4,MS-PS4-2,recall,What happens to a wave's energy when it is absorbed by a material?,duplicate,2
MS-PS4,MS-PS4-3,recall,What is an analog signal?,duplicate,2
MS-PS4,MS-PS4-3,recall,What is a digital signal?,duplicate,2
MS-PS4,MS-PS4-1,conceptual,Why does a wave's amplitude decrease as the wave travels farther away from its source?,duplicate,2
MS-PS4,MS-PS4-1,conceptual,How does the amplitude of a light wave relate to how bright the light looks to your eyes?,duplicate,2
MS-PS4,MS-PS4-2,conceptual,Why can radio waves pass through the walls of your house but visible light cannot?,duplicate,2
MS-LS1,MS-LS1-2,recall,What is the difference between a plant cell and an animal cell?,duplicate,2
MS-LS1,MS-LS1-4,recall,What is a courtship behavior in animals?,duplicate,2
MS-LS1,MS-LS1-8,recall,What is a sensory receptor?,duplicate,2
MS-LS2,MS-LS2-1,recall,What is a limiting resource in an ecosystem?,duplicate,2
MS-LS2,MS-LS2-2,recall,What is parasitism?,duplicate,2
MS-LS2,MS-LS2-3,recall,What does 'cycling of matter' mean in an ecosystem?,duplicate,2
MS-LS2,MS-LS2-4,recall,What is a limiting factor in an ecosystem?,duplicate,2
MS-LS2,MS-LS2-4,recall,What does the term 'carrying capacity' mean?,duplicate,2
MS-LS2,MS-LS2-4,recall,What is a biotic factor in an ecosystem?,duplicate,2
MS-LS2,MS-LS2-5,recall,What is an invasive species?,duplicate,2
MS-LS2,MS-LS2-5,recall,What is a wildlife corridor?,duplicate,2
MS-LS2,MS-LS2-3,conceptual,How do decomposers help matter cycle through an ecosystem?,duplicate,2
MS-LS2,MS-LS2-3,applied,"If all the plants in a pond died, what would eventually happen to the fish that live there?",duplicate,2
MS-LS3,MS-LS3-1,recall,What is a harmful mutation?,duplicate,2
MS-LS3,MS-LS3-1,recall,What is a neutral mutation?,duplicate,2
MS-LS3,MS-LS3-1,recall,How many chromosomes do human body cells normally have?,duplicate,2
MS-LS3,MS-LS3-2,recall,What are chromosomes?,duplicate,2
MS-LS3,MS-LS3-1,conceptual,How does a mutation end up being harmful to an organism?,duplicate,2
MS-LS3,MS-LS3-1,conceptual,How does a mutation on a chromosome get passed down to an organism's offspring?,duplicate,2
MS-LS3,MS-LS3-1,conceptual,Why can a mutation affect both the structure and the function of an organism?,duplicate,2
MS-LS3,MS-LS3-2,conceptual,How does the random sorting of chromosomes during meiosis act like shuffling a deck of cards?,duplicate,2
MS-LS3,MS-LS3-2,applied,"A strawberry plant sends out a runner that grows into a new plant nearby. Will the new plant have the same genetic information as the original plant, or will it be different?",duplicate,2
MS-LS4,MS-LS4-2,recall,What is a homologous structure?,duplicate,2
MS-LS4,MS-LS4-3,recall,"What are gill slits, and in which types of animal embryos do they appear?",duplicate,2
MS-LS4,MS-LS4-3,recall,What is a vestigial structure?,duplicate,2
MS-LS4,MS-LS4-4,recall,What does the term 'natural selection' mean?,duplicate,2
MS-LS4,MS-LS4-5,recall,What is selective breeding?,duplicate,2
MS-LS4,MS-LS4-6,recall,What does the term 'fitness' mean in biology?,duplicate,2
MS-ESS1,MS-ESS1-1,recall,During which season is the Northern Hemisphere tilted toward the Sun?,duplicate,2
MS-ESS1,MS-ESS1-2,recall,How does the mass of an object affect its gravitational pull?,duplicate,2
MS-ESS1,MS-ESS1-2,recall,What holds the stars in a galaxy together?,duplicate,2
MS-ESS1,MS-ESS1-2,recall,What happens to the strength of gravity as the distance between two objects increases?,duplicate,2
MS-ESS2,MS-ESS2-2,recall,What is weathering?,duplicate,2
MS-ESS2,MS-ESS2-6,recall,What is the Coriolis effect?,duplicate,2
MS-ESS3,MS-ESS3-3,recall,What is an indicator species?,duplicate,2
MS-ESS3,MS-ESS3-4,recall,What does 'per-capita consumption' mean?,duplicate,2
MS-ESS3,MS-ESS3-5,recall,"What is methane, and why does it matter for global temperatures?",duplicate,2
MS-ESS3,MS-ESS3-1,conceptual,Why is groundwater more plentiful in some regions than others?,duplicate,2
MS-ESS3,MS-ESS3-3,conceptual,Why does planting trees along riverbanks help reduce water pollution from nearby farms?,duplicate,2
MS-ESS3,MS-ESS3-1,applied,"A farmer in a dry region wants to drill a well for drinking water. Geologists find a thick layer of porous sandstone trapped between two layers of solid, non-porous clay underground. Should the farmer expect to find usable groundwater there? Why?",duplicate,2
MS-ETS1,MS-ETS1-1,recall,What are 'constraints' in an engineering design problem?,duplicate,2
MS-ETS1,MS-ETS1-1,recall,What is a 'trade-off' in engineering design?,duplicate,2
MS-ETS1,MS-ETS1-2,recall,What is a 'constraint' in an engineering design problem?,duplicate,2
MS-ETS1,MS-ETS1-3,recall,What are constraints in an engineering design problem?,duplicate,2
MS-ETS1,MS-ETS1-3,conceptual,Why is it useful to test multiple design solutions instead of just one?,duplicate,2
MS-ETS1,MS-ETS1-4,conceptual,Why do engineers test a model of their design instead of building the real thing right away?,duplicate,2
MS-PS1,MS-PS1-1,recall,What is a molecule?,fk_grade=3.7_out_of_band,3
MS-PS1,MS-PS1-1,recall,What is an atom?,fk_grade=0.7_out_of_band,3
MS-PS1,MS-PS1-3,recall,What is a synthetic material?,fk_grade=10.0_out_of_band,3
MS-PS1,MS-PS1-3,recall,"What is nylon, and what natural resource is it made from?",fk_grade=4.8_out_of_band,3
MS-PS1,MS-PS1-3,recall,What does the word 'synthetic' mean in science?,fk_grade=3.8_out_of_band,3
MS-PS1,MS-PS1-3,recall,What is one example of a natural resource that is used to make synthetic materials?,fk_grade=9.9_out_of_band,3
MS-PS1,MS-PS1-4,recall,What are the three common states of matter?,fk_grade=2.3_out_of_band,3
MS-PS1,MS-PS1-4,recall,What happens to the motion of particles in a substance when thermal energy is added to it?,fk_grade=9.1_out_of_band,3
MS-PS1,MS-PS1-4,recall,What is the difference between temperature and thermal energy?,fk_grade=10.2_out_of_band,3
MS-PS1,MS-PS1-5,recall,What is the law of conservation of mass?,fk_grade=3.8_out_of_band,3
MS-PS1,MS-PS1-5,recall,What are reactants in a chemical reaction?,fk_grade=9.1_out_of_band,3
MS-PS1,MS-PS1-5,recall,Who is credited with discovering the law of conservation of mass?,fk_grade=9.1_out_of_band,3
MS-PS1,MS-PS1-6,recall,What is an exothermic reaction?,fk_grade=10.0_out_of_band,3
MS-PS1,MS-PS1-6,recall,What is an endothermic reaction?,fk_grade=10.0_out_of_band,3
MS-PS1,MS-PS1-6,recall,What is a chemical change?,fk_grade=2.9_out_of_band,3
MS-PS1,MS-PS1-1,conceptual,Why do atoms bond together to form molecules instead of just floating around as separate atoms?,fk_grade=10.6_out_of_band,3
MS-PS1,MS-PS1-1,conceptual,Why does the formula H2O tell us there are two hydrogen atoms but only one oxygen atom in water?,fk_grade=9.8_out_of_band,3
MS-PS1,MS-PS1-1,conceptual,Why do carbon dioxide (CO2) and water (H2O) have completely different properties even though they both contain oxygen?,fk_grade=12.4_out_of_band,3
MS-PS1,MS-PS1-1,conceptual,Why is hydrogen peroxide (H2O2) a different substance from water (H2O) if they are both made of just hydrogen and oxygen?,fk_grade=11.1_out_of_band,3
MS-PS1,MS-PS1-1,conceptual,"Why do some elements, like oxygen (O2) and nitrogen (N2), exist as two atoms bonded together in nature instead of as single atoms?",fk_grade=12.9_out_of_band,3
MS-PS1,MS-PS1-1,conceptual,"Why do salt crystals have a regular, repeating cube-like shape all the way down to the atomic level?",fk_grade=9.1_out_of_band,3
MS-PS1,MS-PS1-1,conceptual,Why do metals form large extended structures instead of small individual molecules like water does?,fk_grade=11.5_out_of_band,3
MS-PS1,MS-PS1-1,conceptual,Why do scientists use models to represent atoms and molecules instead of just looking at them directly?,fk_grade=11.2_out_of_band,3
MS-PS1,MS-PS1-1,conceptual,"Why do scientists use different types of molecular models, like space-filling models versus ball-and-stick models, to show the same molecule?",fk_grade=14.0_out_of_band,3
MS-PS1,MS-PS1-4,conceptual,Why does a solid melt when you heat it up?,fk_grade=1.3_out_of_band,3
MS-PS1,MS-PS1-4,conceptual,"Why do particles in a liquid move more freely than particles in a solid, even though both are made of the same material?",fk_grade=10.8_out_of_band,3
MS-PS1,MS-PS1-5,conceptual,Why do scientists say atoms are 'rearranged' in a chemical reaction instead of 'destroyed'?,fk_grade=10.9_out_of_band,3
MS-PS1,MS-PS1-5,conceptual,How does knowing that atoms are conserved help scientists predict the mass of products in a reaction?,fk_grade=9.1_out_of_band,3
MS-PS1,MS-PS1-5,conceptual,Why does a sealed container of reacting chemicals have the same mass before and after the reaction?,fk_grade=9.8_out_of_band,3
MS-PS1,MS-PS1-6,conceptual,Why does a hand warmer feel hot when you activate it?,fk_grade=3.7_out_of_band,3
MS-PS1,MS-PS1-6,conceptual,How does a cold pack lower the temperature when you squeeze it?,fk_grade=3.8_out_of_band,3
MS-PS1,MS-PS1-6,conceptual,Why is it important to test and modify a chemical heating or cooling device instead of just building it once?,fk_grade=10.5_out_of_band,3
MS-PS1,MS-PS1-6,conceptual,How does changing the amount of reactants in a chemical hand warmer affect how much heat it produces?,fk_grade=9.8_out_of_band,3
MS-PS1,MS-PS1-2,applied,You mix baking soda and vinegar in a cup and the mixture bubbles and fizzes rapidly. Does this mean a chemical reaction took place? How can you tell?,fk_grade=4.9_out_of_band,3
MS-PS1,MS-PS1-3,applied,"A factory makes plastic water bottles using petroleum (crude oil) as the starting material. If petroleum supplies ran out completely, what would happen to the production of those plastic bottles?",fk_grade=11.5_out_of_band,3
MS-PS1,MS-PS1-3,applied,A clothing company switches from making jackets out of cotton to making them out of polyester (a synthetic fabric). How does this change what natural resource is needed to produce the jackets?,fk_grade=9.8_out_of_band,3
MS-PS1,MS-PS1-4,applied,"When you put a pot of liquid water in the freezer, what happens to the water's particles that causes it to turn into ice?",fk_grade=10.0_out_of_band,3
MS-PS1,MS-PS1-6,applied,"If you mix the chemicals inside a hand warmer packet and it gets hot enough to warm your fingers, is that an exothermic or endothermic reaction, and how do you know?",fk_grade=14.0_out_of_band,3
MS-PS1,MS-PS1-6,applied,"If you are designing a device to keep a beverage warm using a chemical reaction, would you want the reaction inside to be exothermic or endothermic, and why?",fk_grade=15.1_out_of_band,3
MS-PS2,MS-PS2-1,recall,What does Newton's Third Law of Motion say?,fk_grade=2.3_out_of_band,3
MS-PS2,MS-PS2-1,recall,What is a force pair in Newton's Third Law?,fk_grade=1.0_out_of_band,3
MS-PS2,MS-PS2-1,recall,What does the word 'collision' mean in science?,fk_grade=3.8_out_of_band,3
MS-PS2,MS-PS2-1,recall,"In a collision between two objects, does the heavier object always exert a larger force on the lighter object?",fk_grade=11.1_out_of_band,3
MS-PS2,MS-PS2-2,recall,What is net force?,fk_grade=-2.2_out_of_band,3
MS-PS2,MS-PS2-2,recall,What is Newton's Second Law of Motion?,fk_grade=4.0_out_of_band,3
MS-PS2,MS-PS2-2,recall,What does 'inertia' mean?,fk_grade=3.7_out_of_band,3
MS-PS2,MS-PS2-2,recall,What are balanced forces?,fk_grade=3.7_out_of_band,3
MS-PS2,MS-PS2-2,recall,What is acceleration?,fk_grade=13.1_out_of_band,3
MS-PS2,MS-PS2-3,recall,What is a magnetic field?,fk_grade=2.9_out_of_band,3
MS-PS2,MS-PS2-3,recall,What is an electric force?,fk_grade=2.9_out_of_band,3
MS-PS2,MS-PS2-3,recall,What does it mean for an object to have an electric charge?,fk_grade=3.8_out_of_band,3
MS-PS2,MS-PS2-3,recall,What are the two poles of a magnet called?,fk_grade=1.0_out_of_band,3
MS-PS2,MS-PS2-5,recall,What is a force field in science?,fk_grade=0.6_out_of_band,3
MS-PS2,MS-PS2-5,recall,What is a magnetic field?,fk_grade=2.9_out_of_band,3
MS-PS2,MS-PS2-5,recall,What does the term 'non-contact force' mean?,fk_grade=2.3_out_of_band,3
MS-PS2,MS-PS2-5,recall,What is an electric field?,fk_grade=2.9_out_of_band,3
MS-PS2,MS-PS2-4,conceptual,Why does gravity always pull objects toward each other instead of pushing them apart?,fk_grade=9.3_out_of_band,3
MS-PS2,MS-PS2-1,applied,"If a small car and a large truck collide head-on, which vehicle experiences a greater force from the crash?",fk_grade=9.2_out_of_band,3
MS-PS2,MS-PS2-3,applied,"If you double the number of coils of wire wrapped around an iron nail when making an electromagnet, what do you think will happen to its ability to pick up paper clips?",fk_grade=14.2_out_of_band,3
MS-PS2,MS-PS2-5,applied,"If you hold the north end of one magnet close to the north end of another magnet without letting them touch, what happens, and what is pushing them apart?",fk_grade=11.2_out_of_band,3
MS-PS2,MS-PS2-5,applied,"If you rub a balloon on your hair and then slowly bring it close to a small pile of paper scraps without touching them, what do you predict will happen and why?",fk_grade=11.3_out_of_band,3
MS-PS2,MS-PS2-5,applied,"A skydiver jumps from a plane and immediately starts falling toward Earth before opening a parachute. Since nothing is physically touching the skydiver and pulling them down, what is causing them to fall?",fk_grade=10.5_out_of_band,3
MS-PS3,MS-PS3-1,recall,What is kinetic energy?,fk_grade=9.6_out_of_band,3
MS-PS3,MS-PS3-1,recall,What is the formula for kinetic energy?,fk_grade=9.1_out_of_band,3
MS-PS3,MS-PS3-1,recall,What are the two factors that determine how much kinetic energy a moving object has?,fk_grade=9.1_out_of_band,3
MS-PS3,MS-PS3-2,recall,What is potential energy?,fk_grade=9.6_out_of_band,3
MS-PS3,MS-PS3-2,recall,What is gravitational potential energy?,fk_grade=17.0_out_of_band,3
MS-PS3,MS-PS3-2,recall,What does it mean for objects to 'interact at a distance'?,fk_grade=4.8_out_of_band,3
MS-PS3,MS-PS3-2,recall,Name two examples of forces that can act at a distance.,fk_grade=4.8_out_of_band,3
MS-PS3,MS-PS3-2,recall,What happens to the gravitational potential energy stored in a system when an object is moved to a greater height?,fk_grade=11.1_out_of_band,3
MS-PS3,MS-PS3-2,recall,What is elastic potential energy?,fk_grade=12.3_out_of_band,3
MS-PS3,MS-PS3-2,recall,"In science, what is a 'system'?",fk_grade=2.5_out_of_band,3
MS-PS3,MS-PS3-2,recall,"In science, what is a model?",fk_grade=2.5_out_of_band,3
MS-PS3,MS-PS3-4,recall,What is temperature a measure of?,fk_grade=4.5_out_of_band,3
MS-PS3,MS-PS3-4,recall,What is heat transfer?,fk_grade=0.7_out_of_band,3
MS-PS3,MS-PS3-4,recall,What is specific heat capacity?,fk_grade=10.0_out_of_band,3
MS-PS3,MS-PS3-4,recall,What is kinetic energy?,fk_grade=9.6_out_of_band,3
MS-PS3,MS-PS3-4,recall,"If two objects are made of the same material but one has more mass, which one requires more energy to heat up by the same amount?",fk_grade=10.4_out_of_band,3
MS-PS3,MS-PS3-5,recall,What is kinetic energy?,fk_grade=9.6_out_of_band,3
MS-PS3,MS-PS3-5,recall,What does it mean to transfer energy?,fk_grade=4.0_out_of_band,3
MS-PS3,MS-PS3-5,recall,What is the formula used to calculate kinetic energy?,fk_grade=10.2_out_of_band,3
MS-PS3,MS-PS3-1,conceptual,Why does a heavier object moving at the same speed as a lighter object have more kinetic energy?,fk_grade=9.8_out_of_band,3
MS-PS3,MS-PS3-1,conceptual,Why does doubling the speed of an object increase its kinetic energy more than doubling its mass does?,fk_grade=9.8_out_of_band,3
MS-PS3,MS-PS3-1,conceptual,Why does a slow-moving boulder have more kinetic energy than a fast-moving tennis ball?,fk_grade=10.1_out_of_band,3
MS-PS3,MS-PS3-1,conceptual,"Why does a car's kinetic energy keep increasing as it speeds up on the highway, even if the mass stays the same?",fk_grade=9.1_out_of_band,3
MS-PS3,MS-PS3-4,conceptual,"Why do some materials, like metal, feel hotter than others, like wood, even when they are the same temperature?",fk_grade=9.2_out_of_band,3
MS-PS3,MS-PS3-5,conceptual,Why does a moving bowling ball slow down after it hits the pins?,fk_grade=4.0_out_of_band,3
MS-PS3,MS-PS3-1,applied,"A bowling ball and a tennis ball are rolling toward you at the same speed. Which one has more kinetic energy, and why?",fk_grade=4.8_out_of_band,3
MS-PS3,MS-PS3-1,applied,"If a skateboarder doubles her speed going down a ramp, what happens to her kinetic energy?",fk_grade=9.1_out_of_band,3
MS-PS3,MS-PS3-4,applied,"If you heat equal masses of water and cooking oil on the stove using the same burner for the same amount of time, which one will reach a higher temperature?",fk_grade=11.8_out_of_band,3
MS-PS4,MS-PS4-1,recall,What is the amplitude of a wave?,fk_grade=2.3_out_of_band,3
MS-PS4,MS-PS4-1,recall,What is wavelength?,fk_grade=1.3_out_of_band,3
MS-PS4,MS-PS4-1,recall,What is the frequency of a wave?,fk_grade=2.3_out_of_band,3
MS-PS4,MS-PS4-1,recall,What is a transverse wave?,fk_grade=0.5_out_of_band,3
MS-PS4,MS-PS4-1,recall,What is the period of a wave?,fk_grade=2.3_out_of_band,3
MS-PS4,MS-PS4-2,recall,What does it mean when a wave is reflected?,fk_grade=2.3_out_of_band,3
MS-PS4,MS-PS4-2,recall,What does it mean when a wave is absorbed by a material?,fk_grade=4.8_out_of_band,3
MS-PS4,MS-PS4-2,recall,What happens to light waves when they strike a mirror?,fk_grade=2.5_out_of_band,3
MS-PS4,MS-PS4-2,recall,What is the law of reflection?,fk_grade=2.5_out_of_band,3
MS-PS4,MS-PS4-2,recall,"What is a medium, as it relates to waves?",fk_grade=3.7_out_of_band,3
MS-PS4,MS-PS4-3,recall,What does it mean to 'digitize' a signal?,fk_grade=3.8_out_of_band,3
MS-PS4,MS-PS4-3,recall,What is 'noise' in the context of signal transmission?,fk_grade=5.0_out_of_band,3
MS-PS4,MS-PS4-3,recall,Why are digital signals less affected by noise than analog signals?,fk_grade=9.1_out_of_band,3
MS-PS4,MS-PS4-3,recall,What are the two values used to represent information in a digital signal?,fk_grade=9.4_out_of_band,3
MS-PS4,MS-PS4-3,recall,What is a pixel?,fk_grade=0.7_out_of_band,3
MS-PS4,MS-PS4-3,recall,What does 'binary' mean?,fk_grade=3.7_out_of_band,3
MS-PS4,MS-PS4-3,recall,What is one example of a technology that transmits information using digital signals?,fk_grade=13.1_out_of_band,3
MS-PS4,MS-PS4-1,conceptual,Why does a loud sound hurt your ears but a quiet sound does not?,fk_grade=2.5_out_of_band,3
MS-PS4,MS-PS4-1,conceptual,Why does a big ocean wave knock you down while a small ripple does not?,fk_grade=3.6_out_of_band,3
MS-PS4,MS-PS4-1,conceptual,Why is it important for engineers to know that higher-amplitude waves carry more energy when designing buildings in earthquake zones?,fk_grade=12.9_out_of_band,3
MS-PS4,MS-PS4-2,conceptual,Why does a mirror reflect light instead of letting it pass through?,fk_grade=4.8_out_of_band,3
MS-PS4,MS-PS4-2,conceptual,Why can you see through glass but not through a wooden door?,fk_grade=1.9_out_of_band,3
MS-PS4,MS-PS4-2,conceptual,Why does a dark-colored shirt make you feel hotter in the sun than a white shirt?,fk_grade=4.7_out_of_band,3
MS-PS4,MS-PS4-2,conceptual,"Why does a smooth, hard floor reflect sound and make a room feel echoey, while carpet does not?",fk_grade=4.5_out_of_band,3
MS-PS4,MS-PS4-2,conceptual,Why does a thin piece of tissue paper let light through while a thick book does not?,fk_grade=4.2_out_of_band,3
MS-PS4,MS-PS4-3,conceptual,Why are digital signals less affected by noise than analog signals?,fk_grade=9.1_out_of_band,3
MS-PS4,MS-PS4-3,conceptual,"Why does an analog signal get worse the farther it travels, while a digital signal stays accurate?",fk_grade=9.8_out_of_band,3
MS-PS4,MS-PS4-3,conceptual,How does converting sound into a digital signal help preserve the quality of a music recording?,fk_grade=11.3_out_of_band,3
MS-PS4,MS-PS4-3,conceptual,"Why can digital signals be copied perfectly, while analog copies always lose some quality?",fk_grade=11.8_out_of_band,3
MS-PS4,MS-PS4-3,conceptual,How does error-checking work in digital signals to make sure the information received is correct?,fk_grade=9.9_out_of_band,3
MS-PS4,MS-PS4-3,conceptual,Why is it easier to store digital information than analog information?,fk_grade=13.4_out_of_band,3
MS-PS4,MS-PS4-3,conceptual,How does sampling rate affect how accurately a digital signal represents the original analog signal?,fk_grade=14.6_out_of_band,3
MS-PS4,MS-PS4-3,conceptual,Why do radio stations that broadcast digitally sound clearer than those broadcasting on traditional analog frequencies?,fk_grade=15.0_out_of_band,3
MS-PS4,MS-PS4-3,conceptual,How does using binary code (0s and 1s) make it easier for machines to process and transmit information reliably?,fk_grade=12.3_out_of_band,3
MS-PS4,MS-PS4-3,conceptual,Why does interference from other electronic devices cause more problems for analog signals than for digital signals?,fk_grade=13.9_out_of_band,3
MS-PS4,MS-PS4-2,applied,Why does a microwave oven heat food inside a closed metal box without the microwaves escaping into the kitchen?,fk_grade=11.1_out_of_band,3
MS-PS4,MS-PS4-2,applied,"Why can you hear someone talking in the next room even when the door is closed, but you can barely hear them when there is a thick concrete wall between you?",fk_grade=10.6_out_of_band,3
MS-PS4,MS-PS4-3,applied,"If you copy a digital music file from one computer to another 10 times in a row, how will the sound quality of the final copy compare to the original?",fk_grade=14.2_out_of_band,3
MS-PS4,MS-PS4-3,applied,"When your grandparents describe how old vinyl records would get scratchy and distorted after being played many times, what does that tell you about analog signals compared to digital audio files?",fk_grade=15.9_out_of_band,3
MS-PS4,MS-PS4-3,applied,"A photographer takes the same picture with a film camera and a digital camera, then both images are sent across the country. Which image is more likely to arrive looking exactly like the original, and why?",fk_grade=10.8_out_of_band,3
MS-LS1,MS-LS1-1,recall,What is a cell?,fk_grade=-2.2_out_of_band,3
MS-LS1,MS-LS1-1,recall,What is the name for an organism made of only one cell?,fk_grade=4.8_out_of_band,3
MS-LS1,MS-LS1-1,recall,What do we call an organism that is made of many cells?,fk_grade=4.8_out_of_band,3
MS-LS1,MS-LS1-1,recall,What is the cell theory?,fk_grade=0.5_out_of_band,3
MS-LS1,MS-LS1-2,recall,What is the cell membrane?,fk_grade=0.5_out_of_band,3
MS-LS1,MS-LS1-2,recall,What does the nucleus do in a cell?,fk_grade=2.3_out_of_band,3
MS-LS1,MS-LS1-2,recall,What is a cell organelle?,fk_grade=0.5_out_of_band,3
MS-LS1,MS-LS1-2,recall,What is the function of the cell wall in a plant cell?,fk_grade=1.9_out_of_band,3
MS-LS1,MS-LS1-3,recall,What is a tissue?,fk_grade=0.7_out_of_band,3
MS-LS1,MS-LS1-3,recall,What is an organ system?,fk_grade=2.9_out_of_band,3
MS-LS1,MS-LS1-3,recall,What is the smallest unit of organization in the human body?,fk_grade=9.1_out_of_band,3
MS-LS1,MS-LS1-3,recall,What is an organ?,fk_grade=0.7_out_of_band,3
MS-LS1,MS-LS1-4,recall,What is pollination?,fk_grade=9.2_out_of_band,3
MS-LS1,MS-LS1-4,recall,What is seed dispersal?,fk_grade=3.7_out_of_band,3
MS-LS1,MS-LS1-5,recall,What does the word 'nutrient' mean in science?,fk_grade=3.8_out_of_band,3
MS-LS1,MS-LS1-6,recall,What is photosynthesis?,fk_grade=13.1_out_of_band,3
MS-LS1,MS-LS1-6,recall,What are the raw materials (reactants) a plant needs to carry out photosynthesis?,fk_grade=10.4_out_of_band,3
MS-LS1,MS-LS1-6,recall,In which part of a plant cell does photosynthesis take place?,fk_grade=4.8_out_of_band,3
MS-LS1,MS-LS1-7,recall,What is cellular respiration?,fk_grade=12.5_out_of_band,3
MS-LS1,MS-LS1-7,recall,What are the building blocks that make up proteins in the body?,fk_grade=3.8_out_of_band,3
MS-LS1,MS-LS1-7,recall,What do we call the molecules that speed up chemical reactions in the body without being used up themselves?,fk_grade=9.8_out_of_band,3
MS-LS1,MS-LS1-8,recall,What is a stimulus?,fk_grade=3.7_out_of_band,3
MS-LS1,MS-LS1-2,conceptual,Why does the cell membrane need to control what enters and leaves the cell?,fk_grade=4.2_out_of_band,3
MS-LS1,MS-LS1-2,conceptual,How does the nucleus act like a control center for the cell?,fk_grade=4.8_out_of_band,3
MS-LS1,MS-LS1-2,conceptual,Why do plant cells have chloroplasts but animal cells do not?,fk_grade=4.8_out_of_band,3
MS-LS1,MS-LS1-3,conceptual,How does the digestive system working together with the circulatory system help keep your body's cells alive?,fk_grade=11.9_out_of_band,3
MS-LS1,MS-LS1-6,conceptual,Why do plants need sunlight to make their own food?,fk_grade=1.3_out_of_band,3
MS-LS1,MS-LS1-8,conceptual,"Why do your eyes automatically blink when something flies toward your face, even before you decide to blink?",fk_grade=9.1_out_of_band,3
MS-LS1,MS-LS1-8,conceptual,How does your brain turn information from your senses into a memory you can recall later?,fk_grade=9.1_out_of_band,3
MS-LS1,MS-LS1-6,applied,"A farmer wants her crops to grow faster, so she adds extra carbon dioxide to her greenhouse. Why would that help the plants grow more?",fk_grade=4.4_out_of_band,3
MS-LS2,MS-LS2-1,recall,What is a population in ecology?,fk_grade=10.4_out_of_band,3
MS-LS2,MS-LS2-2,recall,What is a predator-prey relationship?,fk_grade=10.0_out_of_band,3
MS-LS2,MS-LS2-2,recall,What is mutualism?,fk_grade=13.1_out_of_band,3
MS-LS2,MS-LS2-2,recall,What is commensalism?,fk_grade=9.2_out_of_band,3
MS-LS2,MS-LS2-2,recall,What is a symbiotic relationship?,fk_grade=12.3_out_of_band,3
MS-LS2,MS-LS2-3,recall,What is the difference between a food chain and a food web?,fk_grade=3.8_out_of_band,3
MS-LS2,MS-LS2-3,recall,What does the term 'trophic level' mean?,fk_grade=2.3_out_of_band,3
MS-LS2,MS-LS2-4,recall,What is a population in an ecosystem?,fk_grade=9.1_out_of_band,3
MS-LS2,MS-LS2-4,recall,What is carrying capacity?,fk_grade=12.5_out_of_band,3
MS-LS2,MS-LS2-4,recall,What is a keystone species?,fk_grade=2.9_out_of_band,3
MS-LS2,MS-LS2-4,recall,What does empirical evidence mean in science?,fk_grade=9.1_out_of_band,3
MS-LS2,MS-LS2-5,recall,What is biodiversity?,fk_grade=17.0_out_of_band,3
MS-LS2,MS-LS2-5,recall,What are ecosystem services?,fk_grade=12.5_out_of_band,3
MS-LS2,MS-LS2-5,recall,What is a keystone species?,fk_grade=2.9_out_of_band,3
MS-LS2,MS-LS2-5,recall,What is a seed bank?,fk_grade=-1.8_out_of_band,3
MS-LS2,MS-LS2-5,recall,What does the term 'invasive species' mean?,fk_grade=4.0_out_of_band,3
MS-LS2,MS-LS2-5,recall,What is a captive breeding program?,fk_grade=4.5_out_of_band,3
MS-LS2,MS-LS2-5,recall,What is a protected area (such as a nature reserve or national park) designed to do for ecosystems?,fk_grade=11.1_out_of_band,3
MS-LS2,MS-LS2-1,conceptual,Why do plants grow taller and faster when they get more sunlight?,fk_grade=3.8_out_of_band,3
MS-LS2,MS-LS2-2,conceptual,Why do ecosystems with more biodiversity tend to recover more quickly after a disturbance like a fire or drought?,fk_grade=12.9_out_of_band,3
MS-LS2,MS-LS2-2,conceptual,"How does removing a top predator, like wolves, change the interactions among other organisms in an ecosystem?",fk_grade=13.3_out_of_band,3
MS-LS2,MS-LS2-4,conceptual,Why does removing a top predator from an ecosystem cause the populations of other animals to change?,fk_grade=11.9_out_of_band,3
MS-LS2,MS-LS2-4,conceptual,How does a drought affect the populations of animals living in an ecosystem?,fk_grade=10.4_out_of_band,3
MS-LS2,MS-LS2-2,applied,"If wolves are removed from a forest ecosystem, what would most likely happen to the deer population and then to the plants the deer eat?",fk_grade=10.7_out_of_band,3
MS-LS2,MS-LS2-3,applied,"If all the decomposers like bacteria and fungi were removed from a forest ecosystem, what would happen to the nutrients in dead leaves and fallen trees over time?",fk_grade=13.9_out_of_band,3
MS-LS3,MS-LS3-1,recall,What is a gene?,fk_grade=-2.2_out_of_band,3
MS-LS3,MS-LS3-1,recall,What is a mutation?,fk_grade=3.7_out_of_band,3
MS-LS3,MS-LS3-1,recall,What is a protein?,fk_grade=0.7_out_of_band,3
MS-LS3,MS-LS3-1,recall,What molecule carries the instructions for making proteins?,fk_grade=9.7_out_of_band,3
MS-LS3,MS-LS3-1,recall,What does it mean when a mutation is described as harmful?,fk_grade=4.8_out_of_band,3
MS-LS3,MS-LS3-1,recall,What does it mean when a mutation is described as neutral?,fk_grade=4.8_out_of_band,3
MS-LS3,MS-LS3-1,recall,What is a beneficial mutation?,fk_grade=10.0_out_of_band,3
MS-LS3,MS-LS3-2,recall,What is asexual reproduction?,fk_grade=15.5_out_of_band,3
MS-LS3,MS-LS3-2,recall,What is sexual reproduction?,fk_grade=12.5_out_of_band,3
MS-LS3,MS-LS3-2,recall,What is a gene?,fk_grade=-2.2_out_of_band,3
MS-LS3,MS-LS3-2,recall,What is a gamete?,fk_grade=0.7_out_of_band,3
MS-LS3,MS-LS3-2,recall,What is fertilization?,fk_grade=13.1_out_of_band,3
MS-LS3,MS-LS3-2,recall,What is a clone?,fk_grade=-2.2_out_of_band,3
MS-LS3,MS-LS3-2,recall,What is genetic variation?,fk_grade=12.5_out_of_band,3
MS-LS3,MS-LS3-2,recall,What type of cell division produces identical copies of a cell?,fk_grade=9.1_out_of_band,3
MS-LS3,MS-LS3-2,recall,What is a zygote?,fk_grade=0.7_out_of_band,3
MS-LS3,MS-LS3-2,recall,Why do offspring from sexual reproduction look different from both parents?,fk_grade=10.2_out_of_band,3
MS-LS3,MS-LS3-2,recall,What is a mutation?,fk_grade=3.7_out_of_band,3
MS-LS3,MS-LS3-2,recall,How many parents are needed for asexual reproduction?,fk_grade=12.6_out_of_band,3
MS-LS3,MS-LS3-2,recall,What does the term 'identical genetic information' mean?,fk_grade=11.1_out_of_band,3
MS-LS3,MS-LS3-1,conceptual,How can a mutation in DNA end up being neutral — having no effect on the organism at all?,fk_grade=10.4_out_of_band,3
MS-LS3,MS-LS3-1,conceptual,How can a mutation be beneficial to an organism?,fk_grade=10.2_out_of_band,3
MS-LS3,MS-LS3-1,conceptual,Why do mutations that affect proteins in critical organs tend to be more harmful than mutations in less active cells?,fk_grade=10.5_out_of_band,3
MS-LS3,MS-LS3-1,conceptual,How does a mutation that adds or removes a single DNA base cause more damage than one that just swaps one base for another?,fk_grade=10.0_out_of_band,3
MS-LS3,MS-LS3-1,conceptual,Why are chromosomes important to understanding how mutations are passed on?,fk_grade=10.2_out_of_band,3
MS-LS3,MS-LS3-1,conceptual,How does a mutation that prevents a protein from being made at all differ in its effect from one that produces a slightly altered protein?,fk_grade=11.6_out_of_band,3
MS-LS3,MS-LS3-2,conceptual,Why do offspring from asexual reproduction have the exact same genetic information as their parent?,fk_grade=13.1_out_of_band,3
MS-LS3,MS-LS3-2,conceptual,Why does sexual reproduction produce offspring that are not identical to either parent?,fk_grade=12.2_out_of_band,3
MS-LS3,MS-LS3-2,conceptual,Why is genetic variation among offspring important for a species' survival?,fk_grade=13.4_out_of_band,3
MS-LS3,MS-LS3-2,conceptual,How does fertilization restore the full number of chromosomes in an organism?,fk_grade=11.7_out_of_band,3
MS-LS3,MS-LS3-2,conceptual,Why do identical twins have the same genetic information?,fk_grade=10.2_out_of_band,3
MS-LS3,MS-LS3-2,conceptual,How does a strawberry plant growing new plants from runners count as asexual reproduction?,fk_grade=10.1_out_of_band,3
MS-LS3,MS-LS3-2,conceptual,Why does a bacterium that reproduces by splitting in two produce offspring identical to itself?,fk_grade=12.3_out_of_band,3
MS-LS3,MS-LS3-2,conceptual,How does the random shuffling of chromosomes during meiosis lead to genetic variation?,fk_grade=12.2_out_of_band,3
MS-LS3,MS-LS3-2,conceptual,Why are cloned animals genetically identical to the animal they were cloned from?,fk_grade=10.4_out_of_band,3
MS-LS3,MS-LS3-2,conceptual,Why can sexual reproduction produce so many different combinations of traits in offspring?,fk_grade=13.1_out_of_band,3
MS-LS3,MS-LS3-2,conceptual,How does a hydra reproducing by budding result in offspring with identical DNA?,fk_grade=12.2_out_of_band,3
MS-LS3,MS-LS3-2,conceptual,How do chromosomes from two parents get passed to an offspring during sexual reproduction?,fk_grade=10.1_out_of_band,3
MS-LS3,MS-LS3-2,conceptual,Why does asexual reproduction produce offspring faster but with less genetic variety than sexual reproduction?,fk_grade=17.0_out_of_band,3
MS-LS3,MS-LS3-2,conceptual,How does crossing over during meiosis increase genetic variation in offspring?,fk_grade=13.4_out_of_band,3
MS-LS3,MS-LS3-2,conceptual,Why do offspring produced by sexual reproduction inherit traits from both parents instead of just one?,fk_grade=10.6_out_of_band,3
MS-LS3,MS-LS3-2,conceptual,Why might an organism that only reproduces asexually struggle to survive if its environment suddenly changes?,fk_grade=15.7_out_of_band,3
MS-LS3,MS-LS3-1,applied,"Sickle cell disease happens when a mutation changes one 'letter' in the gene for hemoglobin, the protein that carries oxygen in red blood cells. How does that tiny gene change end up affecting the shape of a person's red blood cells?",fk_grade=9.4_out_of_band,3
MS-LS4,MS-LS4-1,recall,What is a fossil?,fk_grade=0.7_out_of_band,3
MS-LS4,MS-LS4-1,recall,What does the word 'extinction' mean in science?,fk_grade=3.8_out_of_band,3
MS-LS4,MS-LS4-1,recall,What is the fossil record?,fk_grade=2.9_out_of_band,3
MS-LS4,MS-LS4-1,recall,What are index fossils?,fk_grade=3.7_out_of_band,3
MS-LS4,MS-LS4-1,recall,What does the principle of superposition say about rock layers and fossils?,fk_grade=9.7_out_of_band,3
MS-LS4,MS-LS4-1,recall,What is a paleontologist?,fk_grade=12.5_out_of_band,3
MS-LS4,MS-LS4-2,recall,What are homologous structures?,fk_grade=9.6_out_of_band,3
MS-LS4,MS-LS4-2,recall,What is a fossil?,fk_grade=0.7_out_of_band,3
MS-LS4,MS-LS4-3,recall,What is an embryo?,fk_grade=3.7_out_of_band,3
MS-LS4,MS-LS4-3,recall,What is embryology?,fk_grade=13.1_out_of_band,3
MS-LS4,MS-LS4-3,recall,What does it mean for two species to share a common ancestor?,fk_grade=4.8_out_of_band,3
MS-LS4,MS-LS4-3,recall,What is the term for body structures in different species that are similar because they were inherited from a shared ancestor?,fk_grade=11.7_out_of_band,3
MS-LS4,MS-LS4-3,recall,Why do scientists compare embryos of different species instead of just comparing fully grown adults?,fk_grade=12.3_out_of_band,3
MS-LS4,MS-LS4-4,recall,What is a genetic variation?,fk_grade=10.0_out_of_band,3
MS-LS4,MS-LS4-4,recall,What is a trait?,fk_grade=-2.2_out_of_band,3
MS-LS4,MS-LS4-4,recall,What does 'survival of the fittest' mean in science?,fk_grade=3.7_out_of_band,3
MS-LS4,MS-LS4-4,recall,What is a population in biology?,fk_grade=10.4_out_of_band,3
MS-LS4,MS-LS4-5,recall,What does the term 'GMO' stand for?,fk_grade=-1.1_out_of_band,3
MS-LS4,MS-LS4-5,recall,What is genetic engineering?,fk_grade=12.5_out_of_band,3
MS-LS4,MS-LS4-5,recall,What is CRISPR?,fk_grade=-2.6_out_of_band,3
MS-LS4,MS-LS4-5,recall,What is artificial insemination in the context of animal breeding?,fk_grade=13.1_out_of_band,3
MS-LS4,MS-LS4-6,recall,What is natural selection?,fk_grade=9.6_out_of_band,3
MS-LS4,MS-LS4-1,conceptual,Why do scientists use the fossil record to learn about organisms that no longer exist?,fk_grade=9.9_out_of_band,3
MS-LS4,MS-LS4-1,conceptual,How do scientists figure out approximately how old a fossil is?,fk_grade=9.1_out_of_band,3
MS-LS4,MS-LS4-1,conceptual,Why is the fossil record considered incomplete?,fk_grade=9.1_out_of_band,3
MS-LS4,MS-LS4-1,conceptual,How does the fossil record show that species have gone extinct?,fk_grade=4.8_out_of_band,3
MS-LS4,MS-LS4-1,conceptual,How can fossils show that life on Earth has changed over time?,fk_grade=2.9_out_of_band,3
MS-LS4,MS-LS4-1,conceptual,Why do some rock layers contain fossils of ocean animals even when found far inland or on mountains?,fk_grade=9.1_out_of_band,3
MS-LS4,MS-LS4-1,conceptual,How does the fossil record show biodiversity has changed throughout Earth's history?,fk_grade=10.7_out_of_band,3
MS-LS4,MS-LS4-1,conceptual,"How do trace fossils, like footprints or burrows, give scientists information about ancient life?",fk_grade=10.1_out_of_band,3
MS-LS4,MS-LS4-1,conceptual,Why is it important that the fossil record shows a progression from simpler to more complex organisms over time?,fk_grade=11.7_out_of_band,3
MS-LS4,MS-LS4-1,conceptual,How can fossils of very similar organisms found on different continents be explained?,fk_grade=12.2_out_of_band,3
MS-LS4,MS-LS4-1,conceptual,Why do transitional fossils matter for understanding the history of life?,fk_grade=11.2_out_of_band,3
MS-LS4,MS-LS4-1,conceptual,How does finding the same type of fossil in the same rock layer across different locations help scientists?,fk_grade=9.8_out_of_band,3
MS-LS4,MS-LS4-1,conceptual,Why do scientists look for patterns across many fossils rather than drawing conclusions from just one fossil?,fk_grade=10.5_out_of_band,3
MS-LS4,MS-LS4-1,conceptual,Why might certain environments preserve fossils better than others?,fk_grade=10.2_out_of_band,3
MS-LS4,MS-LS4-1,conceptual,How does the sudden appearance of many new species in the fossil record after an extinction event make sense?,fk_grade=10.5_out_of_band,3
MS-LS4,MS-LS4-1,conceptual,How does comparing the structure of fossil organisms to living organisms help scientists classify them?,fk_grade=13.9_out_of_band,3
MS-LS4,MS-LS4-2,conceptual,Why do scientists compare the bones in a human arm to the bones in a whale's flipper when studying evolution?,fk_grade=9.9_out_of_band,3
MS-LS4,MS-LS4-2,conceptual,Why do organisms that are closely related tend to look more similar to each other than organisms that are distantly related?,fk_grade=13.4_out_of_band,3
MS-LS4,MS-LS4-2,conceptual,How can fossils help scientists figure out how modern animals are related to each other?,fk_grade=9.9_out_of_band,3
MS-LS4,MS-LS4-2,conceptual,"Why do some animals that are not closely related, like sharks and dolphins, have similar body shapes?",fk_grade=9.1_out_of_band,3
MS-LS4,MS-LS4-2,conceptual,"How does having the same basic bone structure in very different limbs, like a bat's wing and a cat's paw, tell us those animals are related?",fk_grade=10.9_out_of_band,3
MS-LS4,MS-LS4-2,conceptual,Why might scientists think two animals are closely related if they find similar structures that no longer seem to have a useful function?,fk_grade=11.8_out_of_band,3
MS-LS4,MS-LS4-2,conceptual,How does comparing the anatomy of a fossil fish to a modern amphibian help explain how animals first moved onto land?,fk_grade=12.3_out_of_band,3
MS-LS4,MS-LS4-2,conceptual,"Why do scientists say that the more anatomical features two organisms share, the more recently they likely shared a common ancestor?",fk_grade=13.4_out_of_band,3
MS-LS4,MS-LS4-2,conceptual,"How can the presence of similar embryonic structures in fish, birds, and mammals tell us something about their evolutionary history?",fk_grade=14.0_out_of_band,3
MS-LS4,MS-LS4-2,conceptual,Why is it important to look at internal bone structure rather than just outward appearance when determining if two organisms are related?,fk_grade=13.9_out_of_band,3
MS-LS4,MS-LS4-2,conceptual,How does finding a fossil with both reptile and bird features help scientists understand how birds evolved?,fk_grade=9.1_out_of_band,3
MS-LS4,MS-LS4-2,conceptual,"Why do scientists use anatomy to build evolutionary family trees, also called phylogenetic trees?",fk_grade=16.0_out_of_band,3
MS-LS4,MS-LS4-2,conceptual,How does the discovery of a fossil with features of both an older and a newer species help fill in gaps in the evolutionary record?,fk_grade=12.6_out_of_band,3
MS-LS4,MS-LS4-2,conceptual,How can comparing the teeth of a fossil mammal to those of a modern mammal reveal what the fossil animal ate and how the two might be related?,fk_grade=12.2_out_of_band,3
MS-LS4,MS-LS4-2,conceptual,"Why does finding the same type of limb bones in animals as different as frogs, lizards, birds, and humans suggest they all share a common ancestor?",fk_grade=11.3_out_of_band,3
MS-LS4,MS-LS4-2,conceptual,How do anatomical similarities between modern wolves and fossil dog-like ancestors show that wolves have changed over time?,fk_grade=13.1_out_of_band,3
MS-LS4,MS-LS4-2,conceptual,Why would two species living on opposite sides of the world have very similar skeletons if they share a common ancestor?,fk_grade=11.1_out_of_band,3
MS-LS4,MS-LS4-2,conceptual,How does comparing the number of similar anatomical features between species help scientists decide which two species are most closely related?,fk_grade=15.1_out_of_band,3
MS-LS4,MS-LS4-1,applied,"If a scientist finds a fossil of a fish in a rock layer that also contains fossils of many other species that are now extinct, what can the scientist conclude about when that fish lived?",fk_grade=14.9_out_of_band,3
MS-LS4,MS-LS4-1,applied,"If you find fossils of tropical plants like ferns and palm trees in Antarctica today, what does that tell you about Antarctica's past environment?",fk_grade=12.5_out_of_band,3
MS-LS4,MS-LS4-1,applied,"If a type of animal appears in many fossil layers but then suddenly disappears from the fossil record, what does that most likely indicate?",fk_grade=12.9_out_of_band,3
MS-LS4,MS-LS4-1,applied,Suppose scientists find the same type of dinosaur fossil on two continents that are now separated by an ocean. How can scientists use what they know about natural laws to explain this?,fk_grade=9.1_out_of_band,3
MS-LS4,MS-LS4-2,applied,"If you look at an X-ray of a whale's flipper and a human arm, you can see the same set of bones arranged in a similar pattern. What does this similarity tell us about the evolutionary relationship between whales and humans?",fk_grade=10.2_out_of_band,3
MS-LS4,MS-LS4-2,applied,A scientist finds a fossil of an ancient fish called Tiktaalik that has fins with bones arranged like a wrist and fingers. How would a scientist use this fossil to explain the evolutionary relationship between fish and land animals?,fk_grade=10.8_out_of_band,3
MS-LS4,MS-LS4-2,applied,A paleontologist digs up a fossil creature called Archaeopteryx that has feathers like a bird but also claws on its wings and teeth like a dinosaur. How does comparing this fossil's anatomy to both modern birds and dinosaurs help explain their evolutionary relationship?,fk_grade=12.8_out_of_band,3
MS-LS4,MS-LS4-2,applied,"A bat wing, a human arm, and a dog's front leg all have one upper bone, two lower bones, and smaller bones at the end, even though they are used for flying, lifting, and running. How would a scientist use this pattern to make a claim about how these animals are related?",fk_grade=10.0_out_of_band,3
MS-LS4,MS-LS4-3,applied,"If you looked at pictures of a human embryo and a fish embryo at an early stage and saw that both have gill pouches, what would that similarity tell you about humans and fish?",fk_grade=14.3_out_of_band,3
MS-LS4,MS-LS4-3,applied,"A scientist shows you embryo images of a whale and a cow side by side, and they look nearly identical in early stages. What prediction would you make about how closely related these two animals are?",fk_grade=9.8_out_of_band,3
MS-LS4,MS-LS4-3,applied,"If two animals look completely different as adults but their embryos show the same tail structure at an early stage, what should you conclude about using only adult anatomy to determine evolutionary relationships?",fk_grade=19.4_out_of_band,3
MS-LS4,MS-LS4-3,applied,"Imagine you discover an unknown animal's embryo in a picture, and it looks almost identical to a human embryo at an early stage. What prediction would you make about this unknown animal before even seeing what it looks like as an adult?",fk_grade=12.3_out_of_band,3
MS-LS4,MS-LS4-3,applied,"A student compares embryo pictures of a chicken, a turtle, and a rabbit and notices all three have a similar curved body shape and tiny tail in the early stages. How would this observation help the student group these animals by their evolutionary relationships?",fk_grade=12.8_out_of_band,3
MS-LS4,MS-LS4-5,applied,"A farmer has a field of corn plants, and some plants naturally survive cold temperatures better than others. If the farmer uses selective breeding over several generations by only planting seeds from the cold-surviving plants, what would you expect to happen to the corn plants over time?",fk_grade=12.2_out_of_band,3
MS-LS4,MS-LS4-5,applied,"Scientists used genetic engineering to insert a gene from a bacterium into soybean plants that makes the soybeans resistant to a common weed-killing chemical. If a farmer sprays that weed killer on a field of these genetically modified soybeans, what would happen to the soybeans and the weeds?",fk_grade=12.9_out_of_band,3
MS-LS4,MS-LS4-5,applied,"A rancher has one cow that produces an unusually large amount of high-quality milk. If scientists use cloning technology to make copies of that cow, what would you predict about the milk production of the cloned cows compared to the original?",fk_grade=11.7_out_of_band,3
MS-ESS1,MS-ESS1-1,recall,What is a lunar phase?,fk_grade=0.5_out_of_band,3
MS-ESS1,MS-ESS1-1,recall,How long does it take the Moon to complete one full orbit around Earth?,fk_grade=4.2_out_of_band,3
MS-ESS1,MS-ESS1-1,recall,What is a solar eclipse?,fk_grade=2.9_out_of_band,3
MS-ESS1,MS-ESS1-1,recall,What is a lunar eclipse?,fk_grade=2.9_out_of_band,3
MS-ESS1,MS-ESS1-1,recall,What causes the seasons on Earth?,fk_grade=2.5_out_of_band,3
MS-ESS1,MS-ESS1-1,recall,What is the name of the Moon's phase when its lit side is not visible from Earth?,fk_grade=4.2_out_of_band,3
MS-ESS1,MS-ESS1-1,recall,What does the word 'waxing' mean when describing the Moon's phases?,fk_grade=4.8_out_of_band,3
MS-ESS1,MS-ESS1-1,recall,Why does Earth experience summer in the Northern Hemisphere when it is tilted toward the Sun?,fk_grade=9.1_out_of_band,3
MS-ESS1,MS-ESS1-1,recall,What is the umbra in the context of an eclipse?,fk_grade=3.7_out_of_band,3
MS-ESS1,MS-ESS1-2,recall,What keeps the planets in orbit around the Sun?,fk_grade=3.7_out_of_band,3
MS-ESS1,MS-ESS1-2,recall,What is a galaxy?,fk_grade=3.7_out_of_band,3
MS-ESS1,MS-ESS1-2,recall,"Which object in our solar system has the strongest gravitational pull, and why?",fk_grade=9.4_out_of_band,3
MS-ESS1,MS-ESS1-4,recall,What is the geologic time scale?,fk_grade=4.5_out_of_band,3
MS-ESS1,MS-ESS1-4,recall,What are rock strata?,fk_grade=0.7_out_of_band,3
MS-ESS1,MS-ESS1-4,recall,What is an index fossil?,fk_grade=2.9_out_of_band,3
MS-ESS1,MS-ESS1-1,conceptual,Why do we always see the same side of the Moon from Earth?,fk_grade=2.2_out_of_band,3
MS-ESS1,MS-ESS1-1,conceptual,Why does Earth have seasons?,fk_grade=0.5_out_of_band,3
MS-ESS1,MS-ESS1-2,conceptual,How does gravity hold a galaxy together?,fk_grade=9.1_out_of_band,3
MS-ESS1,MS-ESS1-4,conceptual,How do fossils found in rock strata help scientists divide Earth's history into different time periods?,fk_grade=11.3_out_of_band,3
MS-ESS1,MS-ESS1-4,conceptual,How does the geologic time scale help scientists communicate about events that happened billions of years ago?,fk_grade=11.9_out_of_band,3
MS-ESS1,MS-ESS1-3,applied,"If you used a basketball to represent the Sun in a scale model of the solar system, about how big would Earth need to be to keep the same scale?",fk_grade=11.1_out_of_band,3
MS-ESS1,MS-ESS1-3,applied,"If you lined up models of all eight planets from smallest to largest, which planet would be at the end of the line, and roughly how many Earths could fit across it?",fk_grade=11.6_out_of_band,3
MS-ESS1,MS-ESS1-4,applied,"If a geologist finds fish fossils in a rock layer below a layer containing dinosaur fossils, what can they conclude about which animal appeared on Earth first, and how does the geologic time scale support that conclusion?",fk_grade=18.0_out_of_band,3
MS-ESS1,MS-ESS1-4,applied,"Suppose rock layers suddenly show almost no fossils for a long stretch, then a huge variety of new fossils appear in the layers above. Which transition on the geologic time scale might scientists be looking at, and what does the rock strata evidence tell them?",fk_grade=11.3_out_of_band,3
MS-ESS1,MS-ESS1-4,applied,"If a scientist finds trilobite fossils in a rock layer and uses the geologic time scale to date the layer to about 450 million years ago, what era does that place those rocks in, and what can the scientist predict about whether human fossils would be found nearby in the same layer?",fk_grade=21.7_out_of_band,3
MS-ESS2,MS-ESS2-1,recall,What is the rock cycle?,fk_grade=0.5_out_of_band,3
MS-ESS2,MS-ESS2-1,recall,What is the main source of energy that drives the water cycle?,fk_grade=4.8_out_of_band,3
MS-ESS2,MS-ESS2-2,recall,What is a glacier?,fk_grade=0.7_out_of_band,3
MS-ESS2,MS-ESS2-2,recall,What is deposition in geology?,fk_grade=12.3_out_of_band,3
MS-ESS2,MS-ESS2-2,recall,What is a tectonic plate?,fk_grade=2.9_out_of_band,3
MS-ESS2,MS-ESS2-3,recall,What is Pangaea?,fk_grade=1.3_out_of_band,3
MS-ESS2,MS-ESS2-3,recall,What is seafloor spreading?,fk_grade=0.7_out_of_band,3
MS-ESS2,MS-ESS2-3,recall,What is a mid-ocean ridge?,fk_grade=2.9_out_of_band,3
MS-ESS2,MS-ESS2-3,recall,What does it mean when the same type of fossil is found on two different continents that are now separated by an ocean?,fk_grade=9.8_out_of_band,3
MS-ESS2,MS-ESS2-4,recall,What is evaporation?,fk_grade=13.1_out_of_band,3
MS-ESS2,MS-ESS2-5,recall,What is an air mass?,fk_grade=-1.8_out_of_band,3
MS-ESS2,MS-ESS2-5,recall,What is a cold front?,fk_grade=-1.8_out_of_band,3
MS-ESS2,MS-ESS2-6,recall,What are trade winds?,fk_grade=-2.2_out_of_band,3
MS-ESS2,MS-ESS2-6,recall,What is a ocean current?,fk_grade=2.9_out_of_band,3
MS-ESS2,MS-ESS2-2,conceptual,"Why does a river eventually form a wide, flat valley instead of staying a narrow, steep canyon?",fk_grade=9.8_out_of_band,3
MS-ESS2,MS-ESS2-2,conceptual,How do glaciers change the shape of the land as they move?,fk_grade=1.9_out_of_band,3
MS-ESS2,MS-ESS2-3,conceptual,Why do scientists find fossils of the same ancient animal on continents that are now separated by thousands of miles of ocean?,fk_grade=11.8_out_of_band,3
MS-ESS2,MS-ESS2-2,applied,"If a river carries a lot of sediment and then slows down where it meets the ocean, what do you think will happen to all that sediment over time?",fk_grade=11.2_out_of_band,3
MS-ESS2,MS-ESS2-2,applied,"If you lived near a glacier and the climate got warmer over many years, how would you predict the landscape around the glacier to change?",fk_grade=10.2_out_of_band,3
MS-ESS2,MS-ESS2-3,applied,"If you find identical fossils of the same ancient fern on both the west coast of Africa and the east coast of South America, what does that tell you about those two continents in the past?",fk_grade=14.5_out_of_band,3
MS-ESS2,MS-ESS2-3,applied,"If two continents have matching layers of the same unusual rock type along their coastlines, how would a scientist use that as evidence for plate tectonics?",fk_grade=13.2_out_of_band,3
MS-ESS2,MS-ESS2-3,applied,Imagine you notice that the coastlines of South America and Africa look like puzzle pieces that could fit together. How would you use seafloor data to test whether those continents were actually once connected?,fk_grade=10.5_out_of_band,3
MS-ESS2,MS-ESS2-3,applied,"If scientists find fossils of a warm-weather reptile in Antarctica, what prediction about Antarctica's past location would you make using plate tectonics?",fk_grade=15.0_out_of_band,3
MS-ESS2,MS-ESS2-3,applied,"If you are comparing two rock samples—one from India and one from Antarctica—and they turn out to be the same type and age, how does plate tectonics explain that match?",fk_grade=11.8_out_of_band,3
MS-ESS2,MS-ESS2-6,applied,"If you poured cold water and warm water into opposite ends of a tank, what would happen to the water over time, and how does this model what happens in the ocean?",fk_grade=12.7_out_of_band,3
MS-ESS2,MS-ESS2-6,applied,Why do cities near the ocean usually have milder temperatures throughout the year compared to cities that are far inland at the same latitude?,fk_grade=12.5_out_of_band,3
MS-ESS3,MS-ESS3-1,recall,What is an aquifer?,fk_grade=3.7_out_of_band,3
MS-ESS3,MS-ESS3-1,recall,"What type of rock are most fossil fuels, like coal and oil, found in?",fk_grade=3.4_out_of_band,3
MS-ESS3,MS-ESS3-1,recall,"What geoscience process forms ore deposits when hot, mineral-rich fluids move through cracks in rock and deposit minerals as they cool?",fk_grade=11.1_out_of_band,3
MS-ESS3,MS-ESS3-1,recall,What is the difference between a renewable and a nonrenewable resource?,fk_grade=12.3_out_of_band,3
MS-ESS3,MS-ESS3-2,recall,What does the word 'mitigation' mean when scientists talk about natural hazards?,fk_grade=9.7_out_of_band,3
MS-ESS3,MS-ESS3-3,recall,What is environmental monitoring?,fk_grade=18.4_out_of_band,3
MS-ESS3,MS-ESS3-3,recall,What is a pollutant?,fk_grade=3.7_out_of_band,3
MS-ESS3,MS-ESS3-3,recall,What does the term 'carbon footprint' mean?,fk_grade=2.3_out_of_band,3
MS-ESS3,MS-ESS3-3,recall,What is a watershed?,fk_grade=3.7_out_of_band,3
MS-ESS3,MS-ESS3-3,recall,What is the purpose of the Clean Water Act in the United States?,fk_grade=4.9_out_of_band,3
MS-ESS3,MS-ESS3-3,recall,What is biodiversity?,fk_grade=17.0_out_of_band,3
MS-ESS3,MS-ESS3-4,recall,What is the current approximate human population on Earth?,fk_grade=10.2_out_of_band,3
MS-ESS3,MS-ESS3-4,recall,What is deforestation?,fk_grade=13.1_out_of_band,3
MS-ESS3,MS-ESS3-5,recall,What is the greenhouse effect?,fk_grade=2.9_out_of_band,3
MS-ESS3,MS-ESS3-5,recall,What are fossil fuels?,fk_grade=3.7_out_of_band,3
MS-ESS3,MS-ESS3-5,recall,What does the term 'global warming' mean?,fk_grade=2.3_out_of_band,3
MS-ESS3,MS-ESS3-5,recall,"What is deforestation, and how does it affect global temperatures?",fk_grade=9.6_out_of_band,3
MS-ESS3,MS-ESS3-1,conceptual,How does the movement of tectonic plates cause some regions to have rich mineral deposits while others have almost none?,fk_grade=9.9_out_of_band,3
MS-ESS3,MS-ESS3-2,conceptual,Why do scientists study patterns in past earthquake data to predict where future earthquakes might happen?,fk_grade=9.8_out_of_band,3
MS-ESS3,MS-ESS3-2,conceptual,Why do scientists use past volcanic eruption records to warn people before a future eruption?,fk_grade=11.5_out_of_band,3
MS-ESS3,MS-ESS3-2,conceptual,How does an early warning system for tsunamis give coastal communities more time to evacuate?,fk_grade=9.9_out_of_band,3
MS-ESS3,MS-ESS3-2,conceptual,Why are areas near tectonic plate boundaries more likely to experience natural hazards like earthquakes and volcanic eruptions?,fk_grade=15.0_out_of_band,3
MS-ESS3,MS-ESS3-2,conceptual,How does data from past hurricanes help forecasters predict how strong a future hurricane might become?,fk_grade=9.8_out_of_band,3
MS-ESS3,MS-ESS3-2,conceptual,Why do wildfires spread faster and become more destructive during periods of drought?,fk_grade=9.4_out_of_band,3
MS-ESS3,MS-ESS3-2,conceptual,How does planting trees and vegetation on hillsides help reduce the risk of landslides after heavy rain?,fk_grade=9.1_out_of_band,3
MS-ESS3,MS-ESS3-3,conceptual,Why do scientists use water quality testing to monitor the health of a river near a factory?,fk_grade=10.5_out_of_band,3
MS-ESS3,MS-ESS3-3,conceptual,Why does monitoring air quality near a busy highway help protect people's health?,fk_grade=9.4_out_of_band,3
MS-ESS3,MS-ESS3-3,conceptual,How does tracking the population size of a certain fish species help scientists tell whether overfishing is happening?,fk_grade=12.4_out_of_band,3
MS-ESS3,MS-ESS3-3,conceptual,Why is it important to monitor soil quality in areas where people dump waste or use large amounts of pesticides?,fk_grade=11.1_out_of_band,3
MS-ESS3,MS-ESS3-4,conceptual,Why does a growing human population cause more natural resources like fresh water and forests to be used up faster?,fk_grade=11.1_out_of_band,3
MS-ESS3,MS-ESS3-4,conceptual,"How does an increase in the amount of resources each person uses make environmental problems worse, even if the population stays the same?",fk_grade=12.9_out_of_band,3
MS-ESS3,MS-ESS3-1,applied,"If a farmer in a dry region keeps pumping water from an underground aquifer faster than rain can refill it, what do you predict will eventually happen to the water supply?",fk_grade=15.2_out_of_band,3
MS-ESS3,MS-ESS3-1,applied,"If you live near a volcanic region, how could you use that geology to generate electricity for your home?",fk_grade=11.1_out_of_band,3
MS-ESS3,MS-ESS3-3,applied,"A town notices that a nearby river is getting polluted with fertilizer runoff from farms. If scientists want to monitor whether the pollution is getting worse over time, what could they regularly measure in the river water to track the problem?",fk_grade=12.0_out_of_band,3
MS-ESS3,MS-ESS3-4,applied,"If a town doubles in population over 20 years but everyone keeps using the same amount of water per person, what would happen to the town's total water demand?",fk_grade=13.6_out_of_band,3
MS-ESS3,MS-ESS3-4,applied,"If a growing city needs to cut down a large forest to build new homes and farms, what would most likely happen to the soil and nearby rivers in that area?",fk_grade=11.7_out_of_band,3
MS-ESS3,MS-ESS3-5,applied,"If a city builds a lot of new factories and power plants that burn coal, what would you predict happens to the amount of carbon dioxide in the air above that city, and how might that affect local and global temperatures?",fk_grade=17.1_out_of_band,3
MS-ESS3,MS-ESS3-5,applied,"If you look at a graph showing both the number of cars on the road worldwide since 1900 and the average global temperature over the same period, what pattern would you expect to see between those two lines, and why?",fk_grade=15.9_out_of_band,3
MS-ETS1,MS-ETS1-1,recall,What are criteria in an engineering design problem?,fk_grade=11.1_out_of_band,3
MS-ETS1,MS-ETS1-1,recall,What is the difference between criteria and constraints?,fk_grade=9.7_out_of_band,3
MS-ETS1,MS-ETS1-1,recall,What does it mean to define a design problem?,fk_grade=3.7_out_of_band,3
MS-ETS1,MS-ETS1-1,recall,Why is it important to identify constraints before designing a solution?,fk_grade=12.3_out_of_band,3
MS-ETS1,MS-ETS1-1,recall,What is meant by 'relevant scientific principles' when defining a design problem?,fk_grade=11.7_out_of_band,3
MS-ETS1,MS-ETS1-1,recall,What does 'potential impact on the natural environment' mean when defining a design problem?,fk_grade=11.8_out_of_band,3
MS-ETS1,MS-ETS1-1,recall,What does 'sufficient precision' mean when defining the criteria and constraints of a design problem?,fk_grade=11.5_out_of_band,3
MS-ETS1,MS-ETS1-2,recall,What is a design constraint?,fk_grade=2.9_out_of_band,3
MS-ETS1,MS-ETS1-3,recall,What are 'criteria for success' in an engineering design problem?,fk_grade=10.7_out_of_band,3
MS-ETS1,MS-ETS1-3,recall,What is test data used for when engineers compare different design solutions?,fk_grade=9.7_out_of_band,3
MS-ETS1,MS-ETS1-4,recall,What does 'iterative testing' mean in engineering design?,fk_grade=11.1_out_of_band,3
MS-ETS1,MS-ETS1-4,recall,What is an 'optimal design' in engineering?,fk_grade=9.1_out_of_band,3
MS-ETS1,MS-ETS1-1,conceptual,Why do engineers need to clearly define the problem before they start designing a solution?,fk_grade=9.9_out_of_band,3
MS-ETS1,MS-ETS1-1,conceptual,Why do constraints like cost or available materials limit what solutions an engineer can choose?,fk_grade=11.5_out_of_band,3
MS-ETS1,MS-ETS1-1,conceptual,"How do scientific principles, like the laws of physics, affect which design solutions are possible?",fk_grade=11.5_out_of_band,3
MS-ETS1,MS-ETS1-1,conceptual,Why is it important to think about how a design might impact the natural environment when defining a problem?,fk_grade=11.7_out_of_band,3
MS-ETS1,MS-ETS1-1,conceptual,How do criteria differ from constraints in an engineering design problem?,fk_grade=11.2_out_of_band,3
MS-ETS1,MS-ETS1-1,conceptual,Why does adding more specific details to the criteria of a design problem make it easier to find a good solution?,fk_grade=11.7_out_of_band,3
MS-ETS1,MS-ETS1-1,conceptual,Why do potential impacts on people need to be considered when defining an engineering design problem?,fk_grade=12.0_out_of_band,3
MS-ETS1,MS-ETS1-1,conceptual,How can trade-offs between different constraints affect which design solution an engineer chooses?,fk_grade=12.2_out_of_band,3
MS-ETS1,MS-ETS1-2,conceptual,Why is it important to use a systematic process when comparing different design solutions instead of just picking your favorite?,fk_grade=14.0_out_of_band,3
MS-ETS1,MS-ETS1-2,conceptual,Why do engineers set criteria and constraints before they start evaluating design solutions?,fk_grade=14.0_out_of_band,3
MS-ETS1,MS-ETS1-2,conceptual,How does a decision matrix help engineers compare competing design solutions?,fk_grade=12.3_out_of_band,3
MS-ETS1,MS-ETS1-2,conceptual,Why might two design solutions both meet all the criteria but one is still considered better than the other?,fk_grade=9.8_out_of_band,3
MS-ETS1,MS-ETS1-2,conceptual,Why is it helpful to weight some criteria as more important than others when evaluating designs?,fk_grade=11.3_out_of_band,3
MS-ETS1,MS-ETS1-2,conceptual,How can testing a prototype help engineers evaluate whether a design solution truly meets its criteria?,fk_grade=14.3_out_of_band,3
MS-ETS1,MS-ETS1-2,conceptual,Why might a design solution that looks perfect on paper fail when it is evaluated against the constraints?,fk_grade=10.4_out_of_band,3
MS-ETS1,MS-ETS1-2,conceptual,How does identifying trade-offs help engineers choose between competing design solutions?,fk_grade=14.4_out_of_band,3
MS-ETS1,MS-ETS1-2,conceptual,Why should multiple people be involved in evaluating competing design solutions rather than just one engineer?,fk_grade=14.3_out_of_band,3
MS-ETS1,MS-ETS1-2,conceptual,Why is it useful to rank or score competing designs rather than simply saying one 'passes' and another 'fails'?,fk_grade=9.8_out_of_band,3
MS-ETS1,MS-ETS1-2,conceptual,How does clearly defining the problem first make the process of evaluating design solutions more effective?,fk_grade=12.8_out_of_band,3
MS-ETS1,MS-ETS1-3,conceptual,Why do engineers test multiple different design solutions instead of just building one and going with it?,fk_grade=11.2_out_of_band,3
MS-ETS1,MS-ETS1-3,conceptual,Why is it better to combine the best parts of several designs rather than just picking the one design that scored highest overall?,fk_grade=10.3_out_of_band,3
MS-ETS1,MS-ETS1-3,conceptual,How can looking at test data help you figure out which part of a design is actually causing it to perform better?,fk_grade=10.2_out_of_band,3
MS-ETS1,MS-ETS1-3,conceptual,Why do engineers use specific criteria and constraints when comparing test data from different designs?,fk_grade=13.1_out_of_band,3
MS-ETS1,MS-ETS1-3,conceptual,How does finding similarities among different design solutions help engineers improve a final design?,fk_grade=15.2_out_of_band,3
MS-ETS1,MS-ETS1-4,conceptual,How does repeating the test-and-improve cycle help engineers end up with a better final design?,fk_grade=10.7_out_of_band,3
MS-PS1,MS-PS1-1,conceptual,Why does the shape of a molecule—like the bent shape of water—matter for how it behaves?,llm_inappropriate,3
MS-PS1,MS-PS1-4,conceptual,Why does a substance get colder when it changes from a liquid to a solid?,llm_inappropriate,3
MS-PS2,MS-PS2-4,recall,What is gravity?,llm_inappropriate,3
MS-PS2,MS-PS2-5,recall,What is a gravitational field?,llm_inappropriate,3
MS-PS4,MS-PS4-1,recall,What does it mean when scientists say a wave is a 'mathematical model'?,llm_inappropriate,3
MS-PS4,MS-PS4-2,recall,"What do we call materials that partially block light, letting only some light pass through, like frosted glass?",llm_inappropriate,3
MS-PS4,MS-PS4-2,recall,What is an opaque material?,llm_inappropriate,3
MS-PS4,MS-PS4-2,recall,What type of wave behavior occurs when sunlight warms a dark-colored surface?,llm_inappropriate,3
MS-PS4,MS-PS4-1,conceptual,Why does doubling the amplitude of a wave increase its energy by more than just double?,llm_inappropriate,3
MS-PS4,MS-PS4-2,conceptual,Why does your hand feel warm when you hold it near a campfire even without touching it?,llm_inappropriate,3
MS-PS4,MS-PS4-2,conceptual,Why do sunglasses lenses reduce glare even though you can still see through them?,llm_inappropriate,3
MS-PS4,MS-PS4-2,conceptual,Why does a pool of water look shiny and reflective when you look at it from a low angle?,llm_inappropriate,3
MS-PS4,MS-PS4-2,applied,Why can you see your reflection in a still lake but not in muddy water?,llm_inappropriate,3
MS-PS4,MS-PS4-2,applied,Why do sunglasses with dark lenses keep your eyes more comfortable on a bright day than clear lenses would?,llm_inappropriate,3
MS-PS4,MS-PS4-2,applied,"If you wear a black T-shirt on a hot sunny day, why do you feel hotter than if you wore a white T-shirt?",llm_inappropriate,3
MS-LS1,MS-LS1-1,recall,Who is credited with first using the word 'cell' to describe what he saw under a microscope?,llm_inappropriate,3
MS-LS1,MS-LS1-3,recall,What does the circulatory system do?,llm_inappropriate,3
MS-LS2,MS-LS2-1,recall,What are the basic resources that most organisms need to survive?,llm_inappropriate,3
MS-LS2,MS-LS2-2,recall,What does the word 'competition' mean in an ecosystem?,llm_inappropriate,3
MS-LS2,MS-LS2-3,recall,What is a decomposer?,llm_inappropriate,3
MS-LS2,MS-LS2-3,recall,What is a producer in an ecosystem?,llm_inappropriate,3
MS-LS3,MS-LS3-2,recall,What is binary fission?,llm_inappropriate,3
MS-LS3,MS-LS3-1,conceptual,Why might two organisms with the same mutation show different levels of harm from it?,llm_inappropriate,3
MS-LS3,MS-LS3-1,applied,"A farmer notices that one sunflower plant in a field produces seeds with much less oil than all the other plants. If a mutation changed the gene that codes for an enzyme needed to make oil, how would that explain what the farmer sees?",llm_inappropriate,3
MS-LS4,MS-LS4-4,recall,What is an adaptation?,llm_inappropriate,3
MS-LS4,MS-LS4-1,conceptual,Why do scientists assume that the same natural laws that work today also worked in the past?,llm_inappropriate,3
MS-LS4,MS-LS4-1,conceptual,Why do mass extinction events show up as distinct boundaries in the fossil record?,llm_inappropriate,3
MS-ESS1,MS-ESS1-2,recall,What is gravity?,llm_inappropriate,3
MS-ESS1,MS-ESS1-4,recall,"What are the four main divisions of the geologic time scale, from longest to shortest?",llm_inappropriate,3
MS-ESS1,MS-ESS1-4,conceptual,Why do the oldest rock layers end up at the bottom of a rock formation instead of at the top?,llm_inappropriate,3
MS-ESS2,MS-ESS2-2,recall,What is erosion?,llm_inappropriate,3
MS-ESS2,MS-ESS2-5,recall,What tool do meteorologists use to measure air pressure?,llm_inappropriate,3
MS-ESS3,MS-ESS3-2,recall,What is a natural hazard?,llm_inappropriate,3
MS-ESS3,MS-ESS3-4,recall,What is a natural resource?,llm_inappropriate,3
MS-ESS3,MS-ESS3-5,recall,What is carbon dioxide (CO₂)?,llm_inappropriate,3
MS-ESS3,MS-ESS3-1,applied,Why do you think gold mines are common in some mountain ranges but not in flat plains regions?,llm_inappropriate,3
MS-PS1,MS-PS1-1,recall,What does a chemical formula tell you about a substance?,duplicate,3
MS-PS1,MS-PS1-2,recall,What is a chemical reaction?,duplicate,3
MS-PS1,MS-PS1-2,recall,What does the term 'precipitate' mean in a chemical reaction?,duplicate,3
MS-PS1,MS-PS1-3,recall,What natural resource is plastic most commonly made from?,duplicate,3
MS-PS1,MS-PS1-4,recall,What is thermal energy?,duplicate,3
MS-PS1,MS-PS1-4,recall,What is the term for the temperature at which a solid changes into a liquid?,duplicate,3
MS-PS1,MS-PS1-5,recall,What are products in a chemical reaction?,duplicate,3
MS-PS1,MS-PS1-5,recall,"In a chemical reaction, what happens to the atoms of the reactants?",duplicate,3
MS-PS1,MS-PS1-6,recall,What does 'thermal energy' mean?,duplicate,3
MS-PS1,MS-PS1-6,recall,What chemical reaction is used in most instant hand warmers?,duplicate,3
MS-PS1,MS-PS1-1,conceptual,How does changing just one atom in a molecule change what substance it is?,duplicate,3
MS-PS1,MS-PS1-4,conceptual,Why do the particles in a gas move faster than the particles in a solid made of the same substance?,duplicate,3
MS-PS1,MS-PS1-5,conceptual,Why doesn't the total mass change when a chemical reaction happens?,duplicate,3
MS-PS1,MS-PS1-2,applied,"If you leave a iron nail outside in the rain for a week and it turns reddish-brown and gets flaky, has a chemical reaction happened? What evidence supports your answer?",duplicate,3
MS-PS1,MS-PS1-2,applied,"When you fry an egg, the clear, runny egg white turns white and solid. Is this a physical change or a chemical reaction, and what property change tells you?",duplicate,3
MS-PS1,MS-PS1-2,applied,A student stirs sugar into warm water until it disappears and the water still looks clear. Has a chemical reaction happened? How do the properties help you decide?,duplicate,3
MS-PS1,MS-PS1-2,applied,"You burn a piece of wood in a campfire and are left with ash, smoke, and heat. Is this a chemical reaction? What evidence from the properties before and after supports your answer?",duplicate,3
MS-PS2,MS-PS2-1,recall,"If a soccer ball exerts a force on a player's foot during a kick, what force does the player's foot exert on the ball?",duplicate,3
MS-PS2,MS-PS2-1,recall,What is momentum?,duplicate,3
MS-PS2,MS-PS2-3,recall,What happens to the strength of a magnetic force as you move two magnets farther apart?,duplicate,3
MS-PS2,MS-PS2-4,conceptual,Why does a more massive planet pull objects toward it more strongly than a less massive planet does?,duplicate,3
MS-PS2,MS-PS2-3,applied,"If you move two magnets farther apart, what happens to the force between them?",duplicate,3
MS-PS3,MS-PS3-4,recall,What are the units scientists use to measure thermal energy?,duplicate,3
MS-PS3,MS-PS3-4,recall,What happens to the particles in a substance when its temperature increases?,duplicate,3
MS-PS3,MS-PS3-4,recall,What is thermal energy?,duplicate,3
MS-PS3,MS-PS3-4,recall,What is the difference between heat and temperature?,duplicate,3
MS-PS3,MS-PS3-5,recall,What happens to the kinetic energy of an object when its speed doubles?,duplicate,3
MS-PS3,MS-PS3-4,conceptual,Why does the temperature of a substance go up when you add energy to it?,duplicate,3
MS-PS4,MS-PS4-1,recall,How does the amplitude of a wave relate to the energy it carries?,duplicate,3
MS-PS4,MS-PS4-1,recall,What is a longitudinal wave?,duplicate,3
MS-PS4,MS-PS4-2,recall,What does it mean when a wave is transmitted through a material?,duplicate,3
MS-PS4,MS-PS4-3,recall,What is an analog signal?,duplicate,3
MS-PS4,MS-PS4-3,recall,What is a digital signal?,duplicate,3
MS-PS4,MS-PS4-1,conceptual,Why does a wave with a bigger amplitude carry more energy?,duplicate,3
MS-PS4,MS-PS4-1,conceptual,Why does the amplitude of a wave get smaller as it travels farther from its source?,duplicate,3
MS-PS4,MS-PS4-2,conceptual,Why can radio waves pass through the walls of your house to reach a radio inside?,duplicate,3
MS-LS1,MS-LS1-2,recall,What is the difference between a plant cell and an animal cell?,duplicate,3
MS-LS1,MS-LS1-4,recall,What is courtship behavior in animals?,duplicate,3
MS-LS1,MS-LS1-6,recall,What is chlorophyll?,duplicate,3
MS-LS1,MS-LS1-8,recall,What is a sensory receptor?,duplicate,3
MS-LS1,MS-LS1-3,conceptual,Why can't a single cell do everything the human body needs on its own?,duplicate,3
MS-LS2,MS-LS2-1,recall,What is a limiting factor in an ecosystem?,duplicate,3
MS-LS2,MS-LS2-1,recall,What does the term 'carrying capacity' mean?,duplicate,3
MS-LS2,MS-LS2-1,recall,What happens to a population when its food supply suddenly drops?,duplicate,3
MS-LS2,MS-LS2-2,recall,What is parasitism?,duplicate,3
MS-LS2,MS-LS2-4,recall,What is a limiting factor in an ecosystem?,duplicate,3
MS-LS2,MS-LS2-4,recall,What is an abiotic factor in an ecosystem?,duplicate,3
MS-LS2,MS-LS2-4,recall,What is a biotic factor in an ecosystem?,duplicate,3
MS-LS2,MS-LS2-4,recall,What is an invasive species?,duplicate,3
MS-LS2,MS-LS2-2,conceptual,Why do predator and prey populations rise and fall together in a cycle?,duplicate,3
MS-LS2,MS-LS2-3,conceptual,Why does energy decrease as it moves from one level of a food chain to the next?,duplicate,3
MS-LS2,MS-LS2-3,conceptual,How do decomposers help cycle matter back through an ecosystem?,duplicate,3
MS-LS3,MS-LS3-1,recall,What are chromosomes?,duplicate,3
MS-LS3,MS-LS3-1,recall,Where in a cell are chromosomes located?,duplicate,3
MS-LS3,MS-LS3-1,recall,What is the relationship between genes and proteins?,duplicate,3
MS-LS3,MS-LS3-2,recall,What are chromosomes?,duplicate,3
MS-LS3,MS-LS3-1,conceptual,Why does a change in a gene's DNA sequence sometimes change the protein that gene produces?,duplicate,3
MS-LS3,MS-LS3-1,conceptual,Why can a mutation in a gene be harmful to an organism?,duplicate,3
MS-LS3,MS-LS3-2,conceptual,How do egg and sperm cells end up with only half the normal number of chromosomes?,duplicate,3
MS-LS3,MS-LS3-2,conceptual,Why can two human siblings look different from each other even though they have the same parents?,duplicate,3
MS-LS4,MS-LS4-4,recall,What does the term 'natural selection' mean?,duplicate,3
MS-LS4,MS-LS4-5,recall,What is selective breeding?,duplicate,3
MS-LS4,MS-LS4-6,recall,What does 'survival of the fittest' mean in the context of natural selection?,duplicate,3
MS-ESS1,MS-ESS1-4,recall,What is the law of superposition?,duplicate,3
MS-ESS1,MS-ESS1-2,conceptual,Why do the planets keep orbiting the Sun instead of flying off into space?,duplicate,3
MS-ESS1,MS-ESS1-4,conceptual,Why do scientists use rock layers to figure out how old different parts of Earth's history are?,duplicate,3
MS-ESS1,MS-ESS1-4,conceptual,Why are the time periods on the geologic time scale not all the same length?,duplicate,3
MS-ESS2,MS-ESS2-2,recall,What is weathering?,duplicate,3
MS-ESS2,MS-ESS2-3,recall,What is continental drift?,duplicate,3
MS-ESS2,MS-ESS2-4,recall,What is condensation in the water cycle?,duplicate,3
MS-ESS2,MS-ESS2-6,recall,What is the Coriolis effect?,duplicate,3
MS-ESS3,MS-ESS3-4,recall,What does 'per-capita consumption' mean?,duplicate,3
MS-ESS3,MS-ESS3-4,recall,What does the term 'nonrenewable resource' mean?,duplicate,3
MS-ESS3,MS-ESS3-5,recall,"What is methane, and why does it matter for global temperatures?",duplicate,3
MS-ESS3,MS-ESS3-1,conceptual,Why are large coal and oil deposits found only in certain parts of the world and not everywhere?,duplicate,3
MS-ETS1,MS-ETS1-1,recall,What are constraints in an engineering design problem?,duplicate,3
MS-ETS1,MS-ETS1-1,recall,What is an engineering design problem?,duplicate,3
MS-ETS1,MS-ETS1-1,recall,What is a trade-off in engineering design?,duplicate,3
MS-ETS1,MS-ETS1-2,recall,What is a trade-off in engineering design?,duplicate,3
MS-ETS1,MS-ETS1-3,recall,What does it mean to 'optimize' a design solution?,duplicate,3
MS-ETS1,MS-ETS1-4,recall,What is a prototype in engineering?,duplicate,3
MS-ETS1,MS-ETS1-4,conceptual,Why do engineers test a model of their design instead of building the real thing right away?,duplicate,3
MS-PS1,MS-PS1-1,recall,What is a molecule?,fk_grade=3.7_out_of_band,4
MS-PS1,MS-PS1-1,recall,What is an atom?,fk_grade=0.7_out_of_band,4
MS-PS1,MS-PS1-1,recall,What is a compound?,fk_grade=0.7_out_of_band,4
MS-PS1,MS-PS1-1,recall,What does the subscript number in a chemical formula represent?,fk_grade=9.6_out_of_band,4
MS-PS1,MS-PS1-2,recall,What is the difference between a reactant and a product in a chemical reaction?,fk_grade=10.1_out_of_band,4
MS-PS1,MS-PS1-3,recall,What is a synthetic material?,fk_grade=10.0_out_of_band,4
MS-PS1,MS-PS1-3,recall,What does the term 'natural resource' mean in science?,fk_grade=5.0_out_of_band,4
MS-PS1,MS-PS1-3,recall,What is a polymer?,fk_grade=3.7_out_of_band,4
MS-PS1,MS-PS1-3,recall,What natural resource is glass made from?,fk_grade=4.0_out_of_band,4
MS-PS1,MS-PS1-5,recall,What is the law of conservation of mass?,fk_grade=3.8_out_of_band,4
MS-PS1,MS-PS1-5,recall,What are reactants in a chemical reaction?,fk_grade=9.1_out_of_band,4
MS-PS1,MS-PS1-5,recall,Who is credited with discovering the law of conservation of mass?,fk_grade=9.1_out_of_band,4
MS-PS1,MS-PS1-1,conceptual,Why do atoms bond together to form molecules instead of staying as single atoms?,fk_grade=9.3_out_of_band,4
MS-PS1,MS-PS1-1,conceptual,Why does water have two hydrogen atoms bonded to one oxygen atom instead of some other combination?,fk_grade=11.9_out_of_band,4
MS-PS1,MS-PS1-1,conceptual,Why are extended structures like table salt or diamond so different from simple molecules like oxygen gas?,fk_grade=11.2_out_of_band,4
MS-PS1,MS-PS1-1,conceptual,Why do models of atoms use different colors or sizes to represent different elements?,fk_grade=11.8_out_of_band,4
MS-PS1,MS-PS1-1,conceptual,"Why do some elements exist as two atoms bonded together, like O₂ or N₂, instead of as single atoms?",fk_grade=9.8_out_of_band,4
MS-PS1,MS-PS1-1,conceptual,How does knowing the atomic composition of a molecule help scientists predict what it might do in a chemical reaction?,fk_grade=12.9_out_of_band,4
MS-PS1,MS-PS1-1,conceptual,Why can't you just stack any atoms together randomly to make a stable molecule?,fk_grade=9.3_out_of_band,4
MS-PS1,MS-PS1-4,conceptual,Why does removing thermal energy from a gas cause it to eventually turn into a liquid?,fk_grade=10.6_out_of_band,4
MS-PS1,MS-PS1-6,conceptual,Why does a hand warmer get hot when you open the package and shake it?,fk_grade=4.4_out_of_band,4
MS-PS1,MS-PS1-6,conceptual,How does a cold pack get cold without being put in a freezer?,fk_grade=4.0_out_of_band,4
MS-PS1,MS-PS1-6,conceptual,Why is it important to test and modify a device designed to release or absorb heat before using it in a real situation?,fk_grade=11.8_out_of_band,4
MS-PS1,MS-PS1-2,applied,"When you leave a sliced apple on the counter and it turns brown, how can you use the change in its properties to decide if a chemical reaction happened?",fk_grade=11.6_out_of_band,4
MS-PS1,MS-PS1-2,applied,"If you burn a piece of wood and are left with ash and smoke, how do the properties of the ash compare to the original wood, and what does that tell you?",fk_grade=10.9_out_of_band,4
MS-PS1,MS-PS1-2,applied,"If you mix two colorless liquids together and the mixture instantly turns bright yellow and produces a strong smell, how would you use those observations to decide if a chemical reaction occurred?",fk_grade=16.1_out_of_band,4
MS-PS1,MS-PS1-3,applied,"A student notices that their plastic water bottle is made from petroleum, which comes from underground oil deposits. If petroleum is a nonrenewable natural resource, what does that suggest could happen to plastic production in the future if we keep using petroleum at a high rate?",fk_grade=13.6_out_of_band,4
MS-PS1,MS-PS1-3,applied,"A town used to rely on metal pipes for plumbing, but a construction company switches to PVC plastic pipes made from natural gas and salt. How does this switch show both a benefit and a possible downside of using synthetic materials?",fk_grade=10.5_out_of_band,4
MS-PS1,MS-PS1-6,applied,"If you put the chemicals from a hand warmer packet into a poorly insulated container versus a well-insulated container, which one would stay warm longer, and why?",fk_grade=14.2_out_of_band,4
MS-PS1,MS-PS1-6,applied,"A student designs a cold pack by mixing ammonium nitrate with water. If they use a larger amount of ammonium nitrate, how would that change how cold the pack gets compared to using a smaller amount?",fk_grade=9.1_out_of_band,4
MS-PS2,MS-PS2-3,recall,What is a magnetic force?,fk_grade=2.9_out_of_band,4
MS-PS2,MS-PS2-3,recall,What is an electric force?,fk_grade=2.9_out_of_band,4
MS-PS2,MS-PS2-3,recall,What are the two types of electric charges?,fk_grade=3.8_out_of_band,4
MS-PS2,MS-PS2-3,recall,What is a magnetic pole?,fk_grade=2.9_out_of_band,4
MS-PS2,MS-PS2-3,recall,What does the term 'electric field' mean?,fk_grade=2.3_out_of_band,4
MS-PS2,MS-PS2-3,recall,How does increasing the amount of electric charge on an object affect the electric force it exerts?,fk_grade=9.8_out_of_band,4
MS-PS2,MS-PS2-3,recall,What is an electromagnet?,fk_grade=9.6_out_of_band,4
MS-PS2,MS-PS2-3,recall,How does the number of coils of wire in an electromagnet affect its magnetic force?,fk_grade=9.1_out_of_band,4
MS-PS2,MS-PS2-4,recall,Does the force of gravity between two objects increase or decrease as the masses of the objects get bigger?,fk_grade=9.2_out_of_band,4
MS-PS2,MS-PS2-5,recall,What is a force field in science?,fk_grade=0.6_out_of_band,4
MS-PS2,MS-PS2-5,recall,What is a magnetic field?,fk_grade=2.9_out_of_band,4
MS-PS2,MS-PS2-5,recall,What is an electric field?,fk_grade=2.9_out_of_band,4
MS-PS2,MS-PS2-5,recall,What are the two poles of a magnet called?,fk_grade=1.0_out_of_band,4
MS-PS2,MS-PS2-4,conceptual,Why does gravity always pull objects toward each other instead of pushing them apart?,fk_grade=9.3_out_of_band,4
MS-PS2,MS-PS2-3,applied,"If you move a magnet slowly away from a paper clip sitting on a table, what happens to the force pulling the paper clip, and why?",fk_grade=10.4_out_of_band,4
MS-PS2,MS-PS2-3,applied,"If you rub a balloon against your hair ten times versus two times, which balloon will stick to the wall longer, and what does that tell you about electric force?",fk_grade=11.1_out_of_band,4
MS-PS2,MS-PS2-5,applied,"If you hold the north poles of two bar magnets close together and let go of one, what will happen to it, and why doesn't it need to touch the other magnet to move?",fk_grade=11.9_out_of_band,4
MS-PS2,MS-PS2-5,applied,"When you drop a ball and it falls toward Earth, nothing is touching the ball — so what is actually pulling it downward?",fk_grade=9.1_out_of_band,4
MS-PS2,MS-PS2-5,applied,"If you scatter iron filings on a piece of paper held over a bar magnet, the filings form a pattern even though the magnet never touches them — what does this tell you about the space around the magnet?",fk_grade=15.7_out_of_band,4
MS-PS3,MS-PS3-1,recall,What is kinetic energy?,fk_grade=9.6_out_of_band,4
MS-PS3,MS-PS3-1,recall,What is the formula for kinetic energy?,fk_grade=9.1_out_of_band,4
MS-PS3,MS-PS3-1,recall,"If two objects are moving at the same speed, which one has more kinetic energy — the heavier one or the lighter one?",fk_grade=9.6_out_of_band,4
MS-PS3,MS-PS3-2,recall,What is potential energy?,fk_grade=9.6_out_of_band,4
MS-PS3,MS-PS3-2,recall,What is gravitational potential energy?,fk_grade=17.0_out_of_band,4
MS-PS3,MS-PS3-2,recall,What does it mean for two objects to interact 'at a distance'?,fk_grade=4.8_out_of_band,4
MS-PS3,MS-PS3-2,recall,What happens to the gravitational potential energy stored in a system when you move an object farther from Earth's surface?,fk_grade=11.7_out_of_band,4
MS-PS3,MS-PS3-2,recall,What is elastic potential energy?,fk_grade=12.3_out_of_band,4
MS-PS3,MS-PS3-2,recall,What is a 'system' in science?,fk_grade=2.5_out_of_band,4
MS-PS3,MS-PS3-4,recall,What is temperature a measure of?,fk_grade=4.5_out_of_band,4
MS-PS3,MS-PS3-4,recall,What is heat transfer?,fk_grade=0.7_out_of_band,4
MS-PS3,MS-PS3-4,recall,What is specific heat capacity?,fk_grade=10.0_out_of_band,4
MS-PS3,MS-PS3-4,recall,What is kinetic energy?,fk_grade=9.6_out_of_band,4
MS-PS3,MS-PS3-4,recall,What is the unit scientists commonly use to measure thermal energy or heat?,fk_grade=9.4_out_of_band,4
MS-PS3,MS-PS3-4,recall,What does a thermometer actually detect to give a temperature reading?,fk_grade=11.2_out_of_band,4
MS-PS3,MS-PS3-5,recall,What is kinetic energy?,fk_grade=9.6_out_of_band,4
MS-PS3,MS-PS3-5,recall,What does it mean for energy to be transferred?,fk_grade=3.7_out_of_band,4
MS-PS3,MS-PS3-1,conceptual,Why does a heavier object moving at the same speed have more kinetic energy than a lighter object?,fk_grade=9.8_out_of_band,4
MS-PS3,MS-PS3-1,conceptual,Why does doubling an object's speed increase its kinetic energy much more than doubling its mass does?,fk_grade=10.5_out_of_band,4
MS-PS3,MS-PS3-4,conceptual,Why do different materials heat up at different rates even when they receive the same amount of energy?,fk_grade=11.1_out_of_band,4
MS-PS3,MS-PS3-1,applied,"A bowling ball and a tennis ball are rolling toward you at the same speed. Which one would be harder to stop, and why?",fk_grade=3.3_out_of_band,4
MS-PS4,MS-PS4-2,recall,What does it mean when a wave is reflected?,fk_grade=2.3_out_of_band,4
MS-PS4,MS-PS4-2,recall,What does it mean when a wave is absorbed by a material?,fk_grade=4.8_out_of_band,4
MS-PS4,MS-PS4-2,recall,What is a medium in the context of waves?,fk_grade=3.7_out_of_band,4
MS-PS4,MS-PS4-2,recall,"What term describes a material that absorbs most of the light that hits it, allowing very little to pass through or reflect?",fk_grade=10.2_out_of_band,4
MS-PS4,MS-PS4-2,recall,What is a translucent material?,fk_grade=10.0_out_of_band,4
MS-PS4,MS-PS4-2,recall,What is the law of reflection?,fk_grade=2.5_out_of_band,4
MS-PS4,MS-PS4-2,recall,What kind of surface is best for reflecting sound waves?,fk_grade=3.7_out_of_band,4
MS-PS4,MS-PS4-2,recall,What is an echo?,fk_grade=0.7_out_of_band,4
MS-PS4,MS-PS4-2,recall,What term describes the bending of a wave as it passes from one material into another?,fk_grade=9.1_out_of_band,4
MS-PS4,MS-PS4-3,recall,What is binary code?,fk_grade=3.7_out_of_band,4
MS-PS4,MS-PS4-3,recall,What is signal noise?,fk_grade=0.7_out_of_band,4
MS-PS4,MS-PS4-3,recall,Why are digital signals less affected by noise than analog signals?,fk_grade=9.1_out_of_band,4
MS-PS4,MS-PS4-3,recall,What is a pixel?,fk_grade=0.7_out_of_band,4
MS-PS4,MS-PS4-3,recall,What technology uses digital signals to send information through cables made of glass or plastic?,fk_grade=11.5_out_of_band,4
MS-PS4,MS-PS4-1,conceptual,How does increasing the amplitude of a sound wave change what you hear?,fk_grade=4.9_out_of_band,4
MS-PS4,MS-PS4-1,conceptual,"Why is it important to use a mathematical representation, like a graph, to describe a wave's amplitude instead of just describing it in words?",fk_grade=13.4_out_of_band,4
MS-PS4,MS-PS4-2,conceptual,Why does a mirror reflect light instead of letting it pass through?,fk_grade=4.8_out_of_band,4
MS-PS4,MS-PS4-2,conceptual,Why does a dark-colored shirt feel hotter in the sun than a white shirt?,fk_grade=4.2_out_of_band,4
MS-PS4,MS-PS4-2,conceptual,Why can you see through glass but not through a brick wall?,fk_grade=0.9_out_of_band,4
MS-PS4,MS-PS4-2,conceptual,Why does an echo happen when you shout near a large wall or cliff?,fk_grade=3.4_out_of_band,4
MS-PS4,MS-PS4-2,conceptual,Why does wearing sunscreen protect your skin from sunburn?,fk_grade=5.0_out_of_band,4
MS-PS4,MS-PS4-2,conceptual,Why do you lose radio signal when you drive through a tunnel?,fk_grade=4.8_out_of_band,4
MS-PS4,MS-PS4-2,conceptual,Why does a thin piece of paper block less light than a thick wooden board?,fk_grade=3.6_out_of_band,4
MS-PS4,MS-PS4-2,conceptual,Why can you hear someone talking in the next room even if you can't see them?,fk_grade=4.7_out_of_band,4
MS-PS4,MS-PS4-2,conceptual,Why do X-rays pass through soft tissue but not through bone?,fk_grade=1.6_out_of_band,4
MS-PS4,MS-PS4-2,applied,Why can you hear someone talking in the next room even when the door is closed?,fk_grade=4.7_out_of_band,4
MS-PS4,MS-PS4-2,applied,"Why can you see a fish inside an aquarium through the glass walls, but you can also see your own reflection in the glass at the same time?",fk_grade=10.1_out_of_band,4
MS-PS4,MS-PS4-2,applied,"Sunscreen is described as blocking UV rays from reaching your skin. In terms of waves, what is the sunscreen doing?",fk_grade=3.7_out_of_band,4
MS-PS4,MS-PS4-3,applied,Imagine you are sending a text message across a long distance and there is some electrical interference along the way. Would your friend be more likely to receive the correct message if it were sent as a digital signal or an analog signal?,fk_grade=10.9_out_of_band,4
MS-LS1,MS-LS1-2,recall,What is a cell?,fk_grade=-2.2_out_of_band,4
MS-LS1,MS-LS1-2,recall,What is the function of the cell membrane?,fk_grade=2.3_out_of_band,4
MS-LS1,MS-LS1-2,recall,What organelle is known as the 'powerhouse of the cell'?,fk_grade=3.7_out_of_band,4
MS-LS1,MS-LS1-2,recall,What is the nucleus of a cell?,fk_grade=2.3_out_of_band,4
MS-LS1,MS-LS1-2,recall,What is the function of the ribosome?,fk_grade=4.0_out_of_band,4
MS-LS1,MS-LS1-2,recall,"What is the cell wall, and which types of cells have one?",fk_grade=0.9_out_of_band,4
MS-LS1,MS-LS1-2,recall,What does the vacuole do in a plant cell?,fk_grade=1.0_out_of_band,4
MS-LS1,MS-LS1-3,recall,What is a tissue?,fk_grade=0.7_out_of_band,4
MS-LS1,MS-LS1-3,recall,What is an organ?,fk_grade=0.7_out_of_band,4
MS-LS1,MS-LS1-3,recall,What is an organ system?,fk_grade=2.9_out_of_band,4
MS-LS1,MS-LS1-3,recall,What is the smallest unit of life that makes up all living things?,fk_grade=4.0_out_of_band,4
MS-LS1,MS-LS1-3,recall,What is the correct order of organization from smallest to largest in the human body?,fk_grade=9.9_out_of_band,4
MS-LS1,MS-LS1-3,recall,What organ system is responsible for pumping blood throughout the body?,fk_grade=9.1_out_of_band,4
MS-LS1,MS-LS1-3,recall,What do we call the study of the structure of the body and its parts?,fk_grade=4.4_out_of_band,4
MS-LS1,MS-LS1-3,recall,What is the nervous system?,fk_grade=2.9_out_of_band,4
MS-LS1,MS-LS1-5,recall,What does the word 'nutrient' mean in the context of plant growth?,fk_grade=3.8_out_of_band,4
MS-LS1,MS-LS1-6,recall,What is photosynthesis?,fk_grade=13.1_out_of_band,4
MS-LS1,MS-LS1-6,recall,What are the raw materials (reactants) a plant needs to carry out photosynthesis?,fk_grade=10.4_out_of_band,4
MS-LS1,MS-LS1-6,recall,Where in a plant cell does photosynthesis take place?,fk_grade=5.0_out_of_band,4
MS-LS1,MS-LS1-8,recall,What is a stimulus?,fk_grade=3.7_out_of_band,4
MS-LS1,MS-LS1-1,conceptual,Why do scientists say the cell is the basic unit of life?,fk_grade=4.8_out_of_band,4
MS-LS1,MS-LS1-1,conceptual,"Why do larger, more complex organisms need many different types of cells instead of just one kind?",fk_grade=9.1_out_of_band,4
MS-LS1,MS-LS1-1,conceptual,How does a single-celled organism like an amoeba survive without having multiple cells working together?,fk_grade=13.9_out_of_band,4
MS-LS1,MS-LS1-3,conceptual,Why can't a single cell do everything the body needs on its own?,fk_grade=4.9_out_of_band,4
MS-LS1,MS-LS1-3,conceptual,How does the digestive system working properly help the muscular system do its job?,fk_grade=9.3_out_of_band,4
MS-LS1,MS-LS1-3,conceptual,"Why does damaging one body system, like the circulatory system, cause problems in other body systems too?",fk_grade=11.9_out_of_band,4
MS-LS2,MS-LS2-1,recall,What is a population in ecology?,fk_grade=10.4_out_of_band,4
MS-LS2,MS-LS2-1,recall,What are abiotic resources in an ecosystem?,fk_grade=10.7_out_of_band,4
MS-LS2,MS-LS2-1,recall,What is competition in an ecosystem?,fk_grade=10.4_out_of_band,4
MS-LS2,MS-LS2-3,recall,What is a food web?,fk_grade=-1.8_out_of_band,4
MS-LS2,MS-LS2-3,recall,What does the term 'nutrient cycle' mean?,fk_grade=4.0_out_of_band,4
MS-LS2,MS-LS2-4,recall,What is a population in an ecosystem?,fk_grade=9.1_out_of_band,4
MS-LS2,MS-LS2-4,recall,What does the term 'ecosystem' mean?,fk_grade=4.5_out_of_band,4
MS-LS2,MS-LS2-4,recall,What is carrying capacity?,fk_grade=12.5_out_of_band,4
MS-LS2,MS-LS2-4,recall,What is a keystone species?,fk_grade=2.9_out_of_band,4
MS-LS2,MS-LS2-4,recall,What does 'biodiversity' mean?,fk_grade=12.5_out_of_band,4
MS-LS2,MS-LS2-4,recall,What is the difference between a biotic and an abiotic factor in an ecosystem?,fk_grade=10.9_out_of_band,4
MS-LS2,MS-LS2-4,recall,What is habitat loss?,fk_grade=3.7_out_of_band,4
MS-LS2,MS-LS2-5,recall,What is biodiversity?,fk_grade=17.0_out_of_band,4
MS-LS2,MS-LS2-5,recall,What are ecosystem services?,fk_grade=12.5_out_of_band,4
MS-LS2,MS-LS2-5,recall,What is a keystone species?,fk_grade=2.9_out_of_band,4
MS-LS2,MS-LS2-5,recall,What does it mean for a species to be endangered?,fk_grade=3.7_out_of_band,4
MS-LS2,MS-LS2-5,recall,What is habitat fragmentation?,fk_grade=12.5_out_of_band,4
MS-LS2,MS-LS2-2,conceptual,How does removing one species from an ecosystem affect the other organisms living there?,fk_grade=11.8_out_of_band,4
MS-LS2,MS-LS2-3,conceptual,How does matter get recycled in an ecosystem when organisms die?,fk_grade=10.2_out_of_band,4
MS-LS3,MS-LS3-1,recall,What is a mutation?,fk_grade=3.7_out_of_band,4
MS-LS3,MS-LS3-1,recall,What is a chromosome?,fk_grade=3.7_out_of_band,4
MS-LS3,MS-LS3-1,recall,What is a protein?,fk_grade=0.7_out_of_band,4
MS-LS3,MS-LS3-1,recall,What is a gene?,fk_grade=-2.2_out_of_band,4
MS-LS3,MS-LS3-1,recall,What are the building blocks that make up proteins?,fk_grade=2.3_out_of_band,4
MS-LS3,MS-LS3-1,recall,What does it mean for a mutation to be harmful?,fk_grade=3.7_out_of_band,4
MS-LS3,MS-LS3-1,recall,What does it mean for a mutation to be neutral?,fk_grade=3.7_out_of_band,4
MS-LS3,MS-LS3-1,recall,"What is the relationship between DNA, genes, and chromosomes?",fk_grade=10.2_out_of_band,4
MS-LS3,MS-LS3-2,recall,What is asexual reproduction?,fk_grade=15.5_out_of_band,4
MS-LS3,MS-LS3-2,recall,What is sexual reproduction?,fk_grade=12.5_out_of_band,4
MS-LS3,MS-LS3-2,recall,What is a clone?,fk_grade=-2.2_out_of_band,4
MS-LS3,MS-LS3-2,recall,What is genetic variation?,fk_grade=12.5_out_of_band,4
MS-LS3,MS-LS3-2,recall,What is a gamete?,fk_grade=0.7_out_of_band,4
MS-LS3,MS-LS3-2,recall,What is fertilization?,fk_grade=13.1_out_of_band,4
MS-LS3,MS-LS3-2,recall,What is a zygote?,fk_grade=0.7_out_of_band,4
MS-LS3,MS-LS3-2,recall,What type of cell division is used in asexual reproduction?,fk_grade=9.6_out_of_band,4
MS-LS3,MS-LS3-2,recall,What is a mutation?,fk_grade=3.7_out_of_band,4
MS-LS3,MS-LS3-2,recall,What does it mean for an organism to be haploid?,fk_grade=4.8_out_of_band,4
MS-LS3,MS-LS3-2,recall,What is a gene?,fk_grade=-2.2_out_of_band,4
MS-LS3,MS-LS3-1,conceptual,How can a mutation ever be beneficial to an organism?,fk_grade=10.7_out_of_band,4
MS-LS3,MS-LS3-1,conceptual,How does the location of a mutation on a chromosome affect how serious its impact is?,fk_grade=9.8_out_of_band,4
MS-LS3,MS-LS3-1,conceptual,Why can the same type of mutation sometimes cause a big problem in one protein but almost no problem in a different protein?,fk_grade=10.3_out_of_band,4
MS-LS3,MS-LS3-2,conceptual,Why do offspring produced by asexual reproduction end up with the exact same genetic information as their parent?,fk_grade=13.1_out_of_band,4
MS-LS3,MS-LS3-2,conceptual,Why does sexual reproduction produce offspring that are not identical to either parent?,fk_grade=12.2_out_of_band,4
MS-LS3,MS-LS3-2,conceptual,Why is a bacterial cell produced by binary fission considered a clone of the original cell?,fk_grade=11.3_out_of_band,4
MS-LS3,MS-LS3-2,conceptual,How does fertilization contribute to genetic variation in sexually reproducing organisms?,fk_grade=22.0_out_of_band,4
MS-LS3,MS-LS3-2,conceptual,Why do strawberry plants grown from runners (a form of asexual reproduction) look identical to the parent plant?,fk_grade=11.8_out_of_band,4
MS-LS3,MS-LS3-2,conceptual,Why is genetic variation important for a population's ability to survive a change in the environment?,fk_grade=15.0_out_of_band,4
MS-LS3,MS-LS3-2,conceptual,How do chromosomes act as carriers of genetic information passed from parents to offspring?,fk_grade=10.9_out_of_band,4
MS-LS3,MS-LS3-2,conceptual,Why does an organism that reproduces asexually have very little genetic variation compared to one that reproduces sexually?,fk_grade=18.3_out_of_band,4
MS-LS3,MS-LS3-2,conceptual,How does the random shuffling of chromosomes during sex cell formation increase the number of possible genetic combinations?,fk_grade=13.7_out_of_band,4
MS-LS3,MS-LS3-2,conceptual,Why do identical twins have the same genetic information while fraternal twins do not?,fk_grade=10.1_out_of_band,4
MS-LS3,MS-LS3-2,conceptual,Why is a genetically identical copy of an organism called a clone?,fk_grade=10.7_out_of_band,4
MS-LS3,MS-LS3-2,conceptual,How does having two parents instead of one lead to more genetic diversity in a species?,fk_grade=9.1_out_of_band,4
MS-LS3,MS-LS3-2,conceptual,Why can a single sea anemone reproduce by splitting in half and produce offspring identical to itself?,fk_grade=11.2_out_of_band,4
MS-LS3,MS-LS3-2,conceptual,"Why does sexual reproduction in plants, such as when pollen fertilizes an egg, produce seeds that can grow into plants different from either parent?",fk_grade=12.9_out_of_band,4
MS-LS3,MS-LS3-2,conceptual,"How does asexual reproduction allow an organism to pass on all of its genes, while sexual reproduction only allows it to pass on half?",fk_grade=13.9_out_of_band,4
MS-LS4,MS-LS4-3,recall,What is an embryo?,fk_grade=3.7_out_of_band,4
MS-LS4,MS-LS4-3,recall,What is embryology?,fk_grade=13.1_out_of_band,4
MS-LS4,MS-LS4-3,recall,What does the word 'embryological development' mean?,fk_grade=10.7_out_of_band,4
MS-LS4,MS-LS4-3,recall,Why do scientists compare the embryos of different species?,fk_grade=10.2_out_of_band,4
MS-LS4,MS-LS4-3,recall,"What are gill slits, and in which embryos are they found?",fk_grade=2.6_out_of_band,4
MS-LS4,MS-LS4-3,recall,What does it mean when two species share similar structures during embryological development?,fk_grade=12.2_out_of_band,4
MS-LS4,MS-LS4-3,recall,What is a vertebrate?,fk_grade=3.7_out_of_band,4
MS-LS4,MS-LS4-3,recall,What does 'anatomical similarity' mean?,fk_grade=17.0_out_of_band,4
MS-LS4,MS-LS4-3,recall,What are homologous structures?,fk_grade=9.6_out_of_band,4
MS-LS4,MS-LS4-3,recall,During which stage of development do different vertebrate embryos look most similar to each other?,fk_grade=12.3_out_of_band,4
MS-LS4,MS-LS4-3,recall,What is pictorial data?,fk_grade=9.6_out_of_band,4
MS-LS4,MS-LS4-3,recall,What does 'phylogenetic relationship' mean?,fk_grade=14.7_out_of_band,4
MS-LS4,MS-LS4-3,recall,What is the name of the scientist who first widely compared vertebrate embryos to show evolutionary relationships?,fk_grade=13.9_out_of_band,4
MS-LS4,MS-LS4-3,recall,What feature found in early human embryos suggests humans share a common ancestor with fish?,fk_grade=9.9_out_of_band,4
MS-LS4,MS-LS4-6,recall,What is natural selection?,fk_grade=9.6_out_of_band,4
MS-LS4,MS-LS4-6,recall,What is a trait in biology?,fk_grade=4.5_out_of_band,4
MS-LS4,MS-LS4-6,recall,What is a population in biology?,fk_grade=10.4_out_of_band,4
MS-LS4,MS-LS4-6,recall,What does it mean when scientists say a trait has increased in frequency in a population over several generations?,fk_grade=11.7_out_of_band,4
MS-LS4,MS-LS4-6,recall,What is a bar graph used for when studying natural selection in a population?,fk_grade=9.3_out_of_band,4
MS-LS4,MS-LS4-6,recall,What is adaptation in biology?,fk_grade=12.3_out_of_band,4
MS-LS4,MS-LS4-1,conceptual,Why do scientists assume that the same natural laws that exist today also operated millions of years ago?,fk_grade=11.8_out_of_band,4
MS-LS4,MS-LS4-1,conceptual,Why are fossils found in deeper rock layers generally considered to be older than fossils found in shallower layers?,fk_grade=11.7_out_of_band,4
MS-LS4,MS-LS4-1,conceptual,How do fossils show that life on Earth has changed over time?,fk_grade=2.9_out_of_band,4
MS-LS4,MS-LS4-1,conceptual,How does the fossil record provide evidence that mass extinctions have happened in Earth's history?,fk_grade=9.9_out_of_band,4
MS-LS4,MS-LS4-1,conceptual,Why is it important that scientists find transitional fossils when studying how life has changed?,fk_grade=9.9_out_of_band,4
MS-LS4,MS-LS4-1,conceptual,Why do some groups of organisms appear suddenly in the fossil record without many earlier ancestors present?,fk_grade=13.3_out_of_band,4
MS-LS4,MS-LS4-1,conceptual,How does comparing fossils from different time periods help scientists understand the diversity of past life?,fk_grade=12.8_out_of_band,4
MS-LS4,MS-LS4-1,conceptual,"Why do certain types of organisms, like trilobites, only appear in older rock layers and not in more recent ones?",fk_grade=9.9_out_of_band,4
MS-LS4,MS-LS4-1,conceptual,"Why does the fossil record show more species of organisms today, or in more recent layers, compared to very ancient layers?",fk_grade=11.7_out_of_band,4
MS-LS4,MS-LS4-1,conceptual,How does the presence of similar fossils on different continents provide evidence about Earth's past?,fk_grade=11.5_out_of_band,4
MS-LS4,MS-LS4-1,conceptual,Why is it useful for scientists to look for patterns across many fossils rather than drawing conclusions from just one fossil?,fk_grade=11.1_out_of_band,4
MS-LS4,MS-LS4-2,conceptual,Why do scientists compare the bones in a human arm to the bones in a whale's flipper to learn about evolution?,fk_grade=9.5_out_of_band,4
MS-LS4,MS-LS4-2,conceptual,Why do organisms that share more anatomical similarities tend to be more closely related on an evolutionary tree?,fk_grade=15.7_out_of_band,4
MS-LS4,MS-LS4-2,conceptual,How can fossils help scientists figure out what ancient organisms were related to modern ones?,fk_grade=10.7_out_of_band,4
MS-LS4,MS-LS4-2,conceptual,Why do some organisms that look very different on the outside still have similar internal bone structures?,fk_grade=11.2_out_of_band,4
MS-LS4,MS-LS4-2,conceptual,How does finding a fossil with features of two different modern groups of animals help explain evolutionary relationships?,fk_grade=14.4_out_of_band,4
MS-LS4,MS-LS4-2,conceptual,"Why would a snake having tiny, hidden leg bones be evidence of its evolutionary history?",fk_grade=11.5_out_of_band,4
MS-LS4,MS-LS4-2,conceptual,How do scientists use anatomical similarities to build an evolutionary tree showing how species are related?,fk_grade=16.5_out_of_band,4
MS-LS4,MS-LS4-2,conceptual,Why does the presence of a similar structure in two very different organisms suggest they share a common ancestor rather than just being a coincidence?,fk_grade=14.9_out_of_band,4
MS-LS4,MS-LS4-2,conceptual,How does comparing the anatomy of a modern bird to a fossil like Archaeopteryx help explain how birds evolved?,fk_grade=9.8_out_of_band,4
MS-LS4,MS-LS4-2,conceptual,Why do scientists consider the overall pattern of anatomical evidence across many species rather than just comparing two species at a time?,fk_grade=15.5_out_of_band,4
MS-LS4,MS-LS4-2,conceptual,How can the anatomy of an extinct organism tell us what environment or lifestyle it was adapted to?,fk_grade=11.8_out_of_band,4
MS-LS4,MS-LS4-2,conceptual,Why do vestigial structures support the idea that species change over long periods of time?,fk_grade=10.7_out_of_band,4
MS-LS4,MS-LS4-2,conceptual,How does the similarity between the flipper bones of a dolphin and the hand bones of a human tell us something about their common ancestor?,fk_grade=12.1_out_of_band,4
MS-LS4,MS-LS4-2,conceptual,Why do scientists say that anatomical evidence alone is not always enough to determine how closely two species are related?,fk_grade=14.0_out_of_band,4
MS-LS4,MS-LS4-2,conceptual,How does finding the same type of fossil in rock layers of the same age on different continents help scientists understand the evolutionary history of a group of organisms?,fk_grade=16.1_out_of_band,4
MS-LS4,MS-LS4-2,conceptual,Why do closely related species tend to have more similar body structures than distantly related species?,fk_grade=12.0_out_of_band,4
MS-LS4,MS-LS4-2,conceptual,How does the gradual change seen in a sequence of fossils over time provide evidence for evolution?,fk_grade=10.5_out_of_band,4
MS-LS4,MS-LS4-1,applied,"If you find two fossils in different rock layers, one near the bottom of a cliff and one near the top, which fossil is probably from an older organism, and what does that tell you about when that creature lived?",fk_grade=15.9_out_of_band,4
MS-LS4,MS-LS4-1,applied,"A scientist finds fossils of a certain type of reptile in rock layers up to 66 million years old, but never in rock layers younger than that. What would you conclude happened to that reptile, and how does the fossil record support your answer?",fk_grade=9.3_out_of_band,4
MS-LS4,MS-LS4-1,applied,"If fossil bones of a whale-like animal found in old rock layers look similar to the leg bones of a land mammal, what does that pattern in the fossil record suggest about how whales changed over a very long time?",fk_grade=16.2_out_of_band,4
MS-LS4,MS-LS4-2,applied,A scientist finds a fossil of an ancient whale-like creature that had small hind leg bones inside its body. Modern whales have tiny leftover hip and leg bones but no legs. What do these similar structures tell us about the evolutionary relationship between ancient land mammals and modern whales?,fk_grade=9.3_out_of_band,4
MS-LS4,MS-LS4-2,applied,"If you compare the arm bones of a human, a cat, a whale, and a bat, you find they all have the same set of bones (humerus, radius, ulna, and hand bones) even though the limbs look very different and are used for different things. How would a scientist use this information to figure out if these animals are related?",fk_grade=12.4_out_of_band,4
MS-LS4,MS-LS4-2,applied,"A student is comparing a modern horse to fossils of an ancient horse called Eohippus. The fossil shows a small animal with four toes on each foot, while modern horses have only one large toe (hoof). How can this anatomical difference help scientists explain how modern horses evolved over time?",fk_grade=9.3_out_of_band,4
MS-LS4,MS-LS4-3,applied,"If you look at a chart showing early embryos of a fish and a human side by side, and you notice they both have gill slits and a tail, what would you predict about the evolutionary relationship between fish and humans?",fk_grade=17.4_out_of_band,4
MS-LS4,MS-LS4-3,applied,"A scientist shows you a picture of a snake embryo that has tiny leg buds early in development, even though adult snakes have no legs. What does this embryological evidence tell you about snakes' evolutionary history?",fk_grade=11.8_out_of_band,4
MS-LS4,MS-LS4-3,applied,"If you compared embryo pictures of a dolphin and a dog at an early stage and they looked nearly identical — including similar limb buds — but adult dolphins and dogs look very different, what conclusion would you draw?",fk_grade=17.3_out_of_band,4
MS-LS4,MS-LS4-3,applied,"You are looking at a display of early embryo images from a chicken, a turtle, and a crocodile, and they all look almost exactly the same at the earliest stage. What does this pattern of similarity predict about the relationship among these three animals?",fk_grade=12.6_out_of_band,4
MS-LS4,MS-LS4-3,applied,"A student is looking at embryo pictures and notices that a bat embryo and a human embryo both have nearly identical small arm buds at an early stage, even though a bat's arm eventually becomes a wing. What does this tell the student about bats and humans?",fk_grade=11.9_out_of_band,4
MS-LS4,MS-LS4-5,applied,"If a rancher wants a herd of cows that all produce more milk, how would using selective breeding over several generations help reach that goal?",fk_grade=11.2_out_of_band,4
MS-LS4,MS-LS4-5,applied,Scientists want to create salmon that grow to full size in half the normal time so fish farms can produce more food. How could inserting a growth gene from another organism into the salmon's DNA help accomplish this?,fk_grade=9.2_out_of_band,4
MS-ESS1,MS-ESS1-1,recall,What causes the Moon to appear to change shape over the course of a month?,fk_grade=4.4_out_of_band,4
MS-ESS1,MS-ESS1-1,recall,What is a lunar eclipse?,fk_grade=2.9_out_of_band,4
MS-ESS1,MS-ESS1-1,recall,What is a solar eclipse?,fk_grade=2.9_out_of_band,4
MS-ESS1,MS-ESS1-1,recall,How long does it take the Moon to complete one full cycle of phases?,fk_grade=4.2_out_of_band,4
MS-ESS1,MS-ESS1-1,recall,What causes Earth to have seasons?,fk_grade=2.5_out_of_band,4
MS-ESS1,MS-ESS1-1,recall,What is a new moon?,fk_grade=-1.8_out_of_band,4
MS-ESS1,MS-ESS1-1,recall,What is the term for the path Earth travels around the Sun?,fk_grade=2.9_out_of_band,4
MS-ESS1,MS-ESS1-2,recall,What keeps the planets in orbit around the Sun?,fk_grade=3.7_out_of_band,4
MS-ESS1,MS-ESS1-2,recall,What is a galaxy?,fk_grade=3.7_out_of_band,4
MS-ESS1,MS-ESS1-4,recall,What is the geologic time scale?,fk_grade=4.5_out_of_band,4
MS-ESS1,MS-ESS1-4,recall,What is rock strata?,fk_grade=0.7_out_of_band,4
MS-ESS1,MS-ESS1-4,recall,What is the principle of superposition?,fk_grade=10.4_out_of_band,4
MS-ESS1,MS-ESS1-2,conceptual,How does gravity hold a galaxy together?,fk_grade=9.1_out_of_band,4
MS-ESS1,MS-ESS1-4,conceptual,How do fossils found in rock strata help scientists organize the geologic time scale?,fk_grade=9.3_out_of_band,4
MS-ESS1,MS-ESS1-4,conceptual,Why is Earth's history divided into unequal chunks of time on the geologic time scale instead of equal intervals like a regular calendar?,fk_grade=14.4_out_of_band,4
MS-ESS1,MS-ESS1-4,conceptual,How does the principle of superposition help scientists read rock strata like a history book?,fk_grade=10.7_out_of_band,4
MS-ESS1,MS-ESS1-4,conceptual,Why do scientists need a geologic time scale when describing events in Earth's 4.6-billion-year history?,fk_grade=11.5_out_of_band,4
MS-ESS1,MS-ESS1-3,applied,"If you made a scale model of the solar system where Earth was the size of a marble (about 1 cm), how big would the Sun need to be?",fk_grade=9.6_out_of_band,4
MS-ESS1,MS-ESS1-4,applied,"If a geologist finds a canyon where the bottom rock layer contains trilobite fossils and the top layer contains dinosaur fossils, which layer formed first, and what does that tell you about when each organism was alive?",fk_grade=17.0_out_of_band,4
MS-ESS1,MS-ESS1-4,applied,"If a scientist is drilling deep underground and pulls up rock samples from different depths, how would she use the geologic time scale to figure out which sample is the oldest?",fk_grade=13.6_out_of_band,4
MS-ESS2,MS-ESS2-1,recall,What is the rock cycle?,fk_grade=0.5_out_of_band,4
MS-ESS2,MS-ESS2-1,recall,What is magma?,fk_grade=1.3_out_of_band,4
MS-ESS2,MS-ESS2-2,recall,What is a glacier?,fk_grade=0.7_out_of_band,4
MS-ESS2,MS-ESS2-2,recall,What does the word 'deposition' mean in Earth science?,fk_grade=5.0_out_of_band,4
MS-ESS2,MS-ESS2-2,recall,What is a fault in geology?,fk_grade=4.5_out_of_band,4
MS-ESS2,MS-ESS2-3,recall,What is Pangaea?,fk_grade=1.3_out_of_band,4
MS-ESS2,MS-ESS2-3,recall,What is seafloor spreading?,fk_grade=0.7_out_of_band,4
MS-ESS2,MS-ESS2-3,recall,What is a mid-ocean ridge?,fk_grade=2.9_out_of_band,4
MS-ESS2,MS-ESS2-3,recall,What scientist first proposed the idea of continental drift?,fk_grade=10.2_out_of_band,4
MS-ESS2,MS-ESS2-3,recall,What is a fossil?,fk_grade=0.7_out_of_band,4
MS-ESS2,MS-ESS2-4,recall,What is evaporation?,fk_grade=13.1_out_of_band,4
MS-ESS2,MS-ESS2-4,recall,What is precipitation?,fk_grade=13.1_out_of_band,4
MS-ESS2,MS-ESS2-5,recall,What is a front in weather?,fk_grade=0.5_out_of_band,4
MS-ESS2,MS-ESS2-5,recall,What is an air mass?,fk_grade=-1.8_out_of_band,4
MS-ESS2,MS-ESS2-5,recall,What type of weather does a cold front usually bring?,fk_grade=4.8_out_of_band,4
MS-ESS2,MS-ESS2-1,conceptual,How does heat from inside Earth help move tectonic plates?,fk_grade=3.7_out_of_band,4
MS-ESS2,MS-ESS2-2,applied,"If a river floods every spring and deposits mud and sand on the surrounding land, what would you expect that land to look like after thousands of years?",fk_grade=11.3_out_of_band,4
MS-ESS2,MS-ESS2-3,applied,"If you find identical fossil ferns in both South America and Africa, what does that tell you about where those continents were in the past?",fk_grade=11.6_out_of_band,4
MS-ESS2,MS-ESS2-3,applied,"If two continents have matching rock layers of the same age and type along their coastlines, what prediction would you make about their history?",fk_grade=11.0_out_of_band,4
MS-ESS2,MS-ESS2-3,applied,"If you look at a map and notice that the eastern coast of South America seems to fit like a puzzle piece into the western coast of Africa, how would a scientist use other evidence to test whether they were once connected?",fk_grade=17.6_out_of_band,4
MS-ESS2,MS-ESS2-3,applied,"If seafloor rocks near a mid-ocean ridge are younger than rocks farther away from the ridge, what does that tell you about how the seafloor has changed over time?",fk_grade=10.4_out_of_band,4
MS-ESS2,MS-ESS2-3,applied,"If a paleontologist finds fossils of the same marine reptile on continents that are now separated by thousands of miles of ocean, what can she conclude about the past positions of those continents?",fk_grade=16.6_out_of_band,4
MS-ESS3,MS-ESS3-1,recall,What is an aquifer?,fk_grade=3.7_out_of_band,4
MS-ESS3,MS-ESS3-1,recall,What are fossil fuels?,fk_grade=3.7_out_of_band,4
MS-ESS3,MS-ESS3-1,recall,What is ore?,fk_grade=-2.6_out_of_band,4
MS-ESS3,MS-ESS3-2,recall,What does the Richter scale measure?,fk_grade=2.5_out_of_band,4
MS-ESS3,MS-ESS3-2,recall,What is a seismograph?,fk_grade=3.7_out_of_band,4
MS-ESS3,MS-ESS3-3,recall,What is environmental monitoring?,fk_grade=18.4_out_of_band,4
MS-ESS3,MS-ESS3-3,recall,What is a carbon footprint?,fk_grade=2.9_out_of_band,4
MS-ESS3,MS-ESS3-3,recall,What does the term 'pollution' mean in science?,fk_grade=3.8_out_of_band,4
MS-ESS3,MS-ESS3-3,recall,What is deforestation?,fk_grade=13.1_out_of_band,4
MS-ESS3,MS-ESS3-3,recall,What is a watershed?,fk_grade=3.7_out_of_band,4
MS-ESS3,MS-ESS3-3,recall,What does 'biodegradable' mean?,fk_grade=12.5_out_of_band,4
MS-ESS3,MS-ESS3-3,recall,What is runoff?,fk_grade=1.3_out_of_band,4
MS-ESS3,MS-ESS3-4,recall,Approximately how many people live on Earth today?,fk_grade=9.7_out_of_band,4
MS-ESS3,MS-ESS3-4,recall,What is deforestation?,fk_grade=13.1_out_of_band,4
MS-ESS3,MS-ESS3-4,recall,What are fossil fuels?,fk_grade=3.7_out_of_band,4
MS-ESS3,MS-ESS3-4,recall,What does the term 'carrying capacity' mean in the context of human population and resources?,fk_grade=11.5_out_of_band,4
MS-ESS3,MS-ESS3-1,conceptual,Why is coal found in some parts of the world but not others?,fk_grade=2.2_out_of_band,4
MS-ESS3,MS-ESS3-1,conceptual,How does moving water underground create areas where groundwater is easy to find and areas where it is scarce?,fk_grade=11.1_out_of_band,4
MS-ESS3,MS-ESS3-1,conceptual,Why are valuable metal ores like gold and copper concentrated in certain spots instead of being spread evenly through Earth's crust?,fk_grade=11.1_out_of_band,4
MS-ESS3,MS-ESS3-2,conceptual,Why do scientists study patterns in past earthquake data to predict where future earthquakes might happen?,fk_grade=9.8_out_of_band,4
MS-ESS3,MS-ESS3-2,conceptual,Why does living near a volcano put people at greater risk even when the volcano isn't currently erupting?,fk_grade=11.8_out_of_band,4
MS-ESS3,MS-ESS3-2,conceptual,How does collecting data on storm patterns help scientists forecast when and where hurricanes will strike?,fk_grade=9.1_out_of_band,4
MS-ESS3,MS-ESS3-2,conceptual,How does planting trees and vegetation on hillsides help protect communities from landslides?,fk_grade=10.4_out_of_band,4
MS-ESS3,MS-ESS3-2,conceptual,Why are buildings in earthquake-prone areas designed differently from buildings in areas where earthquakes rarely occur?,fk_grade=12.8_out_of_band,4
MS-ESS3,MS-ESS3-3,conceptual,Why do scientists use water quality monitors in rivers near factories instead of just checking the water occasionally by eye?,fk_grade=14.0_out_of_band,4
MS-ESS3,MS-ESS3-3,conceptual,Why does reducing the amount of fertilizer a farmer applies help prevent a problem called algal bloom in nearby lakes?,fk_grade=11.1_out_of_band,4
MS-ESS3,MS-ESS3-1,applied,"A town gets its drinking water from underground wells, but a nearby town with the same amount of rainfall has to truck in water because their wells run dry. Using what you know about how groundwater is stored, what could explain why one town has more groundwater available than the other?",fk_grade=10.8_out_of_band,4
MS-ESS3,MS-ESS3-1,applied,A geologist notices that large copper and gold deposits are found in certain mountain ranges but almost never in the flat plains nearby. How do past geoscience processes explain why the valuable minerals ended up in the mountains and not the plains?,fk_grade=11.1_out_of_band,4
MS-ESS3,MS-ESS3-4,applied,"If the number of cars owned per family in a country increases, what would you predict would happen to air quality in that country?",fk_grade=11.0_out_of_band,4
MS-ETS1,MS-ETS1-2,recall,What are 'criteria' in an engineering design problem?,fk_grade=11.1_out_of_band,4
MS-ETS1,MS-ETS1-2,recall,What does it mean to use a 'systematic process' when evaluating design solutions?,fk_grade=11.3_out_of_band,4
MS-ETS1,MS-ETS1-2,recall,What are 'competing design solutions'?,fk_grade=10.0_out_of_band,4
MS-ETS1,MS-ETS1-2,recall,What is an 'evaluation matrix' (or decision matrix) used for in engineering?,fk_grade=11.7_out_of_band,4
MS-ETS1,MS-ETS1-2,recall,What is a prototype in engineering design?,fk_grade=9.1_out_of_band,4
MS-ETS1,MS-ETS1-3,recall,What is a 'design solution' in engineering?,fk_grade=9.1_out_of_band,4
MS-ETS1,MS-ETS1-3,recall,What are 'criteria for success' in an engineering design challenge?,fk_grade=10.7_out_of_band,4
MS-ETS1,MS-ETS1-3,recall,What is it called when engineers combine the best features from different designs into one new design?,fk_grade=9.1_out_of_band,4
MS-ETS1,MS-ETS1-3,recall,What does 'iterative' mean in the engineering design process?,fk_grade=10.2_out_of_band,4
MS-ETS1,MS-ETS1-3,recall,What does 'fair test' mean when comparing multiple engineering design solutions?,fk_grade=11.2_out_of_band,4
MS-ETS1,MS-ETS1-1,conceptual,Why do engineers need to clearly define the problem before they start designing a solution?,fk_grade=9.9_out_of_band,4
MS-ETS1,MS-ETS1-1,conceptual,Why do constraints matter when designing a solution to an engineering problem?,fk_grade=10.7_out_of_band,4
MS-ETS1,MS-ETS1-1,conceptual,How do criteria and constraints work together to guide an engineering design?,fk_grade=10.7_out_of_band,4
MS-ETS1,MS-ETS1-1,conceptual,Why do engineers have to think about impacts on the natural environment when defining a design problem?,fk_grade=11.9_out_of_band,4
MS-ETS1,MS-ETS1-1,conceptual,How can scientific principles limit the possible solutions to an engineering problem?,fk_grade=14.7_out_of_band,4
MS-ETS1,MS-ETS1-1,conceptual,Why is it important to be precise when writing the criteria for a design problem?,fk_grade=9.1_out_of_band,4
MS-ETS1,MS-ETS1-1,conceptual,How can potential impacts on people limit the solutions an engineer can choose?,fk_grade=9.4_out_of_band,4
MS-ETS1,MS-ETS1-1,conceptual,How does identifying constraints early in the design process save time and resources?,fk_grade=10.4_out_of_band,4
MS-ETS1,MS-ETS1-1,conceptual,"Why do different stakeholders, like users, builders, and community members, sometimes have different criteria for the same design problem?",fk_grade=14.8_out_of_band,4
MS-ETS1,MS-ETS1-1,conceptual,"Why is it important to consider scientific principles, like how materials behave, when setting criteria for a design?",fk_grade=15.0_out_of_band,4
MS-ETS1,MS-ETS1-1,conceptual,How can the same engineering problem have different sets of constraints depending on where or for whom the solution is being built?,fk_grade=11.2_out_of_band,4
MS-ETS1,MS-ETS1-3,conceptual,Why is it useful to test multiple design solutions instead of just building one and sticking with it?,fk_grade=9.1_out_of_band,4
MS-ETS1,MS-ETS1-3,conceptual,Why do engineers look for patterns in test data when comparing different design solutions?,fk_grade=10.9_out_of_band,4
MS-ETS1,MS-ETS1-3,conceptual,Why is it important that all design solutions are tested under the same conditions when comparing them?,fk_grade=10.5_out_of_band,4
MS-ETS1,MS-ETS1-3,conceptual,How does combining the best features of several designs lead to a solution that is better than any single original design?,fk_grade=12.3_out_of_band,4
MS-ETS1,MS-ETS1-3,conceptual,How does organizing test data into a table or chart help engineers identify the best characteristics of each design?,fk_grade=13.6_out_of_band,4
MS-ETS1,MS-ETS1-3,conceptual,Why can't engineers simply average the scores of two good designs and assume the combined design will perform at that average level?,fk_grade=11.8_out_of_band,4
MS-ETS1,MS-ETS1-4,conceptual,Why do engineers keep testing and modifying a design even after it already works?,fk_grade=10.9_out_of_band,4
MS-ETS1,MS-ETS1-4,conceptual,How does using a model allow engineers to test situations that would be dangerous or impossible to test with the real object?,fk_grade=12.3_out_of_band,4
MS-PS1,MS-PS1-1,recall,What is an extended structure in chemistry?,llm_inappropriate,4
MS-PS2,MS-PS2-4,recall,What is gravity?,llm_inappropriate,4
MS-PS2,MS-PS2-5,recall,What is the name of the scientist who used iron filings to show the shape of a magnetic field?,llm_inappropriate,4
MS-PS4,MS-PS4-1,conceptual,Why do ocean waves with taller crests cause more damage to a beach than smaller waves?,llm_inappropriate,4
MS-PS4,MS-PS4-2,conceptual,Why does the inside of a car get very hot when it is parked in the sun with the windows closed?,llm_inappropriate,4
MS-PS4,MS-PS4-2,conceptual,"Why does a smooth, calm lake surface act like a mirror when you look at it from an angle?",llm_inappropriate,4
MS-PS4,MS-PS4-2,applied,"If you wear a dark-colored shirt on a sunny day, why do you feel hotter than if you wore a white shirt?",llm_inappropriate,4
MS-LS2,MS-LS2-3,recall,What is a decomposer?,llm_inappropriate,4
MS-LS2,MS-LS2-4,recall,What is predation?,llm_inappropriate,4
MS-LS2,MS-LS2-5,recall,What is a wildlife reserve (or protected area)?,llm_inappropriate,4
MS-LS3,MS-LS3-2,recall,What is binary fission?,llm_inappropriate,4
MS-LS4,MS-LS4-5,applied,A farmer wants to grow tomatoes that stay firm and fresh longer on store shelves. How could genetic engineering be used to help create this kind of tomato?,llm_inappropriate,4
MS-ESS1,MS-ESS1-2,recall,What is gravity?,llm_inappropriate,4
MS-ESS2,MS-ESS2-2,recall,What is erosion?,llm_inappropriate,4
MS-ESS2,MS-ESS2-2,applied,"Imagine you find a smooth, rounded rock at the bottom of a fast-moving stream. What geoscience process most likely made it smooth, and how long do you think that process took?",llm_inappropriate,4
MS-ESS3,MS-ESS3-2,recall,What is a natural hazard?,llm_inappropriate,4
MS-ESS3,MS-ESS3-4,recall,What is a natural resource?,llm_inappropriate,4
MS-PS1,MS-PS1-1,recall,What does a chemical formula tell you about a substance?,duplicate,4
MS-PS1,MS-PS1-2,recall,What is a chemical reaction?,duplicate,4
MS-PS1,MS-PS1-2,recall,What does the term 'precipitate' mean in chemistry?,duplicate,4
MS-PS1,MS-PS1-2,recall,What are four signs that a chemical reaction has taken place?,duplicate,4
MS-PS1,MS-PS1-2,recall,What is a physical property of a substance?,duplicate,4
MS-PS1,MS-PS1-3,recall,What natural resource is rayon made from?,duplicate,4
MS-PS1,MS-PS1-3,recall,What is polyester made from?,duplicate,4
MS-PS1,MS-PS1-5,recall,What is a chemical reaction?,duplicate,4
MS-PS1,MS-PS1-5,recall,What does a balanced chemical equation show about atoms?,duplicate,4
MS-PS1,MS-PS1-1,conceptual,How does a chemical formula like CO₂ tell you about the structure of a molecule?,duplicate,4
MS-PS1,MS-PS1-4,conceptual,"Why does a substance's temperature stop rising while it is melting, even if you keep adding heat?",duplicate,4
MS-PS1,MS-PS1-4,conceptual,Why do particles in a gas move faster than particles in a solid made of the same substance?,duplicate,4
MS-PS1,MS-PS1-5,conceptual,Why doesn't the total mass change when a chemical reaction happens?,duplicate,4
MS-PS1,MS-PS1-5,conceptual,How can burning a log seem to make matter disappear if mass is always conserved?,duplicate,4
MS-PS1,MS-PS1-5,conceptual,Why do scientists count atoms on both sides of a chemical equation to check if it is balanced?,duplicate,4
MS-PS1,MS-PS1-2,applied,"When you mix baking soda and vinegar, bubbles form and the container feels cooler. What do these property changes tell you about whether a chemical reaction took place?",duplicate,4
MS-PS1,MS-PS1-2,applied,A steel nail left outside in the rain slowly turns reddish-brown and becomes flaky. How do the property changes in the nail show that a chemical reaction happened?,duplicate,4
MS-PS2,MS-PS2-3,recall,What happens to the strength of a magnetic force as two magnets are moved farther apart?,duplicate,4
MS-PS2,MS-PS2-4,recall,Is the gravitational force between two objects a push or a pull?,duplicate,4
MS-PS2,MS-PS2-5,recall,What is a gravitational field?,duplicate,4
MS-PS2,MS-PS2-5,recall,What happens to the strength of a magnetic force as you move two magnets farther apart?,duplicate,4
MS-PS2,MS-PS2-4,conceptual,Why does a more massive planet pull objects toward it more strongly than a less massive planet does?,duplicate,4
MS-PS3,MS-PS3-4,recall,What does it mean when two objects reach thermal equilibrium?,duplicate,4
MS-PS3,MS-PS3-4,recall,How does the mass of a substance affect how much its temperature changes when heated?,duplicate,4
MS-PS3,MS-PS3-5,recall,"If a rolling ball slows down and stops, what happened to its kinetic energy?",duplicate,4
MS-PS3,MS-PS3-4,conceptual,Why does a large pot of water take longer to heat up than a small cup of water on the same stove?,duplicate,4
MS-PS4,MS-PS4-2,recall,What does it mean when a wave is transmitted through a material?,duplicate,4
MS-PS4,MS-PS4-2,recall,What happens to the energy of a wave when it is absorbed by a material?,duplicate,4
MS-PS4,MS-PS4-3,recall,What is an analog signal?,duplicate,4
MS-PS4,MS-PS4-3,recall,What is a digital signal?,duplicate,4
MS-PS4,MS-PS4-3,recall,What does it mean to digitize information?,duplicate,4
MS-PS4,MS-PS4-3,recall,What is an example of an analog signal used in everyday life?,duplicate,4
MS-PS4,MS-PS4-1,conceptual,Why does a wave with a bigger amplitude carry more energy?,duplicate,4
MS-PS4,MS-PS4-1,conceptual,Why does a wave's amplitude decrease as the wave travels farther from its source?,duplicate,4
MS-PS4,MS-PS4-1,conceptual,How can you tell from a wave diagram which wave has the most energy?,duplicate,4
MS-PS4,MS-PS4-1,conceptual,How does the amplitude of a light wave relate to how bright the light appears?,duplicate,4
MS-LS1,MS-LS1-2,recall,What is chlorophyll?,duplicate,4
MS-LS1,MS-LS1-5,recall,What is a genetic factor that can influence how tall a plant grows?,duplicate,4
MS-LS1,MS-LS1-8,recall,What is a sensory receptor?,duplicate,4
MS-LS2,MS-LS2-1,recall,What is a limiting factor in an ecosystem?,duplicate,4
MS-LS2,MS-LS2-1,recall,What does the term 'carrying capacity' mean?,duplicate,4
MS-LS2,MS-LS2-1,recall,What happens to a population when its food supply drops sharply?,duplicate,4
MS-LS2,MS-LS2-3,recall,What is the original source of energy for most ecosystems on Earth?,duplicate,4
MS-LS2,MS-LS2-4,recall,What is a limiting factor in an ecosystem?,duplicate,4
MS-LS2,MS-LS2-4,recall,What is an invasive species?,duplicate,4
MS-LS2,MS-LS2-5,recall,What is an invasive species?,duplicate,4
MS-LS2,MS-LS2-5,recall,What is a wildlife corridor?,duplicate,4
MS-LS2,MS-LS2-2,conceptual,Why do predator and prey populations rise and fall together in a cycle?,duplicate,4
MS-LS2,MS-LS2-2,conceptual,Why do animals compete with each other even when they are not predators and prey?,duplicate,4
MS-LS2,MS-LS2-3,conceptual,Why does energy decrease as it moves from one level of a food chain to the next?,duplicate,4
MS-LS2,MS-LS2-4,conceptual,Why does a population of deer increase when wolves are removed from their ecosystem?,duplicate,4
MS-LS2,MS-LS2-4,conceptual,How does a long drought affect the populations of animals living in a grassland?,duplicate,4
MS-LS3,MS-LS3-1,recall,Where in the cell are chromosomes located?,duplicate,4
MS-LS3,MS-LS3-1,recall,What does it mean for a mutation to be beneficial?,duplicate,4
MS-LS3,MS-LS3-2,recall,What are chromosomes?,duplicate,4
MS-LS3,MS-LS3-2,recall,What type of cell division produces gametes?,duplicate,4
MS-LS3,MS-LS3-1,conceptual,Why does a change in a gene's DNA sequence sometimes change the protein that gene makes?,duplicate,4
MS-LS3,MS-LS3-1,conceptual,How can a single mutation in a gene lead to a harmful disease in an organism?,duplicate,4
MS-LS3,MS-LS3-2,conceptual,Why can two human siblings born from the same parents look different from each other?,duplicate,4
MS-LS4,MS-LS4-3,recall,What is a common ancestor?,duplicate,4
MS-LS4,MS-LS4-6,recall,What does 'selective pressure' mean?,duplicate,4
MS-LS4,MS-LS4-6,recall,What does 'heritable' mean when describing a trait?,duplicate,4
MS-ESS1,MS-ESS1-2,conceptual,Why do the planets keep orbiting the Sun instead of flying off into space?,duplicate,4
MS-ESS1,MS-ESS1-2,conceptual,Why do objects closer to the Sun orbit faster than objects farther away?,duplicate,4
MS-ESS1,MS-ESS1-4,conceptual,Why do scientists use rock layers to figure out how old different parts of Earth's history are?,duplicate,4
MS-ESS2,MS-ESS2-1,recall,What is the main source of energy that drives Earth's rock cycle and movement of tectonic plates?,duplicate,4
MS-ESS2,MS-ESS2-2,recall,What is weathering?,duplicate,4
MS-ESS2,MS-ESS2-1,conceptual,Why do rocks that form deep underground eventually end up at Earth's surface?,duplicate,4
MS-ESS3,MS-ESS3-1,recall,What is a mineral resource?,duplicate,4
MS-ESS3,MS-ESS3-3,recall,What is an indicator species?,duplicate,4
MS-ESS3,MS-ESS3-4,recall,What does 'per-capita consumption' mean?,duplicate,4
MS-ETS1,MS-ETS1-2,recall,What are 'constraints' in an engineering design problem?,duplicate,4
MS-ETS1,MS-ETS1-2,recall,What is a 'trade-off' in engineering design?,duplicate,4
MS-ETS1,MS-ETS1-3,recall,What does the term 'constraints' mean in engineering design?,duplicate,4
MS-ETS1,MS-ETS1-3,recall,What is a prototype in engineering?,duplicate,4
MS-ETS1,MS-ETS1-3,recall,What is a trade-off in engineering design?,duplicate,4
MS-ETS1,MS-ETS1-3,conceptual,Why might a design that scores best overall in testing still not be the one engineers choose to build on?,duplicate,4
MS-ETS1,MS-ETS1-4,conceptual,Why is it important to change only one thing at a time when testing a design model?,duplicate,4
MS-PS1,MS-PS1-3,recall,What is a synthetic material?,fk_grade=10.0_out_of_band,5
MS-PS1,MS-PS1-3,recall,What is nylon made from?,fk_grade=0.5_out_of_band,5
MS-PS1,MS-PS1-3,recall,What does the word 'synthetic' mean in science?,fk_grade=3.8_out_of_band,5
MS-PS1,MS-PS1-3,recall,What natural resource is rubber originally made from?,fk_grade=11.1_out_of_band,5
MS-PS1,MS-PS1-3,recall,What is synthetic rubber made from?,fk_grade=4.5_out_of_band,5
MS-PS1,MS-PS1-3,recall,What is a polymer?,fk_grade=3.7_out_of_band,5
MS-PS1,MS-PS1-3,recall,What natural resource is glass made from?,fk_grade=4.0_out_of_band,5
MS-PS1,MS-PS1-3,recall,What is steel made from?,fk_grade=-1.8_out_of_band,5
MS-PS1,MS-PS1-3,recall,What is an alloy?,fk_grade=0.7_out_of_band,5
MS-PS1,MS-PS1-3,recall,What are pharmaceuticals?,fk_grade=13.1_out_of_band,5
MS-PS1,MS-PS1-3,recall,What natural resource is aspirin originally derived from?,fk_grade=12.6_out_of_band,5
MS-PS1,MS-PS1-3,recall,What is fertilizer used for in agriculture?,fk_grade=9.1_out_of_band,5
MS-PS1,MS-PS1-3,recall,What natural resource is used to make synthetic nitrogen fertilizer?,fk_grade=11.9_out_of_band,5
MS-PS1,MS-PS1-3,recall,What is one negative environmental impact of producing synthetic materials from petroleum?,fk_grade=17.6_out_of_band,5
MS-PS1,MS-PS1-3,recall,What is one positive impact that synthetic materials have had on society?,fk_grade=11.7_out_of_band,5
MS-PS1,MS-PS1-3,recall,What does biodegradable mean?,fk_grade=12.5_out_of_band,5
MS-PS1,MS-PS1-3,recall,Why are most plastics considered a pollution problem in the environment?,fk_grade=10.2_out_of_band,5
MS-PS1,MS-PS1-1,conceptual,Why do two substances made of the same elements sometimes behave completely differently from each other?,fk_grade=10.6_out_of_band,5
MS-PS1,MS-PS1-1,conceptual,Why do extended structures like table salt form a repeating pattern instead of individual separate molecules?,fk_grade=14.3_out_of_band,5
MS-PS1,MS-PS1-4,conceptual,Why does melting happen at a specific temperature instead of gradually over a wide range of temperatures?,fk_grade=11.9_out_of_band,5
MS-PS1,MS-PS1-6,conceptual,Why does a hand warmer get hot when you activate it?,fk_grade=3.7_out_of_band,5
MS-PS1,MS-PS1-6,conceptual,How does a cold pack absorb heat to make an injury feel cold?,fk_grade=4.0_out_of_band,5
MS-PS1,MS-PS1-6,conceptual,Why is it important to test and modify a device that uses a chemical reaction to release or absorb heat before using it in real life?,fk_grade=12.7_out_of_band,5
MS-PS1,MS-PS1-1,applied,"Table salt is made of sodium and chlorine atoms arranged in a repeating crystal structure. How is this different from a simple molecule like water, which only has 3 atoms?",fk_grade=9.1_out_of_band,5
MS-PS1,MS-PS1-1,applied,"If a friend says 'a water molecule and a hydrogen peroxide molecule are basically the same because they both contain hydrogen and oxygen,' how would you use atomic composition to explain why they are actually different?",fk_grade=19.4_out_of_band,5
MS-PS1,MS-PS1-6,applied,"If you mix the chemicals in a hand warmer packet and put it in your gloves on a cold day, what chemical process is happening and why does it make your hands feel warm?",fk_grade=12.6_out_of_band,5
MS-PS2,MS-PS2-3,recall,What is a magnetic force?,fk_grade=2.9_out_of_band,5
MS-PS2,MS-PS2-3,recall,What is an electric force?,fk_grade=2.9_out_of_band,5
MS-PS2,MS-PS2-3,recall,How does the amount of electric charge on an object affect the electric force it experiences?,fk_grade=10.6_out_of_band,5
MS-PS2,MS-PS2-3,recall,What are the two types of electric charges?,fk_grade=3.8_out_of_band,5
MS-PS2,MS-PS2-3,recall,What is a magnetic pole?,fk_grade=2.9_out_of_band,5
MS-PS2,MS-PS2-3,recall,What does it mean for a material to be a ferromagnetic material?,fk_grade=10.7_out_of_band,5
MS-PS2,MS-PS2-4,recall,In what direction does gravitational force act between two objects?,fk_grade=9.6_out_of_band,5
MS-PS2,MS-PS2-5,recall,What is a field in science?,fk_grade=0.5_out_of_band,5
MS-PS2,MS-PS2-5,recall,What is a magnetic field?,fk_grade=2.9_out_of_band,5
MS-PS2,MS-PS2-5,recall,What is an electric field?,fk_grade=2.9_out_of_band,5
MS-PS2,MS-PS2-1,conceptual,"Why don't you feel the same force on your hand when you gently tap a wall compared to when you punch it hard, if the wall always pushes back equally?",fk_grade=10.3_out_of_band,5
MS-PS2,MS-PS2-1,conceptual,"Why does a small car get pushed back more than a big truck when they collide head-on, even though they exert equal and opposite forces on each other?",fk_grade=10.9_out_of_band,5
MS-PS2,MS-PS2-1,applied,"If a small car and a large truck crash into each other head-on, which vehicle experiences the bigger force from the collision?",fk_grade=11.2_out_of_band,5
MS-PS2,MS-PS2-1,applied,"When two hockey players skating toward each other collide, what happens to the forces they each feel at the moment of impact?",fk_grade=10.2_out_of_band,5
MS-PS2,MS-PS2-2,applied,"If you push a shopping cart with the same force whether it is empty or full of groceries, which cart will speed up faster and why?",fk_grade=9.1_out_of_band,5
MS-PS3,MS-PS3-2,recall,What is potential energy?,fk_grade=9.6_out_of_band,5
MS-PS3,MS-PS3-2,recall,What is gravitational potential energy?,fk_grade=17.0_out_of_band,5
MS-PS3,MS-PS3-2,recall,What two factors determine how much gravitational potential energy an object has?,fk_grade=12.7_out_of_band,5
MS-PS3,MS-PS3-2,recall,What does it mean for objects to 'interact at a distance'?,fk_grade=4.8_out_of_band,5
MS-PS3,MS-PS3-2,recall,What is elastic potential energy?,fk_grade=12.3_out_of_band,5
MS-PS3,MS-PS3-2,recall,What happens to the gravitational potential energy stored in a book-Earth system when you lift the book higher off the floor?,fk_grade=10.6_out_of_band,5
MS-PS3,MS-PS3-2,recall,"If two magnets with opposite poles are pulled farther apart, what happens to the potential energy stored in that system?",fk_grade=10.5_out_of_band,5
MS-PS3,MS-PS3-2,recall,What is the scientific term for the type of potential energy stored between two electrically charged objects?,fk_grade=11.9_out_of_band,5
MS-PS3,MS-PS3-3,recall,What are the three ways thermal energy can be transferred?,fk_grade=4.8_out_of_band,5
MS-PS3,MS-PS3-4,recall,What is temperature a measure of?,fk_grade=4.5_out_of_band,5
MS-PS3,MS-PS3-4,recall,What is specific heat capacity?,fk_grade=10.0_out_of_band,5
MS-PS3,MS-PS3-4,recall,What is heat?,fk_grade=-2.6_out_of_band,5
MS-PS3,MS-PS3-4,recall,What is kinetic energy?,fk_grade=9.6_out_of_band,5
MS-PS3,MS-PS3-4,recall,"If two objects are made of the same material but one has more mass, which one needs more energy to raise its temperature by the same amount?",fk_grade=10.7_out_of_band,5
MS-PS3,MS-PS3-5,recall,What is kinetic energy?,fk_grade=9.6_out_of_band,5
MS-PS3,MS-PS3-5,recall,What does it mean for energy to be 'transferred'?,fk_grade=3.7_out_of_band,5
MS-PS3,MS-PS3-5,recall,What is the formula used to calculate kinetic energy?,fk_grade=10.2_out_of_band,5
MS-PS3,MS-PS3-1,conceptual,Why does a heavier object moving at the same speed have more kinetic energy than a lighter object?,fk_grade=9.8_out_of_band,5
MS-PS3,MS-PS3-1,conceptual,Why does doubling an object's speed increase its kinetic energy so much more than doubling its mass?,fk_grade=10.5_out_of_band,5
MS-PS4,MS-PS4-2,recall,What does it mean when a wave is reflected?,fk_grade=2.3_out_of_band,5
MS-PS4,MS-PS4-2,recall,What does it mean when a wave is absorbed by a material?,fk_grade=4.8_out_of_band,5
MS-PS4,MS-PS4-2,recall,What happens to light waves when they hit a mirror?,fk_grade=2.5_out_of_band,5
MS-PS4,MS-PS4-2,recall,"What is the term for a material that only partially transmits light, letting some through but scattering it, like frosted glass?",fk_grade=10.6_out_of_band,5
MS-PS4,MS-PS4-2,recall,What is the law of reflection?,fk_grade=2.5_out_of_band,5
MS-PS4,MS-PS4-3,recall,What does it mean to 'digitize' a signal?,fk_grade=3.8_out_of_band,5
MS-PS4,MS-PS4-3,recall,What is 'noise' in the context of signal transmission?,fk_grade=5.0_out_of_band,5
MS-PS4,MS-PS4-3,recall,What are bits?,fk_grade=-2.6_out_of_band,5
MS-PS4,MS-PS4-3,recall,Why are digital signals considered more reliable than analog signals when transmitted over long distances?,fk_grade=14.6_out_of_band,5
MS-PS4,MS-PS4-1,conceptual,Why does a loud sound hurt your ears but a quiet sound does not?,fk_grade=2.5_out_of_band,5
MS-PS4,MS-PS4-2,conceptual,Why does a mirror reflect light instead of letting it pass through?,fk_grade=4.8_out_of_band,5
MS-PS4,MS-PS4-2,conceptual,Why do sunglasses protect your eyes from bright light?,fk_grade=3.7_out_of_band,5
MS-PS4,MS-PS4-2,conceptual,Why does an echo happen when you shout toward a large wall or cliff?,fk_grade=4.2_out_of_band,5
MS-PS4,MS-PS4-2,conceptual,Why does a white shirt stay cooler in the sun than a black shirt?,fk_grade=2.5_out_of_band,5
MS-PS4,MS-PS4-2,conceptual,Why does sunscreen protect your skin from getting sunburned?,fk_grade=5.0_out_of_band,5
MS-PS4,MS-PS4-2,conceptual,Why does a thick foam wall reduce the sound you hear from the next room?,fk_grade=2.8_out_of_band,5
MS-PS4,MS-PS4-2,applied,Why can you see through a glass window but you can't see through a brick wall?,fk_grade=3.2_out_of_band,5
MS-PS4,MS-PS4-2,applied,Why does a white T-shirt keep you cooler on a sunny day than a black T-shirt?,fk_grade=3.9_out_of_band,5
MS-LS1,MS-LS1-2,recall,What is a cell membrane?,fk_grade=0.5_out_of_band,5
MS-LS1,MS-LS1-2,recall,What organelle is known as the 'powerhouse of the cell'?,fk_grade=3.7_out_of_band,5
MS-LS1,MS-LS1-2,recall,What is the function of the nucleus in a cell?,fk_grade=3.7_out_of_band,5
MS-LS1,MS-LS1-2,recall,What is a ribosome?,fk_grade=3.7_out_of_band,5
MS-LS1,MS-LS1-2,recall,What is the function of the vacuole in a cell?,fk_grade=2.5_out_of_band,5
MS-LS1,MS-LS1-3,recall,What is a tissue?,fk_grade=0.7_out_of_band,5
MS-LS1,MS-LS1-3,recall,What is an organ?,fk_grade=0.7_out_of_band,5
MS-LS1,MS-LS1-3,recall,What is an organ system?,fk_grade=2.9_out_of_band,5
MS-LS1,MS-LS1-3,recall,"What is the correct order of organization from smallest to largest in the human body, starting with cells?",fk_grade=10.4_out_of_band,5
MS-LS1,MS-LS1-5,recall,What is a genetic factor that influences how an organism grows?,fk_grade=10.2_out_of_band,5
MS-LS1,MS-LS1-5,recall,What does the word 'nutrient' mean in science?,fk_grade=3.8_out_of_band,5
MS-LS1,MS-LS1-6,recall,What is photosynthesis?,fk_grade=13.1_out_of_band,5
MS-LS1,MS-LS1-6,recall,What are the raw materials (reactants) a plant needs to carry out photosynthesis?,fk_grade=10.4_out_of_band,5
MS-LS1,MS-LS1-6,recall,Where in a plant cell does photosynthesis take place?,fk_grade=5.0_out_of_band,5
MS-LS1,MS-LS1-8,recall,What is a stimulus?,fk_grade=3.7_out_of_band,5
MS-LS1,MS-LS1-1,conceptual,Why do scientists say the cell is the basic unit of life?,fk_grade=4.8_out_of_band,5
MS-LS1,MS-LS1-1,conceptual,How does a single-celled organism survive when it has only one cell to do everything?,fk_grade=9.1_out_of_band,5
MS-LS1,MS-LS1-1,conceptual,Why do multicellular organisms have many different types of cells instead of all the same kind?,fk_grade=10.6_out_of_band,5
MS-LS1,MS-LS1-4,conceptual,Why do flowers have bright colors and sweet smells?,fk_grade=2.3_out_of_band,5
MS-LS2,MS-LS2-3,recall,What is a food web?,fk_grade=-1.8_out_of_band,5
MS-LS2,MS-LS2-3,recall,What is the difference between a producer and a consumer in an ecosystem?,fk_grade=10.4_out_of_band,5
MS-LS2,MS-LS2-3,recall,What is the carbon cycle?,fk_grade=2.9_out_of_band,5
MS-LS2,MS-LS2-3,recall,What is a trophic level?,fk_grade=2.9_out_of_band,5
MS-LS2,MS-LS2-3,recall,What does the 10% rule in energy transfer mean?,fk_grade=3.7_out_of_band,5
MS-LS2,MS-LS2-3,recall,What is photosynthesis?,fk_grade=13.1_out_of_band,5
MS-LS2,MS-LS2-3,recall,What is cellular respiration?,fk_grade=12.5_out_of_band,5
MS-LS2,MS-LS2-3,recall,What are abiotic factors in an ecosystem?,fk_grade=9.1_out_of_band,5
MS-LS2,MS-LS2-5,recall,What is biodiversity?,fk_grade=17.0_out_of_band,5
MS-LS2,MS-LS2-5,recall,What are ecosystem services?,fk_grade=12.5_out_of_band,5
MS-LS2,MS-LS2-5,recall,What does it mean when a species is described as endangered?,fk_grade=4.8_out_of_band,5
MS-LS2,MS-LS2-5,recall,What is habitat loss?,fk_grade=3.7_out_of_band,5
MS-LS2,MS-LS2-5,recall,What is a nature reserve?,fk_grade=2.9_out_of_band,5
MS-LS2,MS-LS2-5,recall,What does the term 'invasive species' mean?,fk_grade=4.0_out_of_band,5
MS-LS2,MS-LS2-5,recall,What is a keystone species?,fk_grade=2.9_out_of_band,5
MS-LS2,MS-LS2-5,recall,What is deforestation?,fk_grade=13.1_out_of_band,5
MS-LS2,MS-LS2-5,recall,What is captive breeding?,fk_grade=3.7_out_of_band,5
MS-LS2,MS-LS2-5,recall,"What is pollination, and why is it considered an ecosystem service?",fk_grade=10.2_out_of_band,5
MS-LS2,MS-LS2-5,recall,What is the Endangered Species Act?,fk_grade=4.5_out_of_band,5
MS-LS2,MS-LS2-5,recall,"What is monoculture, and how does it affect biodiversity?",fk_grade=10.2_out_of_band,5
MS-LS2,MS-LS2-5,recall,What does 'sustainable use' of a resource mean?,fk_grade=3.8_out_of_band,5
MS-LS2,MS-LS2-1,conceptual,How does a drought — a long period with very little rain — affect the number of animals living in an ecosystem?,fk_grade=11.1_out_of_band,5
MS-LS2,MS-LS2-3,conceptual,Why do ecosystems need decomposers like bacteria and fungi?,fk_grade=11.5_out_of_band,5
MS-LS3,MS-LS3-1,recall,What is a mutation?,fk_grade=3.7_out_of_band,5
MS-LS3,MS-LS3-1,recall,What is a chromosome?,fk_grade=3.7_out_of_band,5
MS-LS3,MS-LS3-1,recall,What is a protein?,fk_grade=0.7_out_of_band,5
MS-LS3,MS-LS3-1,recall,What is a gene?,fk_grade=-2.2_out_of_band,5
MS-LS3,MS-LS3-1,recall,What is a beneficial mutation?,fk_grade=10.0_out_of_band,5
MS-LS3,MS-LS3-1,recall,How many chromosomes do human body cells normally contain?,fk_grade=10.2_out_of_band,5
MS-LS3,MS-LS3-2,recall,What is asexual reproduction?,fk_grade=15.5_out_of_band,5
MS-LS3,MS-LS3-2,recall,What is sexual reproduction?,fk_grade=12.5_out_of_band,5
MS-LS3,MS-LS3-2,recall,What is a gene?,fk_grade=-2.2_out_of_band,5
MS-LS3,MS-LS3-2,recall,What is a clone?,fk_grade=-2.2_out_of_band,5
MS-LS3,MS-LS3-2,recall,What are gametes?,fk_grade=1.3_out_of_band,5
MS-LS3,MS-LS3-2,recall,What is fertilization?,fk_grade=13.1_out_of_band,5
MS-LS3,MS-LS3-2,recall,What is genetic variation?,fk_grade=12.5_out_of_band,5
MS-LS3,MS-LS3-2,recall,What is budding?,fk_grade=1.3_out_of_band,5
MS-LS3,MS-LS3-2,recall,What is a zygote?,fk_grade=0.7_out_of_band,5
MS-LS3,MS-LS3-2,conceptual,Why do offspring from asexual reproduction have the exact same genetic information as their parent?,fk_grade=13.1_out_of_band,5
MS-LS3,MS-LS3-2,conceptual,How does sexual reproduction create genetic variation in offspring?,fk_grade=15.5_out_of_band,5
MS-LS3,MS-LS3-2,conceptual,Why is a strawberry plant grown from a runner (a stem that sprouts a new plant) genetically identical to the original plant?,fk_grade=11.2_out_of_band,5
MS-LS3,MS-LS3-2,conceptual,Why does a population of organisms that only reproduces asexually have very little genetic variation?,fk_grade=17.8_out_of_band,5
MS-LS3,MS-LS3-2,conceptual,How do sperm and egg cells contribute to genetic variation during fertilization?,fk_grade=12.7_out_of_band,5
MS-LS3,MS-LS3-2,conceptual,Why can a hydra (a tiny water animal) that reproduces by budding produce offspring identical to itself?,fk_grade=13.3_out_of_band,5
MS-LS3,MS-LS3-2,conceptual,Why might genetic variation from sexual reproduction be beneficial for a population's survival?,fk_grade=17.6_out_of_band,5
MS-LS3,MS-LS3-2,conceptual,How does the random sorting of chromosomes during egg and sperm formation lead to variation in offspring?,fk_grade=10.5_out_of_band,5
MS-LS3,MS-LS3-2,conceptual,Why do identical twins have the same genetic information while fraternal twins do not?,fk_grade=10.1_out_of_band,5
MS-LS3,MS-LS3-2,conceptual,Why is a clone genetically identical to the organism it was made from?,fk_grade=9.4_out_of_band,5
MS-LS3,MS-LS3-2,conceptual,How does sexual reproduction 'shuffle' genes between generations?,fk_grade=14.1_out_of_band,5
MS-LS3,MS-LS3-2,conceptual,Why can two plants of the same species that reproduce sexually produce offspring with different flower colors?,fk_grade=11.2_out_of_band,5
MS-LS3,MS-LS3-2,conceptual,Why does asexual reproduction in bacteria allow them to multiply quickly but with little genetic change?,fk_grade=14.3_out_of_band,5
MS-LS4,MS-LS4-3,recall,What is an embryo?,fk_grade=3.7_out_of_band,5
MS-LS4,MS-LS4-3,recall,What is embryology?,fk_grade=13.1_out_of_band,5
MS-LS4,MS-LS4-3,recall,What are gill slits?,fk_grade=-2.2_out_of_band,5
MS-LS4,MS-LS4-3,recall,What is a tail bud in an embryo?,fk_grade=2.3_out_of_band,5
MS-LS4,MS-LS4-3,recall,What does it mean when two species share similar embryological features?,fk_grade=9.1_out_of_band,5
MS-LS4,MS-LS4-3,recall,What is comparative embryology?,fk_grade=18.4_out_of_band,5
MS-LS4,MS-LS4-3,recall,Why do human embryos and fish embryos look so similar in early stages?,fk_grade=9.4_out_of_band,5
MS-LS4,MS-LS4-3,recall,What is anatomy?,fk_grade=9.2_out_of_band,5
MS-LS4,MS-LS4-3,recall,What is a notochord?,fk_grade=3.7_out_of_band,5
MS-LS4,MS-LS4-3,recall,What does the term 'phylogeny' mean?,fk_grade=4.5_out_of_band,5
MS-LS4,MS-LS4-3,recall,What is pictorial data?,fk_grade=9.6_out_of_band,5
MS-LS4,MS-LS4-6,recall,What is natural selection?,fk_grade=9.6_out_of_band,5
MS-LS4,MS-LS4-6,recall,What does the word 'trait' mean in biology?,fk_grade=3.8_out_of_band,5
MS-LS4,MS-LS4-6,recall,What is a population in biology?,fk_grade=10.4_out_of_band,5
MS-LS4,MS-LS4-1,conceptual,Why are older fossils usually found in deeper rock layers than newer fossils?,fk_grade=9.4_out_of_band,5
MS-LS4,MS-LS4-1,conceptual,Why is it important that scientists assume natural laws work the same way today as they did in the past when studying fossils?,fk_grade=10.8_out_of_band,5
MS-LS4,MS-LS4-1,conceptual,Why does the fossil record show more diversity of life in more recent rock layers compared to very ancient ones?,fk_grade=9.9_out_of_band,5
MS-LS4,MS-LS4-1,conceptual,How can a fossil of a transitional species help scientists understand how one group of animals evolved into another?,fk_grade=12.9_out_of_band,5
MS-LS4,MS-LS4-2,conceptual,Why do scientists use similarities in bone structure to figure out if two animals are related?,fk_grade=11.3_out_of_band,5
MS-LS4,MS-LS4-2,conceptual,"Why do whales have small, hidden hip and leg bones even though they don't use them?",fk_grade=3.9_out_of_band,5
MS-LS4,MS-LS4-2,conceptual,How do homologous structures in different animals show that those animals share a common ancestor?,fk_grade=12.3_out_of_band,5
MS-LS4,MS-LS4-2,conceptual,Why do scientists think fossils of extinct organisms can help explain what modern organisms look like today?,fk_grade=11.9_out_of_band,5
MS-LS4,MS-LS4-2,conceptual,Why would two organisms that look very different on the outside still be considered closely related?,fk_grade=11.3_out_of_band,5
MS-LS4,MS-LS4-2,conceptual,How does comparing the skeletons of a human arm and a bird wing show that birds and humans share a common ancestor?,fk_grade=9.6_out_of_band,5
MS-LS4,MS-LS4-2,conceptual,"Why do scientists consider analogous structures, like a bird's wing and a butterfly's wing, weak evidence for a close evolutionary relationship?",fk_grade=15.6_out_of_band,5
MS-LS4,MS-LS4-2,conceptual,How can the presence of a tail bone in humans tell us something about our evolutionary history?,fk_grade=11.2_out_of_band,5
MS-LS4,MS-LS4-2,conceptual,Why do closely related species tend to have more anatomical features in common than distantly related species?,fk_grade=13.3_out_of_band,5
MS-LS4,MS-LS4-2,conceptual,How does finding a fossil with both reptile and bird features help scientists understand how birds evolved?,fk_grade=9.1_out_of_band,5
MS-LS4,MS-LS4-2,conceptual,"Why is the pattern of similar embryo shapes in fish, reptiles, and mammals considered evidence of a shared evolutionary ancestry?",fk_grade=14.6_out_of_band,5
MS-LS4,MS-LS4-2,conceptual,How do scientists use anatomical differences between fossil organisms and modern organisms to figure out how much time has passed since they shared a common ancestor?,fk_grade=16.3_out_of_band,5
MS-LS4,MS-LS4-2,conceptual,Why do scientists consider internal anatomy more reliable than external appearance when classifying evolutionary relationships?,fk_grade=23.3_out_of_band,5
MS-LS4,MS-LS4-2,conceptual,How does the presence of a similar four-chambered heart in birds and mammals suggest they share an evolutionary connection?,fk_grade=12.3_out_of_band,5
MS-LS4,MS-LS4-2,conceptual,Why do organisms that live in similar environments sometimes develop similar body features even if they are not closely related?,fk_grade=15.2_out_of_band,5
MS-LS4,MS-LS4-2,conceptual,How does comparing the number of shared anatomical features between two species help a scientist build an evolutionary tree?,fk_grade=14.2_out_of_band,5
MS-LS4,MS-LS4-1,applied,"If you look at rock layers and notice that one layer is packed with many different animal fossils, but the layer right above it has almost none, what event would scientists predict happened between those two layers?",fk_grade=16.7_out_of_band,5
MS-LS4,MS-LS4-1,applied,"If fossil horses found in the deepest (oldest) rock layers are small like a dog, but fossil horses in younger layers get progressively larger, what pattern would a scientist report from this data?",fk_grade=15.5_out_of_band,5
MS-LS4,MS-LS4-1,applied,A certain type of trilobite appears in fossil layers for about 270 million years and then completely disappears from all rock layers after that. What conclusion would scientists draw about this animal?,fk_grade=9.8_out_of_band,5
MS-LS4,MS-LS4-2,applied,"A scientist finds a fossil of an ancient fish with small, paddle-like limbs and compares it to a modern whale's flippers. What can the scientist conclude about the relationship between ancient fish and whales based on these similar bone structures?",fk_grade=10.2_out_of_band,5
MS-LS4,MS-LS4-2,applied,"If you look at the arm of a human, the front leg of a dog, and the wing of a bird, they all have the same set of bones arranged in a similar pattern. How does this similarity help scientists figure out if these animals are related?",fk_grade=9.4_out_of_band,5
MS-LS4,MS-LS4-2,applied,"Fossil records show that an ancient horse had four toes on each foot, but modern horses have only one toe (a hoof). How do scientists use this anatomical difference between fossil and modern horses to explain how horses evolved?",fk_grade=10.2_out_of_band,5
MS-LS4,MS-LS4-3,applied,"You are looking at pictures of a fish embryo and a human embryo at the same early stage of development, and they both show gill slits and a tail. What does this similarity tell you about how fish and humans are related?",fk_grade=9.7_out_of_band,5
MS-LS4,MS-LS4-3,applied,"A dolphin embryo has small leg-bud structures early in development, even though adult dolphins have no legs. If you saw this in an embryo picture, what would you conclude about the dolphin's evolutionary history compared to land mammals?",fk_grade=12.0_out_of_band,5
MS-LS4,MS-LS4-3,applied,"If you are trying to figure out whether a whale is more closely related to a fish or to a cow, and you are only allowed to look at early embryo pictures of all three animals, what specific pattern in the pictures would help you decide?",fk_grade=19.0_out_of_band,5
MS-LS4,MS-LS4-3,applied,You find a picture of an unknown animal's embryo that looks almost identical to a frog embryo at an early stage. What prediction would you make about the unknown animal's relationship to frogs before even seeing what the adult looks like?,fk_grade=11.7_out_of_band,5
MS-ESS1,MS-ESS1-1,recall,What is a lunar phase?,fk_grade=0.5_out_of_band,5
MS-ESS1,MS-ESS1-1,recall,What is a solar eclipse?,fk_grade=2.9_out_of_band,5
MS-ESS1,MS-ESS1-1,recall,What causes Earth's seasons?,fk_grade=3.7_out_of_band,5
MS-ESS1,MS-ESS1-1,recall,What is a lunar eclipse?,fk_grade=2.9_out_of_band,5
MS-ESS1,MS-ESS1-1,recall,How long does it take the Moon to complete one full cycle of phases?,fk_grade=4.2_out_of_band,5
MS-ESS1,MS-ESS1-1,recall,What is the new moon phase?,fk_grade=-1.4_out_of_band,5
MS-ESS1,MS-ESS1-2,recall,What keeps the planets in orbit around the Sun?,fk_grade=3.7_out_of_band,5
MS-ESS1,MS-ESS1-2,recall,What is a galaxy?,fk_grade=3.7_out_of_band,5
MS-ESS1,MS-ESS1-4,recall,What is the geologic time scale?,fk_grade=4.5_out_of_band,5
MS-ESS1,MS-ESS1-4,recall,What is rock strata?,fk_grade=0.7_out_of_band,5
MS-ESS1,MS-ESS1-3,conceptual,Why do scientists use astronomical units (AU) instead of kilometers when measuring distances in the solar system?,fk_grade=14.6_out_of_band,5
MS-ESS1,MS-ESS1-3,conceptual,"Why are the outer planets (Jupiter, Saturn, Uranus, Neptune) so much larger than the inner rocky planets?",fk_grade=11.2_out_of_band,5
MS-ESS1,MS-ESS1-3,conceptual,Why does Jupiter have a much stronger gravitational pull than Earth even though they are both planets?,fk_grade=9.1_out_of_band,5
MS-ESS1,MS-ESS1-4,applied,"If you find a rock layer with trilobite fossils below a layer with dinosaur fossils, what can you conclude about which layer is older, and how do you know?",fk_grade=12.4_out_of_band,5
MS-ESS1,MS-ESS1-4,applied,A geologist finds a layer of rock with no fossils at all beneath layers that contain simple ocean organisms. What does this tell us about where that fossil-free layer fits in Earth's history?,fk_grade=9.4_out_of_band,5
MS-ESS2,MS-ESS2-2,recall,What is deposition in geology?,fk_grade=12.3_out_of_band,5
MS-ESS2,MS-ESS2-2,recall,What is the difference between mechanical weathering and chemical weathering?,fk_grade=14.3_out_of_band,5
MS-ESS2,MS-ESS2-2,recall,What is a glacier?,fk_grade=0.7_out_of_band,5
MS-ESS2,MS-ESS2-2,recall,What does 'spatial scale' mean when scientists talk about geoscience processes?,fk_grade=9.1_out_of_band,5
MS-ESS2,MS-ESS2-2,recall,What is a river delta?,fk_grade=2.9_out_of_band,5
MS-ESS2,MS-ESS2-2,recall,What are tectonic plates?,fk_grade=3.7_out_of_band,5
MS-ESS2,MS-ESS2-2,recall,What is the geologic time scale?,fk_grade=4.5_out_of_band,5
MS-ESS2,MS-ESS2-2,recall,What is a floodplain?,fk_grade=0.7_out_of_band,5
MS-ESS2,MS-ESS2-4,recall,What is evaporation?,fk_grade=13.1_out_of_band,5
MS-ESS2,MS-ESS2-4,recall,What is precipitation?,fk_grade=13.1_out_of_band,5
MS-ESS2,MS-ESS2-4,recall,"What force pulls precipitation and surface water downhill toward oceans, rivers, and lakes?",fk_grade=10.4_out_of_band,5
MS-ESS2,MS-ESS2-1,conceptual,How does heat from the sun help move rocks and sediment through the rock cycle?,fk_grade=4.4_out_of_band,5
MS-ESS2,MS-ESS2-2,applied,"If a river floods every spring and deposits sediment on its banks for thousands of years, what would you expect the land next to the river to look like over time?",fk_grade=12.5_out_of_band,5
MS-ESS2,MS-ESS2-2,applied,"If you visited a beach every summer and noticed the shoreline was slowly moving inland, what geoscience process could be causing that change?",fk_grade=11.8_out_of_band,5
MS-ESS2,MS-ESS2-3,applied,"If you find the same type of ancient fern fossil in both Brazil and West Africa, what does that tell you about where those two continents were in the past?",fk_grade=11.1_out_of_band,5
MS-ESS2,MS-ESS2-3,applied,"If you look at a map and notice that the eastern coastline of South America fits together with the western coastline of Africa like puzzle pieces, how would a scientist use that observation as evidence of plate motion?",fk_grade=17.9_out_of_band,5
MS-ESS2,MS-ESS2-3,applied,Imagine you find layers of identical rock types along the coasts of two different continents that are now separated by an ocean. How would you use that rock data as evidence of past plate movement?,fk_grade=9.4_out_of_band,5
MS-ESS2,MS-ESS2-3,applied,"If seafloor rocks near the middle of the Atlantic Ocean are much younger than rocks found closer to the continents, what does that pattern tell you about how the ocean floor and the continents have moved?",fk_grade=14.5_out_of_band,5
MS-ESS3,MS-ESS3-1,recall,What is an ore?,fk_grade=-2.2_out_of_band,5
MS-ESS3,MS-ESS3-1,recall,What is an aquifer?,fk_grade=3.7_out_of_band,5
MS-ESS3,MS-ESS3-1,recall,What geologic process concentrates gold and other metal deposits near tectonic plate boundaries?,fk_grade=14.0_out_of_band,5
MS-ESS3,MS-ESS3-1,recall,What are fossil fuels?,fk_grade=3.7_out_of_band,5
MS-ESS3,MS-ESS3-1,recall,What is a sedimentary basin?,fk_grade=10.0_out_of_band,5
MS-ESS3,MS-ESS3-1,recall,Why are Earth's mineral resources unevenly distributed?,fk_grade=15.8_out_of_band,5
MS-ESS3,MS-ESS3-1,recall,What type of rock are most metal ores found in?,fk_grade=1.3_out_of_band,5
MS-ESS3,MS-ESS3-1,recall,What is the water table?,fk_grade=2.9_out_of_band,5
MS-ESS3,MS-ESS3-1,recall,What is natural gas mainly made of?,fk_grade=4.0_out_of_band,5
MS-ESS3,MS-ESS3-1,recall,What is a nonrenewable resource?,fk_grade=10.0_out_of_band,5
MS-ESS3,MS-ESS3-1,recall,What process forms diamonds deep in Earth?,fk_grade=2.3_out_of_band,5
MS-ESS3,MS-ESS3-1,recall,"What is evaporite, and how does it form?",fk_grade=2.3_out_of_band,5
MS-ESS3,MS-ESS3-1,recall,What is plate tectonics?,fk_grade=3.7_out_of_band,5
MS-ESS3,MS-ESS3-1,recall,How does volcanic activity create new mineral deposits?,fk_grade=14.1_out_of_band,5
MS-ESS3,MS-ESS3-1,recall,What is the difference between renewable and nonrenewable energy resources?,fk_grade=16.6_out_of_band,5
MS-ESS3,MS-ESS3-1,recall,"What is weathering and erosion, and how can they concentrate mineral resources?",fk_grade=10.7_out_of_band,5
MS-ESS3,MS-ESS3-2,conceptual,Why do scientists study records of past earthquakes to predict where future earthquakes might happen?,fk_grade=9.1_out_of_band,5
MS-ESS3,MS-ESS3-2,conceptual,How does monitoring small tremors and ground movement help scientists forecast a volcanic eruption?,fk_grade=11.8_out_of_band,5
MS-ESS3,MS-ESS3-2,conceptual,How does having an early warning system help reduce the number of people hurt by a natural hazard like an earthquake?,fk_grade=10.6_out_of_band,5
MS-ESS3,MS-ESS3-2,conceptual,Why are buildings in earthquake-prone cities designed with flexible frames and special foundations?,fk_grade=10.4_out_of_band,5
MS-ESS3,MS-ESS3-3,conceptual,Why do scientists use water quality testing as a way to monitor human impact on a local river?,fk_grade=11.1_out_of_band,5
MS-ESS3,MS-ESS3-3,conceptual,How does planting trees along riverbanks help minimize the human impact of water pollution from nearby farmland?,fk_grade=11.2_out_of_band,5
MS-ESS3,MS-ESS3-3,conceptual,Why is it important to collect data over a long period of time when monitoring how a new road construction project affects a nearby forest ecosystem?,fk_grade=15.0_out_of_band,5
MS-ESS3,MS-ESS3-1,applied,"If an oil company is deciding where to drill, why would they look in areas that were once covered by ancient shallow seas rather than in areas that have always been mountains?",fk_grade=13.9_out_of_band,5
MS-ETS1,MS-ETS1-2,recall,What are design criteria in an engineering problem?,fk_grade=11.1_out_of_band,5
MS-ETS1,MS-ETS1-2,recall,What does it mean to evaluate competing design solutions?,fk_grade=10.2_out_of_band,5
MS-ETS1,MS-ETS1-2,recall,What is a systematic process for evaluating designs?,fk_grade=12.6_out_of_band,5
MS-ETS1,MS-ETS1-3,recall,What does it mean to 'optimize' a design solution in engineering?,fk_grade=9.1_out_of_band,5
MS-ETS1,MS-ETS1-3,recall,What is a 'design criterion' (criteria) in an engineering project?,fk_grade=13.1_out_of_band,5
MS-ETS1,MS-ETS1-3,recall,What is the difference between design criteria and design constraints?,fk_grade=10.7_out_of_band,5
MS-ETS1,MS-ETS1-3,recall,What does 'analyzing test data' mean in the context of comparing design solutions?,fk_grade=10.4_out_of_band,5
MS-ETS1,MS-ETS1-3,recall,What is it called when engineers take the best features from several different designs and combine them into one improved design?,fk_grade=10.6_out_of_band,5
MS-ETS1,MS-ETS1-1,conceptual,Why do engineers need to clearly define the criteria for a design problem before they start building anything?,fk_grade=11.8_out_of_band,5
MS-ETS1,MS-ETS1-1,conceptual,How do scientific principles limit what an engineer can include as a possible solution?,fk_grade=12.6_out_of_band,5
MS-ETS1,MS-ETS1-1,conceptual,Why is it important for engineers to think about how their design might impact the natural environment when defining the problem?,fk_grade=12.8_out_of_band,5
MS-ETS1,MS-ETS1-1,conceptual,How does considering potential impacts on people help engineers define a better design problem?,fk_grade=12.6_out_of_band,5
MS-ETS1,MS-ETS1-1,conceptual,Why does defining a design problem with more precision lead to a more successful solution?,fk_grade=9.9_out_of_band,5
MS-ETS1,MS-ETS1-1,conceptual,"How are criteria different from constraints, and why do engineers need to know about both?",fk_grade=9.1_out_of_band,5
MS-ETS1,MS-ETS1-1,conceptual,Why might two engineers come up with completely different solutions to the same design problem?,fk_grade=9.9_out_of_band,5
MS-ETS1,MS-ETS1-1,conceptual,How does the cost constraint affect the range of possible solutions an engineer can consider?,fk_grade=9.9_out_of_band,5
MS-ETS1,MS-ETS1-1,conceptual,Why do engineers have to revisit and redefine the problem criteria and constraints if their first solution fails testing?,fk_grade=12.3_out_of_band,5
MS-ETS1,MS-ETS1-3,conceptual,Why is it helpful to test several different design solutions instead of just building and sticking with one?,fk_grade=9.8_out_of_band,5
MS-ETS1,MS-ETS1-3,conceptual,How can a design that didn't fully meet the criteria for success still be useful when trying to improve your solution?,fk_grade=11.1_out_of_band,5
MS-ETS1,MS-ETS1-3,conceptual,Why do engineers look for similarities in test data when comparing different design solutions?,fk_grade=13.5_out_of_band,5
MS-ETS1,MS-ETS1-3,conceptual,How does analyzing test data help engineers decide which parts of each design to combine into a new one?,fk_grade=9.8_out_of_band,5
MS-ETS1,MS-ETS1-3,conceptual,Why can't engineers just look at a design and guess which one is best without collecting and comparing test data?,fk_grade=9.3_out_of_band,5
MS-ETS1,MS-ETS1-3,conceptual,How do differences in test results between design solutions actually help engineers improve their final design?,fk_grade=14.3_out_of_band,5
MS-ETS1,MS-ETS1-4,conceptual,Why do engineers test a model of their design instead of just building the final product right away?,fk_grade=9.1_out_of_band,5
MS-ETS1,MS-ETS1-4,conceptual,How does making small changes to a design one at a time help engineers figure out what actually makes it better?,fk_grade=10.0_out_of_band,5
MS-PS1,MS-PS1-3,recall,What is a natural resource?,llm_inappropriate,5
MS-PS2,MS-PS2-4,recall,What is gravity?,llm_inappropriate,5
MS-PS4,MS-PS4-2,recall,"What is the word for a material that allows light waves to pass through it completely, like clear glass?",llm_inappropriate,5
MS-PS4,MS-PS4-2,recall,What do we call a material that blocks light waves and does not let any pass through?,llm_inappropriate,5
MS-PS4,MS-PS4-1,conceptual,Why do ocean waves with a greater height do more damage to a coastline than smaller waves?,llm_inappropriate,5
MS-PS4,MS-PS4-1,conceptual,Why does doubling the amplitude of a wave change the energy it carries?,llm_inappropriate,5
MS-PS4,MS-PS4-2,conceptual,Why does your hand feel warm when you hold it near a dark-colored surface that has been in the sun?,llm_inappropriate,5
MS-PS4,MS-PS4-2,conceptual,Why can you see objects clearly through a glass window but not through a wooden wall?,llm_inappropriate,5
MS-PS4,MS-PS4-2,conceptual,Why can't you see through frosted glass as clearly as regular clear glass even though both are made of glass?,llm_inappropriate,5
MS-LS1,MS-LS1-3,recall,What does the circulatory system do in the body?,llm_inappropriate,5
MS-LS2,MS-LS2-3,recall,What is a decomposer?,llm_inappropriate,5
MS-LS3,MS-LS3-2,recall,What is mitosis?,llm_inappropriate,5
MS-LS3,MS-LS3-1,conceptual,Why does a change in just one part of a gene sometimes cause a protein to stop working properly?,llm_inappropriate,5
MS-LS3,MS-LS3-1,conceptual,Why do some mutations have no effect at all on an organism?,llm_inappropriate,5
MS-LS4,MS-LS4-3,recall,What does the word 'embryological' mean?,llm_inappropriate,5
MS-LS4,MS-LS4-3,recall,Which group of animals are vertebrates?,llm_inappropriate,5
MS-LS4,MS-LS4-1,conceptual,Why do scientists find fossils of ocean animals on top of mountains?,llm_inappropriate,5
MS-ESS1,MS-ESS1-2,recall,What is gravity?,llm_inappropriate,5
MS-ESS1,MS-ESS1-3,conceptual,How does a planet's size affect its ability to hold onto an atmosphere?,llm_inappropriate,5
MS-ESS2,MS-ESS2-2,recall,What is erosion?,llm_inappropriate,5
MS-ESS2,MS-ESS2-2,recall,What is sediment?,llm_inappropriate,5
MS-ESS3,MS-ESS3-1,recall,What is groundwater?,llm_inappropriate,5
MS-PS1,MS-PS1-3,recall,What natural resource is plastic most commonly made from?,duplicate,5
MS-PS1,MS-PS1-3,recall,What is polyester made from?,duplicate,5
MS-PS1,MS-PS1-1,conceptual,Why does knowing the chemical formula of a molecule tell you what it is made of?,duplicate,5
MS-PS1,MS-PS1-4,conceptual,Why does a substance get warmer when you add thermal energy to it?,duplicate,5
MS-PS1,MS-PS1-5,conceptual,Why doesn't the total mass change when a chemical reaction happens?,duplicate,5
MS-PS1,MS-PS1-5,conceptual,How can burning a log seem to make mass disappear if mass is always conserved in a reaction?,duplicate,5
MS-PS1,MS-PS1-5,conceptual,Why do scientists count atoms on both sides of a chemical equation to check if it is balanced?,duplicate,5
MS-PS1,MS-PS1-6,applied,"A sports injury cold pack gets cold when you squeeze it and break an inner pouch, mixing two chemicals together. What type of chemical process is this, and where does the thermal energy go?",duplicate,5
MS-PS2,MS-PS2-3,recall,What happens to the electric force between two charged objects as they are moved farther apart?,duplicate,5
MS-PS2,MS-PS2-4,recall,What happens to the gravitational force between two objects if you increase the mass of one of them?,duplicate,5
MS-PS2,MS-PS2-5,recall,What is a gravitational field?,duplicate,5
MS-PS2,MS-PS2-5,recall,What does it mean when two objects interact through a non-contact force?,duplicate,5
MS-PS3,MS-PS3-3,recall,What is a thermal insulator?,duplicate,5
MS-PS3,MS-PS3-4,recall,What is thermal energy?,duplicate,5
MS-PS3,MS-PS3-4,recall,What unit is commonly used to measure thermal energy or heat transfer?,duplicate,5
MS-PS3,MS-PS3-4,recall,What does it mean when two objects reach thermal equilibrium?,duplicate,5
MS-PS3,MS-PS3-4,conceptual,Why does a large pot of water take longer to heat up than a small cup of water when placed on the same burner?,duplicate,5
MS-PS3,MS-PS3-4,conceptual,Why does the temperature of a material go up when you transfer energy to it?,duplicate,5
MS-PS4,MS-PS4-2,recall,What does it mean when a wave is transmitted through a material?,duplicate,5
MS-PS4,MS-PS4-3,recall,What is an analog signal?,duplicate,5
MS-PS4,MS-PS4-3,recall,What is a digital signal?,duplicate,5
MS-PS4,MS-PS4-3,recall,What kind of device converts an analog sound wave into a digital signal?,duplicate,5
MS-PS4,MS-PS4-1,conceptual,Why does a wave with a bigger amplitude carry more energy?,duplicate,5
MS-PS4,MS-PS4-1,conceptual,How can you tell just by looking at a wave diagram whether one wave has more energy than another?,duplicate,5
MS-PS4,MS-PS4-2,conceptual,Why can radio waves travel through the walls of your house to reach your radio or TV?,duplicate,5
MS-PS4,MS-PS4-2,applied,"If you put food wrapped in aluminum foil in a microwave, why doesn't the food heat up?",duplicate,5
MS-LS1,MS-LS1-2,recall,What is the difference between a plant cell and an animal cell in terms of cell walls?,duplicate,5
MS-LS1,MS-LS1-8,recall,What is a sensory receptor?,duplicate,5
MS-LS2,MS-LS2-3,recall,What is the nitrogen cycle?,duplicate,5
MS-LS2,MS-LS2-5,recall,What is a wildlife corridor?,duplicate,5
MS-LS2,MS-LS2-1,conceptual,Why does a population of rabbits grow larger when there is more grass available for them to eat?,duplicate,5
MS-LS2,MS-LS2-3,conceptual,Why does energy decrease as it moves from one level of a food chain to the next?,duplicate,5
MS-LS2,MS-LS2-3,conceptual,How does carbon get from the air into the body of an animal?,duplicate,5
MS-LS3,MS-LS3-1,recall,What is a harmful mutation?,duplicate,5
MS-LS3,MS-LS3-1,recall,What is a neutral mutation?,duplicate,5
MS-LS3,MS-LS3-2,recall,What are chromosomes?,duplicate,5
MS-LS3,MS-LS3-2,recall,What is meiosis?,duplicate,5
MS-LS3,MS-LS3-2,recall,How many chromosomes do human body cells normally have?,duplicate,5
MS-LS3,MS-LS3-2,recall,How many chromosomes does a human egg or sperm cell contain?,duplicate,5
MS-LS3,MS-LS3-1,conceptual,How can a mutation in a gene lead to a harmful effect on an organism?,duplicate,5
MS-LS3,MS-LS3-2,conceptual,Why do siblings who have the same parents still look different from each other?,duplicate,5
MS-LS4,MS-LS4-3,recall,What is a common ancestor?,duplicate,5
MS-LS4,MS-LS4-6,recall,What does 'fitness' mean in the context of natural selection?,duplicate,5
MS-LS4,MS-LS4-6,recall,What is a selective pressure?,duplicate,5
MS-LS4,MS-LS4-6,recall,What does it mean when scientists say a trait has increased in 'frequency' in a population?,duplicate,5
MS-LS4,MS-LS4-1,conceptual,Why don't we have fossils of every organism that has ever lived on Earth?,duplicate,5
MS-ESS2,MS-ESS2-2,recall,What is weathering?,duplicate,5
MS-ESS2,MS-ESS2-2,recall,What is uplift in geology?,duplicate,5
MS-ESS2,MS-ESS2-4,recall,What is condensation in the water cycle?,duplicate,5
MS-ESS2,MS-ESS2-1,conceptual,Why does rock that melts deep inside the Earth eventually end up on the surface?,duplicate,5
MS-ESS3,MS-ESS3-1,recall,What is a mineral resource?,duplicate,5
MS-ESS3,MS-ESS3-1,recall,What process forms coal deposits?,duplicate,5
MS-ESS3,MS-ESS3-1,recall,"What is porosity in rocks, and why does it matter for groundwater?",duplicate,5
MS-ETS1,MS-ETS1-2,recall,What are design constraints in an engineering problem?,duplicate,5
MS-ETS1,MS-ETS1-2,recall,What is a trade-off in engineering design?,duplicate,5
MS-ETS1,MS-ETS1-2,recall,What is a design solution?,duplicate,5
MS-ETS1,MS-ETS1-3,recall,What is a prototype in the engineering design process?,duplicate,5
MS-PS1,MS-PS1-3,recall,What is a synthetic material?,fk_grade=10.0_out_of_band,6
MS-PS1,MS-PS1-3,recall,What does the word 'synthetic' mean in science?,fk_grade=3.8_out_of_band,6
MS-PS1,MS-PS1-3,recall,What natural material is rayon made from?,fk_grade=9.1_out_of_band,6
MS-PS1,MS-PS1-3,recall,What is one example of a synthetic medicine and the natural resource it originally came from?,fk_grade=12.0_out_of_band,6
MS-PS1,MS-PS1-3,recall,What natural resource is glass made from?,fk_grade=4.0_out_of_band,6
MS-PS1,MS-PS1-3,recall,"What is steel, and what natural resources are used to make it?",fk_grade=4.8_out_of_band,6
MS-PS1,MS-PS1-3,recall,What natural resource is rubber originally made from?,fk_grade=11.1_out_of_band,6
MS-PS1,MS-PS1-3,recall,What is a polymer?,fk_grade=3.7_out_of_band,6
MS-PS1,MS-PS1-3,recall,What is one negative environmental impact of producing synthetic plastics?,fk_grade=14.3_out_of_band,6
MS-PS1,MS-PS1-3,recall,What natural resource is aluminum made from?,fk_grade=9.1_out_of_band,6
MS-PS1,MS-PS1-3,recall,What is one benefit to society of synthetic materials?,fk_grade=12.8_out_of_band,6
MS-PS1,MS-PS1-3,recall,What natural resource is fertilizer (like ammonia-based fertilizer) made from?,fk_grade=14.3_out_of_band,6
MS-PS1,MS-PS1-3,recall,What is one example of a synthetic material used in clothing?,fk_grade=9.1_out_of_band,6
MS-PS1,MS-PS1-1,conceptual,Why do different molecules have different properties even though they are all made of atoms?,fk_grade=9.9_out_of_band,6
MS-PS1,MS-PS1-1,conceptual,"Why does a water molecule always have two hydrogen atoms and one oxygen atom, and not some other ratio?",fk_grade=11.7_out_of_band,6
MS-PS1,MS-PS1-1,conceptual,How can so many different substances exist if everything is made from just about 100 types of atoms?,fk_grade=9.8_out_of_band,6
MS-PS1,MS-PS1-1,conceptual,Why do scientists use models like ball-and-stick diagrams to represent molecules instead of just describing them in words?,fk_grade=12.4_out_of_band,6
MS-PS1,MS-PS1-1,conceptual,Why do extended structures like salt or diamond have repeating patterns of atoms instead of being made of small individual molecules?,fk_grade=13.4_out_of_band,6
MS-PS1,MS-PS1-4,conceptual,Why does a solid melt when you heat it up?,fk_grade=1.3_out_of_band,6
MS-PS1,MS-PS1-4,conceptual,Why does a substance turn from a gas back into a liquid when it is cooled?,fk_grade=4.7_out_of_band,6
MS-PS1,MS-PS1-4,conceptual,Why does ice feel cold when you hold it in your hand?,fk_grade=0.9_out_of_band,6
MS-PS1,MS-PS1-1,applied,"Table salt is made of sodium (Na) and chlorine (Cl) atoms. If you could zoom way into a grain of salt, would you find individual NaCl molecules floating around, or something different?",fk_grade=9.1_out_of_band,6
MS-PS1,MS-PS1-1,applied,"Both diamonds and the graphite in a pencil are made of only carbon atoms, yet diamonds are extremely hard and graphite is soft enough to write with. How does the atomic arrangement explain this difference?",fk_grade=9.1_out_of_band,6
MS-PS2,MS-PS2-3,recall,What is a magnetic field?,fk_grade=2.9_out_of_band,6
MS-PS2,MS-PS2-3,recall,What is an electric force?,fk_grade=2.9_out_of_band,6
MS-PS2,MS-PS2-3,recall,What does the term 'electric field' mean?,fk_grade=2.3_out_of_band,6
MS-PS2,MS-PS2-3,recall,What is a magnetic pole?,fk_grade=2.9_out_of_band,6
MS-PS2,MS-PS2-3,recall,What is the difference between a permanent magnet and an electromagnet?,fk_grade=11.2_out_of_band,6
MS-PS2,MS-PS2-3,recall,What unit is used to measure the strength of a magnetic field?,fk_grade=4.8_out_of_band,6
MS-PS2,MS-PS2-5,recall,What is a force field in science?,fk_grade=0.6_out_of_band,6
MS-PS2,MS-PS2-5,recall,What is a magnetic field?,fk_grade=2.9_out_of_band,6
MS-PS2,MS-PS2-5,recall,What is a non-contact force?,fk_grade=2.9_out_of_band,6
MS-PS2,MS-PS2-5,recall,What is an electric field?,fk_grade=2.9_out_of_band,6
MS-PS2,MS-PS2-5,recall,What are the poles of a magnet called?,fk_grade=0.8_out_of_band,6
MS-PS2,MS-PS2-1,conceptual,"Why does a heavier football player barely slow down when he collides with a much lighter player, even though both players push on each other with the same force?",fk_grade=12.0_out_of_band,6
MS-PS2,MS-PS2-1,applied,"If a large truck and a small car crash into each other head-on, does the truck push on the car with more force than the car pushes on the truck, or are the forces equal?",fk_grade=11.9_out_of_band,6
MS-PS3,MS-PS3-3,recall,"What is radiation, as a method of thermal energy transfer?",fk_grade=9.6_out_of_band,6
MS-PS3,MS-PS3-3,recall,In which direction does thermal energy naturally flow between two objects at different temperatures?,fk_grade=13.5_out_of_band,6
MS-PS3,MS-PS3-3,recall,Why does trapped air act as a good thermal insulator?,fk_grade=4.8_out_of_band,6
MS-PS3,MS-PS3-3,recall,What color surface absorbs the most thermal radiation from sunlight?,fk_grade=9.6_out_of_band,6
MS-PS3,MS-PS3-3,recall,What is a thermos (vacuum flask) designed to do?,fk_grade=3.7_out_of_band,6
MS-PS3,MS-PS3-3,recall,What is the purpose of double-pane windows in a building?,fk_grade=4.8_out_of_band,6
MS-PS3,MS-PS3-3,recall,What is specific heat capacity?,fk_grade=10.0_out_of_band,6
MS-PS3,MS-PS3-3,recall,What is 'heat' in science?,fk_grade=0.5_out_of_band,6
MS-PS3,MS-PS3-3,recall,What property describes how well a material conducts thermal energy?,fk_grade=11.9_out_of_band,6
MS-PS3,MS-PS3-1,conceptual,Why does a heavier object moving at the same speed have more kinetic energy than a lighter object?,fk_grade=9.8_out_of_band,6
MS-PS3,MS-PS3-1,conceptual,Why does doubling the speed of an object increase its kinetic energy more than doubling its mass does?,fk_grade=9.8_out_of_band,6
MS-PS4,MS-PS4-2,recall,What does it mean when a wave is reflected?,fk_grade=2.3_out_of_band,6
MS-PS4,MS-PS4-2,recall,What does it mean when a wave is absorbed by a material?,fk_grade=4.8_out_of_band,6
MS-PS4,MS-PS4-2,recall,What happens to a wave when it moves from one material into a different material?,fk_grade=9.9_out_of_band,6
MS-PS4,MS-PS4-2,recall,What is the term for a material that blocks light and does not let it pass through?,fk_grade=4.9_out_of_band,6
MS-PS4,MS-PS4-3,recall,What is a bit?,fk_grade=-2.2_out_of_band,6
MS-PS4,MS-PS4-3,recall,Why are digital signals less affected by noise than analog signals?,fk_grade=9.1_out_of_band,6
MS-PS4,MS-PS4-1,conceptual,Why does a loud sound hurt your ears more than a quiet sound if they are the same pitch?,fk_grade=4.2_out_of_band,6
MS-PS4,MS-PS4-1,conceptual,How can you tell just by looking at a wave diagram whether one wave has more energy than another wave of the same frequency?,fk_grade=10.5_out_of_band,6
MS-PS4,MS-PS4-1,conceptual,How does reducing the amplitude of a wave affect the amount of energy it transfers?,fk_grade=9.1_out_of_band,6
MS-PS4,MS-PS4-2,conceptual,Why does a mirror reflect light instead of letting it pass through?,fk_grade=4.8_out_of_band,6
MS-PS4,MS-PS4-2,conceptual,Why can you see through glass but not through a wooden door?,fk_grade=1.9_out_of_band,6
MS-PS4,MS-PS4-2,conceptual,Why does sound seem to bounce back to you when you shout near a large wall or cliff?,fk_grade=3.2_out_of_band,6
MS-PS4,MS-PS4-2,conceptual,Why do sunscreen lotions protect your skin from UV rays?,fk_grade=3.7_out_of_band,6
MS-PS4,MS-PS4-2,conceptual,Why does a white shirt keep you cooler in the summer than a black shirt?,fk_grade=3.6_out_of_band,6
MS-PS4,MS-PS4-2,conceptual,Why can a doctor use ultrasound waves to see images of a baby inside the mother's body?,fk_grade=9.1_out_of_band,6
MS-PS4,MS-PS4-2,applied,"When you wear a dark-colored shirt on a sunny day, you feel hotter than if you wore a white shirt. How does wave absorption explain this?",fk_grade=4.5_out_of_band,6
MS-PS4,MS-PS4-2,applied,"Sunscreen is labeled as blocking UV rays from reaching your skin. In terms of wave behavior, what is the sunscreen doing to those UV waves?",fk_grade=4.9_out_of_band,6
MS-LS1,MS-LS1-2,recall,What is a cell?,fk_grade=-2.2_out_of_band,6
MS-LS1,MS-LS1-2,recall,What is the cell membrane?,fk_grade=0.5_out_of_band,6
MS-LS1,MS-LS1-2,recall,What does the nucleus do in a cell?,fk_grade=2.3_out_of_band,6
MS-LS1,MS-LS1-2,recall,What is a cell wall?,fk_grade=-1.8_out_of_band,6
MS-LS1,MS-LS1-2,recall,What do chloroplasts do?,fk_grade=3.7_out_of_band,6
MS-LS1,MS-LS1-2,recall,What is the function of the vacuole?,fk_grade=2.3_out_of_band,6
MS-LS1,MS-LS1-2,recall,What is cytoplasm?,fk_grade=9.2_out_of_band,6
MS-LS1,MS-LS1-2,recall,What is an organelle?,fk_grade=0.7_out_of_band,6
MS-LS1,MS-LS1-2,recall,What do ribosomes do in a cell?,fk_grade=2.3_out_of_band,6
MS-LS1,MS-LS1-3,recall,What is a tissue in the human body?,fk_grade=3.8_out_of_band,6
MS-LS1,MS-LS1-3,recall,What is an organ?,fk_grade=0.7_out_of_band,6
MS-LS1,MS-LS1-3,recall,What is an organ system?,fk_grade=2.9_out_of_band,6
MS-LS1,MS-LS1-3,recall,"What is the correct order of organization from smallest to largest: organ, cell, tissue, organ system?",fk_grade=11.3_out_of_band,6
MS-LS1,MS-LS1-3,recall,What is the basic unit that all living things are made of?,fk_grade=3.8_out_of_band,6
MS-LS1,MS-LS1-1,conceptual,Why do scientists say the cell is the basic unit of life?,fk_grade=4.8_out_of_band,6
MS-LS1,MS-LS1-1,conceptual,"How can a single cell be enough for an organism to survive, like in bacteria?",fk_grade=9.1_out_of_band,6
MS-LS2,MS-LS2-3,recall,What is a food web?,fk_grade=-1.8_out_of_band,6
MS-LS2,MS-LS2-3,recall,What is the water cycle?,fk_grade=2.9_out_of_band,6
MS-LS2,MS-LS2-3,recall,What is the carbon cycle?,fk_grade=2.9_out_of_band,6
MS-LS2,MS-LS2-3,recall,What is photosynthesis?,fk_grade=13.1_out_of_band,6
MS-LS2,MS-LS2-3,recall,What is cellular respiration?,fk_grade=12.5_out_of_band,6
MS-LS2,MS-LS2-3,recall,What is a trophic level?,fk_grade=2.9_out_of_band,6
MS-LS2,MS-LS2-3,recall,What is the 10% rule in energy transfer?,fk_grade=3.8_out_of_band,6
MS-LS2,MS-LS2-3,recall,What is a food chain?,fk_grade=-1.8_out_of_band,6
MS-LS2,MS-LS2-3,recall,What is a scavenger?,fk_grade=3.7_out_of_band,6
MS-LS2,MS-LS2-1,conceptual,Why do predator populations usually get smaller when their prey becomes harder to find?,fk_grade=10.9_out_of_band,6
MS-LS2,MS-LS2-1,conceptual,How does competition for shelter affect which animals survive in an ecosystem?,fk_grade=11.7_out_of_band,6
MS-LS2,MS-LS2-1,conceptual,"Why do algae populations in a lake grow very large when extra nutrients, like nitrogen, flow into the water?",fk_grade=11.1_out_of_band,6
MS-LS3,MS-LS3-1,recall,What is a gene?,fk_grade=-2.2_out_of_band,6
MS-LS3,MS-LS3-1,recall,What is a mutation?,fk_grade=3.7_out_of_band,6
MS-LS3,MS-LS3-1,recall,What is a protein?,fk_grade=0.7_out_of_band,6
MS-LS3,MS-LS3-1,recall,What molecule makes up genes?,fk_grade=2.9_out_of_band,6
MS-LS3,MS-LS3-1,recall,What is a beneficial mutation?,fk_grade=10.0_out_of_band,6
MS-LS3,MS-LS3-1,recall,What does it mean when a protein is 'non-functional'?,fk_grade=5.0_out_of_band,6
MS-LS3,MS-LS3-1,recall,What is hemoglobin?,fk_grade=9.2_out_of_band,6
MS-LS3,MS-LS3-1,conceptual,Why does a mutation in a gene sometimes change how a protein works?,fk_grade=4.9_out_of_band,6
MS-LS3,MS-LS3-1,conceptual,Why can the same type of mutation be harmful to one organism but neutral to another?,fk_grade=9.1_out_of_band,6
MS-LS3,MS-LS3-2,conceptual,Why do offspring from asexual reproduction end up with the exact same genetic information as their parent?,fk_grade=12.6_out_of_band,6
MS-LS3,MS-LS3-2,conceptual,Why does sexual reproduction produce offspring that are genetically different from their parents?,fk_grade=13.1_out_of_band,6
MS-LS3,MS-LS3-2,conceptual,How does the mixing of chromosomes during sexual reproduction lead to variation among siblings?,fk_grade=13.5_out_of_band,6
MS-LS3,MS-LS3-2,conceptual,Why are identical twins more genetically similar to each other than non-identical twins are to each other?,fk_grade=11.9_out_of_band,6
MS-LS3,MS-LS3-2,conceptual,How does having two parents instead of one increase the number of possible trait combinations in offspring?,fk_grade=10.5_out_of_band,6
MS-LS3,MS-LS3-2,conceptual,Why is genetic variation important for a species when its environment changes?,fk_grade=12.7_out_of_band,6
MS-LS3,MS-LS3-2,conceptual,How do sperm and egg cells end up with only half the genetic information of a regular body cell?,fk_grade=9.2_out_of_band,6
MS-LS3,MS-LS3-2,conceptual,Why might a population of bacteria that reproduces asexually be more vulnerable to a new disease than a population of organisms that reproduces sexually?,fk_grade=19.3_out_of_band,6
MS-LS3,MS-LS3-2,conceptual,Why do offspring from sexual reproduction share some traits with each parent but are not identical to either one?,fk_grade=10.5_out_of_band,6
MS-LS3,MS-LS3-2,conceptual,How does random fertilization—any sperm being able to fertilize any egg—add to genetic variation in offspring?,fk_grade=14.3_out_of_band,6
MS-LS3,MS-LS3-2,conceptual,"Why does a hydra, which reproduces by budding, produce offspring identical to itself?",fk_grade=11.3_out_of_band,6
MS-LS3,MS-LS3-2,conceptual,Why are cloned animals genetically identical to the original animal?,fk_grade=15.4_out_of_band,6
MS-LS4,MS-LS4-3,recall,What is an embryo?,fk_grade=3.7_out_of_band,6
MS-LS4,MS-LS4-3,recall,What is embryology?,fk_grade=13.1_out_of_band,6
MS-LS4,MS-LS4-3,recall,Why do scientists compare embryos of different species?,fk_grade=11.1_out_of_band,6
MS-LS4,MS-LS4-3,recall,What is a vertebrate?,fk_grade=3.7_out_of_band,6
MS-LS4,MS-LS4-3,recall,What is a tail-like structure that appears in many vertebrate embryos?,fk_grade=9.1_out_of_band,6
MS-LS4,MS-LS4-3,recall,What is comparative anatomy?,fk_grade=15.5_out_of_band,6
MS-LS4,MS-LS4-3,recall,What are homologous structures?,fk_grade=9.6_out_of_band,6
MS-LS4,MS-LS4-3,recall,What is pictorial data?,fk_grade=9.6_out_of_band,6
MS-LS4,MS-LS4-3,recall,At what stage of development do different vertebrate species look the most similar to each other?,fk_grade=10.6_out_of_band,6
MS-LS4,MS-LS4-6,recall,What is natural selection?,fk_grade=9.6_out_of_band,6
MS-LS4,MS-LS4-6,recall,What does the word 'trait' mean in biology?,fk_grade=3.8_out_of_band,6
MS-LS4,MS-LS4-6,recall,What is a population in biology?,fk_grade=10.4_out_of_band,6
MS-LS4,MS-LS4-1,conceptual,Why do certain types of organisms suddenly disappear from the fossil record at the same layer of rock worldwide?,fk_grade=11.1_out_of_band,6
MS-LS4,MS-LS4-1,conceptual,How does finding fossils of fish-like creatures in rocks that are now on dry land tell us something about how life changed over time?,fk_grade=9.0_out_of_band,6
MS-LS4,MS-LS4-2,conceptual,Why do scientists use anatomical similarities to figure out if two organisms are related?,fk_grade=15.2_out_of_band,6
MS-LS4,MS-LS4-2,conceptual,How can fossils help scientists understand the evolutionary history of a modern animal?,fk_grade=14.9_out_of_band,6
MS-LS4,MS-LS4-2,conceptual,Why do some organisms that aren't closely related look very similar to each other?,fk_grade=10.9_out_of_band,6
MS-LS4,MS-LS4-2,conceptual,How do vestigial structures give scientists clues about an organism's evolutionary past?,fk_grade=15.6_out_of_band,6
MS-LS4,MS-LS4-2,conceptual,Why does finding a transitional fossil help scientists understand how one group of organisms evolved into another?,fk_grade=13.9_out_of_band,6
MS-LS4,MS-LS4-2,conceptual,How does comparing the embryos of different animals help scientists understand evolutionary relationships?,fk_grade=19.4_out_of_band,6
MS-LS4,MS-LS4-2,conceptual,Why do closely related species tend to have more anatomical features in common than distantly related species?,fk_grade=13.3_out_of_band,6
MS-LS4,MS-LS4-2,conceptual,Why is it important to look at multiple anatomical features rather than just one when determining evolutionary relationships?,fk_grade=17.0_out_of_band,6
MS-LS4,MS-LS4-2,conceptual,How do the similarities between bird wings and dinosaur forelimbs help explain where birds came from?,fk_grade=9.1_out_of_band,6
MS-LS4,MS-LS4-2,conceptual,How can scientists use anatomical differences between fossil organisms and their modern relatives to understand how environments changed over time?,fk_grade=17.6_out_of_band,6
MS-LS4,MS-LS4-2,conceptual,Why do more anatomical similarities between a fossil and a modern organism mean a stronger evolutionary connection?,fk_grade=18.1_out_of_band,6
MS-LS4,MS-LS4-2,conceptual,"How does the presence of the same type of structure in very different organisms, like a human hand and a frog hand, help scientists build an evolutionary family tree?",fk_grade=14.8_out_of_band,6
MS-LS4,MS-LS4-1,applied,"A scientist finds lots of fossils of a certain dinosaur species in rock layers that are 80 million years old, but finds zero fossils of that same dinosaur in rock layers that are 60 million years old. What does this pattern in the fossil record most likely tell us about that dinosaur species?",fk_grade=11.7_out_of_band,6
MS-LS4,MS-LS4-1,applied,"A geologist hiking in the mountains of Wyoming finds fossils of ancient coral reef animals in rock layers deep underground. Using what you know about how scientists read the fossil record, what can they conclude about Wyoming millions of years ago?",fk_grade=12.0_out_of_band,6
MS-LS4,MS-LS4-2,applied,"If you look at an X-ray of a whale's flipper and compare it to an X-ray of a human arm, you can see that both have the same basic set of bones arranged in a similar pattern. What does this similarity tell you about the evolutionary relationship between whales and humans?",fk_grade=11.5_out_of_band,6
MS-LS4,MS-LS4-2,applied,"A scientist finds fossils of an ancient fish with small, leg-like fins and compares them to the limbs of modern land animals like frogs and lizards. How can the anatomical similarities between the fossil fish's fins and the legs of modern land animals help explain where land animals came from?",fk_grade=12.3_out_of_band,6
MS-LS4,MS-LS4-3,applied,"If you looked at pictures of a human embryo and a fish embryo side by side during early development, what similar structures would you expect to see, and what does that tell you about their relationship?",fk_grade=16.5_out_of_band,6
MS-LS4,MS-LS4-3,applied,A scientist finds two animals that look completely different as adults but have nearly identical embryos in the early stages of development. What conclusion should the scientist draw about these two animals?,fk_grade=12.4_out_of_band,6
MS-LS4,MS-LS4-3,applied,"If you were trying to figure out whether a dolphin is more closely related to a fish or to a cow, how could comparing embryo pictures help you decide?",fk_grade=12.8_out_of_band,6
MS-ESS1,MS-ESS1-1,recall,What is a lunar phase?,fk_grade=0.5_out_of_band,6
MS-ESS1,MS-ESS1-1,recall,What is a lunar eclipse?,fk_grade=2.9_out_of_band,6
MS-ESS1,MS-ESS1-1,recall,What does 'waxing' mean when describing the Moon's phases?,fk_grade=5.0_out_of_band,6
MS-ESS1,MS-ESS1-1,recall,What causes Earth's seasons?,fk_grade=3.7_out_of_band,6
MS-ESS1,MS-ESS1-1,recall,What is a new moon?,fk_grade=-1.8_out_of_band,6
MS-ESS1,MS-ESS1-1,recall,What is the difference between a total solar eclipse and a partial solar eclipse?,fk_grade=9.3_out_of_band,6
MS-ESS1,MS-ESS1-4,recall,What is the geologic time scale?,fk_grade=4.5_out_of_band,6
MS-ESS1,MS-ESS1-4,recall,What are rock strata?,fk_grade=0.7_out_of_band,6
MS-ESS1,MS-ESS1-4,applied,"A scientist is studying a cliff face and sees three rock layers. The bottom layer has trilobite fossils, the middle layer has dinosaur fossils, and the top layer has early mammal fossils. Which layer is the oldest, and how would the geologic time scale help the scientist figure out roughly when each layer formed?",fk_grade=9.3_out_of_band,6
MS-ESS1,MS-ESS1-4,applied,"If a construction crew digging a foundation finds a rock layer containing fossil ferns near the surface and a layer of rock with no fossils at all much deeper down, what could a geologist predict about which layer is older and what that might mean for Earth's history at that location?",fk_grade=21.7_out_of_band,6
MS-ESS2,MS-ESS2-2,recall,What is deposition?,fk_grade=9.2_out_of_band,6
MS-ESS2,MS-ESS2-2,recall,What is a glacier?,fk_grade=0.7_out_of_band,6
MS-ESS2,MS-ESS2-2,recall,What does the word 'geoscience' mean?,fk_grade=0.5_out_of_band,6
MS-ESS2,MS-ESS2-2,recall,What is a fault?,fk_grade=-2.2_out_of_band,6
MS-ESS2,MS-ESS2-2,recall,What is the difference between a physical (mechanical) weathering and chemical weathering?,fk_grade=14.7_out_of_band,6
MS-ESS2,MS-ESS2-2,recall,What is a delta?,fk_grade=0.7_out_of_band,6
MS-ESS2,MS-ESS2-2,recall,What is plate tectonics?,fk_grade=3.7_out_of_band,6
MS-ESS2,MS-ESS2-4,recall,What is evaporation?,fk_grade=13.1_out_of_band,6
MS-ESS2,MS-ESS2-4,recall,What is precipitation?,fk_grade=13.1_out_of_band,6
MS-ESS2,MS-ESS2-3,conceptual,Why do the same types of fossils appear on continents that are now separated by thousands of miles of ocean?,fk_grade=9.3_out_of_band,6
MS-ESS2,MS-ESS2-3,conceptual,How does the shape of the coastlines of South America and Africa provide evidence that the continents once fit together?,fk_grade=11.7_out_of_band,6
MS-ESS2,MS-ESS2-1,applied,"If a piece of rock gets carried deep underground by moving tectonic plates where temperatures are extremely high, what do you predict would happen to it?",fk_grade=11.8_out_of_band,6
MS-ESS2,MS-ESS2-1,applied,"When a river picks up sand and small rocks from a mountainside and drops them at the bottom of the valley, what is happening to Earth's materials and what energy source is driving this?",fk_grade=14.0_out_of_band,6
MS-ESS2,MS-ESS2-3,applied,"If you find the same type of fossil fern on both the west coast of Africa and the east coast of South America, what does that tell you about where those continents were in the past?",fk_grade=13.2_out_of_band,6
MS-ESS2,MS-ESS2-3,applied,"If you look at a map and notice that the eastern coastline of South America and the western coastline of Africa look like they could fit together like puzzle pieces, how would a scientist use that observation as evidence of plate movement?",fk_grade=18.8_out_of_band,6
MS-ESS2,MS-ESS2-3,applied,"If rock samples taken from the seafloor close to a mid-ocean ridge are much younger than rocks taken far away from the ridge, what does that tell you about how the seafloor has moved over time?",fk_grade=13.2_out_of_band,6
MS-ESS3,MS-ESS3-1,recall,What is an ore?,fk_grade=-2.2_out_of_band,6
MS-ESS3,MS-ESS3-1,recall,What geologic process forms most coal deposits?,fk_grade=9.1_out_of_band,6
MS-ESS3,MS-ESS3-1,recall,What is an aquifer?,fk_grade=3.7_out_of_band,6
MS-ESS3,MS-ESS3-1,recall,How do fossil fuels form?,fk_grade=2.9_out_of_band,6
MS-ESS3,MS-ESS3-1,recall,What is plate tectonics?,fk_grade=3.7_out_of_band,6
MS-ESS3,MS-ESS3-1,recall,Why are mineral deposits unevenly distributed around the world?,fk_grade=14.1_out_of_band,6
MS-ESS3,MS-ESS3-1,recall,What is magma?,fk_grade=1.3_out_of_band,6
MS-ESS3,MS-ESS3-1,recall,What is a sedimentary basin?,fk_grade=10.0_out_of_band,6
MS-ESS3,MS-ESS3-1,recall,What is the water table?,fk_grade=2.9_out_of_band,6
MS-ESS3,MS-ESS3-1,recall,What is crude oil?,fk_grade=-2.2_out_of_band,6
MS-ESS3,MS-ESS3-1,recall,What does 'nonrenewable resource' mean?,fk_grade=10.0_out_of_band,6
MS-ESS3,MS-ESS3-1,recall,What is a geologic time scale?,fk_grade=4.5_out_of_band,6
MS-ESS3,MS-ESS3-1,recall,What are evaporite minerals?,fk_grade=9.6_out_of_band,6
MS-ESS3,MS-ESS3-2,conceptual,Why do scientists study patterns in past earthquake data to predict where future earthquakes might happen?,fk_grade=9.8_out_of_band,6
MS-ESS3,MS-ESS3-2,conceptual,Why does knowing how often a volcano has erupted in the past help scientists forecast when it might erupt again?,fk_grade=10.5_out_of_band,6
MS-ESS3,MS-ESS3-3,conceptual,Why do scientists use water quality testing to monitor the health of a river near a factory?,fk_grade=10.5_out_of_band,6
MS-ESS3,MS-ESS3-3,conceptual,How does planting trees along a riverbank help reduce the impact of nearby farmland on the river?,fk_grade=9.1_out_of_band,6
MS-ESS3,MS-ESS3-3,conceptual,Why is it important to monitor air quality near a busy highway over a long period of time rather than just measuring it once?,fk_grade=12.5_out_of_band,6
MS-ETS1,MS-ETS1-2,recall,What is a design constraint?,fk_grade=2.9_out_of_band,6
MS-ETS1,MS-ETS1-2,recall,What is a systematic process in the context of comparing design solutions?,fk_grade=10.7_out_of_band,6
MS-ETS1,MS-ETS1-2,recall,What is a decision matrix in engineering design?,fk_grade=9.7_out_of_band,6
MS-ETS1,MS-ETS1-3,recall,What does the term 'criteria for success' mean in engineering design?,fk_grade=9.1_out_of_band,6
MS-ETS1,MS-ETS1-3,recall,What is a 'design solution' in engineering?,fk_grade=9.1_out_of_band,6
MS-ETS1,MS-ETS1-3,recall,What does it mean to analyze data from a design test?,fk_grade=4.8_out_of_band,6
MS-ETS1,MS-ETS1-1,conceptual,Why do engineers need to define criteria and constraints before they start designing a solution?,fk_grade=11.5_out_of_band,6
MS-ETS1,MS-ETS1-1,conceptual,Why is it important for criteria to be precise and measurable rather than just saying something like 'it should be strong'?,fk_grade=11.1_out_of_band,6
MS-ETS1,MS-ETS1-1,conceptual,"Why can't engineers simply ignore constraints, like cost or available materials, when they come up with a design?",fk_grade=11.1_out_of_band,6
MS-ETS1,MS-ETS1-1,conceptual,How do scientific principles limit the possible solutions an engineer can consider for a design problem?,fk_grade=14.3_out_of_band,6
MS-ETS1,MS-ETS1-1,conceptual,Why is it important to think about potential impacts on the natural environment when defining an engineering design problem?,fk_grade=14.8_out_of_band,6
MS-ETS1,MS-ETS1-1,conceptual,Why do trade-offs occur when the criteria and constraints of a design problem conflict with each other?,fk_grade=9.8_out_of_band,6
MS-ETS1,MS-ETS1-1,conceptual,How does considering impacts on people help engineers define a design problem more completely?,fk_grade=11.8_out_of_band,6
MS-ETS1,MS-ETS1-1,conceptual,Why does a poorly defined design problem often lead to a solution that doesn't actually work?,fk_grade=10.6_out_of_band,6
MS-ETS1,MS-ETS1-3,conceptual,Why do engineers compare data from multiple design solutions instead of just picking the one that looks the best?,fk_grade=10.5_out_of_band,6
MS-ETS1,MS-ETS1-3,conceptual,How can combining features from two different designs produce a solution that works better than either design did on its own?,fk_grade=11.1_out_of_band,6
MS-ETS1,MS-ETS1-3,conceptual,"Why is it important to look at the weaknesses of each design, not just the strengths, when analyzing test data?",fk_grade=9.3_out_of_band,6
MS-ETS1,MS-ETS1-3,conceptual,How does test data help engineers figure out which specific characteristics of a design are actually responsible for making it perform well?,fk_grade=15.0_out_of_band,6
MS-ETS1,MS-ETS1-3,conceptual,Why might the design that scores highest overall still not provide the best model for solving every part of the problem?,fk_grade=10.0_out_of_band,6
MS-ETS1,MS-ETS1-3,conceptual,"How does finding similarities between different design solutions help engineers when they are building an improved, combined design?",fk_grade=14.4_out_of_band,6
MS-ETS1,MS-ETS1-4,conceptual,Why do engineers test a model multiple times and make small changes each time instead of just building the final product right away?,fk_grade=10.8_out_of_band,6
MS-ETS1,MS-ETS1-4,conceptual,How does building a model help engineers figure out if their design idea will actually work?,fk_grade=10.6_out_of_band,6
MS-PS1,MS-PS1-3,recall,What is a natural resource?,llm_inappropriate,6
MS-PS1,MS-PS1-3,recall,What natural resource is Kevlar (used in bulletproof vests) made from?,llm_inappropriate,6
MS-PS2,MS-PS2-5,recall,What is a gravitational field?,llm_inappropriate,6
MS-PS3,MS-PS3-3,recall,What does it mean to 'maximize' thermal energy transfer in a device?,llm_inappropriate,6
MS-PS4,MS-PS4-2,recall,What is the word for a material that allows light waves to pass through it almost completely?,llm_inappropriate,6
MS-PS4,MS-PS4-1,conceptual,Why does a tsunami cause so much more damage than a normal ocean wave even though both are water waves?,llm_inappropriate,6
MS-PS4,MS-PS4-2,conceptual,Why does your hand feel warm when you hold it near a dark surface that has been sitting in sunlight?,llm_inappropriate,6
MS-PS4,MS-PS4-2,conceptual,Why does wearing a helmet help protect your head from sound waves at a loud concert?,llm_inappropriate,6
MS-LS2,MS-LS2-3,recall,What is a producer in an ecosystem?,llm_inappropriate,6
MS-LS2,MS-LS2-3,recall,What is a consumer in an ecosystem?,llm_inappropriate,6
MS-LS2,MS-LS2-3,recall,What is a decomposer?,llm_inappropriate,6
MS-LS3,MS-LS3-1,recall,What are amino acids?,llm_inappropriate,6
MS-LS3,MS-LS3-1,recall,What is a structural protein?,llm_inappropriate,6
MS-LS3,MS-LS3-1,recall,What is the term for the specific location of a gene on a chromosome?,llm_inappropriate,6
MS-LS4,MS-LS4-3,recall,What does the word 'embryological' mean?,llm_inappropriate,6
MS-LS4,MS-LS4-3,recall,What does 'pattern of similarity' mean in science?,llm_inappropriate,6
MS-ESS1,MS-ESS1-3,conceptual,Why do the outer planets in our solar system have so much more mass than the inner planets?,llm_inappropriate,6
MS-ESS2,MS-ESS2-2,recall,What is erosion?,llm_inappropriate,6
MS-ESS2,MS-ESS2-2,recall,What is sediment?,llm_inappropriate,6
MS-ESS3,MS-ESS3-1,recall,What is groundwater?,llm_inappropriate,6
MS-ESS3,MS-ESS3-1,recall,What is a hydrothermal vent?,llm_inappropriate,6
MS-ESS3,MS-ESS3-1,recall,What is erosion?,llm_inappropriate,6
MS-PS1,MS-PS1-3,recall,What natural resource is plastic most commonly made from?,duplicate,6
MS-PS1,MS-PS1-3,recall,What natural resource is nylon made from?,duplicate,6
MS-PS1,MS-PS1-3,recall,What is polyester made from?,duplicate,6
MS-PS1,MS-PS1-4,conceptual,"Why does the temperature of water stay the same while it is boiling, even if you keep adding heat?",duplicate,6
MS-PS1,MS-PS1-4,conceptual,Why do gas particles move faster than liquid or solid particles?,duplicate,6
MS-PS2,MS-PS2-3,recall,What happens to the electric force between two charged objects when the amount of charge on one of them is increased?,duplicate,6
MS-PS3,MS-PS3-3,recall,What is thermal energy?,duplicate,6
MS-PS3,MS-PS3-3,recall,What are the three ways thermal energy can be transferred from one place to another?,duplicate,6
MS-PS3,MS-PS3-3,recall,What is conduction?,duplicate,6
MS-PS3,MS-PS3-3,recall,What is convection?,duplicate,6
MS-PS3,MS-PS3-3,recall,What is a thermal insulator?,duplicate,6
MS-PS3,MS-PS3-3,recall,What is a thermal conductor?,duplicate,6
MS-PS3,MS-PS3-3,recall,What is temperature?,duplicate,6
MS-PS3,MS-PS3-3,recall,"What is a vacuum, and why does it reduce thermal energy transfer?",duplicate,6
MS-PS3,MS-PS3-3,recall,Why do metal objects feel colder than wooden objects when both are at the same room temperature?,duplicate,6
MS-PS4,MS-PS4-2,recall,What does it mean when a wave is transmitted through a material?,duplicate,6
MS-PS4,MS-PS4-3,recall,What is an analog signal?,duplicate,6
MS-PS4,MS-PS4-3,recall,What is a digital signal?,duplicate,6
MS-PS4,MS-PS4-3,recall,What does it mean to encode information in a signal?,duplicate,6
MS-PS4,MS-PS4-1,conceptual,Why does a wave with a bigger amplitude carry more energy?,duplicate,6
MS-PS4,MS-PS4-2,conceptual,Why can radio waves pass through the walls of your house but visible light cannot?,duplicate,6
MS-LS1,MS-LS1-2,recall,What is the difference between a plant cell and an animal cell?,duplicate,6
MS-LS1,MS-LS1-2,recall,What is the function of the mitochondria?,duplicate,6
MS-LS1,MS-LS1-3,recall,What does the circulatory system do in the human body?,duplicate,6
MS-LS2,MS-LS2-3,recall,What is the nitrogen cycle?,duplicate,6
MS-LS2,MS-LS2-3,recall,What is an abiotic factor?,duplicate,6
MS-LS2,MS-LS2-3,recall,What role do bacteria play in the nitrogen cycle?,duplicate,6
MS-LS2,MS-LS2-3,recall,What is a nutrient cycle?,duplicate,6
MS-LS2,MS-LS2-3,recall,What is the main source of energy for most ecosystems on Earth?,duplicate,6
MS-LS3,MS-LS3-1,recall,What are chromosomes?,duplicate,6
MS-LS3,MS-LS3-1,recall,How many chromosomes do most human body cells have?,duplicate,6
MS-LS3,MS-LS3-1,recall,What is a harmful mutation?,duplicate,6
MS-LS3,MS-LS3-1,recall,What is a neutral mutation?,duplicate,6
MS-LS3,MS-LS3-1,recall,What is the relationship between a gene and the protein it codes for?,duplicate,6
MS-LS3,MS-LS3-1,recall,What is sickle cell disease an example of?,duplicate,6
MS-LS3,MS-LS3-1,recall,Where in the cell are chromosomes located?,duplicate,6
MS-LS3,MS-LS3-1,recall,What is DNA?,duplicate,6
MS-LS3,MS-LS3-1,recall,Can mutations be passed from parents to offspring?,duplicate,6
MS-LS3,MS-LS3-1,conceptual,How can a mutation in a gene lead to a harmful effect on an organism's body?,duplicate,6
MS-LS4,MS-LS4-3,recall,What is a common ancestor?,duplicate,6
MS-LS4,MS-LS4-6,recall,What does 'survival of the fittest' mean in the context of natural selection?,duplicate,6
MS-LS4,MS-LS4-2,conceptual,Why do whales have tiny hip and leg bones buried inside their bodies even though they have no hind legs?,duplicate,6
MS-ESS1,MS-ESS1-3,recall,What is the order of the eight planets from closest to farthest from the Sun?,duplicate,6
MS-ESS1,MS-ESS1-3,recall,What is an astronomical unit (AU)?,duplicate,6
MS-ESS2,MS-ESS2-2,recall,What is weathering?,duplicate,6
MS-ESS3,MS-ESS3-1,recall,What is a mineral resource?,duplicate,6
MS-ESS3,MS-ESS3-1,recall,What is subsidence as it relates to groundwater?,duplicate,6
MS-ETS1,MS-ETS1-2,recall,What is a design criterion?,duplicate,6
MS-ETS1,MS-ETS1-2,recall,What does it mean to evaluate a design solution?,duplicate,6
MS-ETS1,MS-ETS1-2,recall,What is a trade-off in engineering design?,duplicate,6
MS-ETS1,MS-ETS1-3,recall,What does it mean to 'optimize' a design solution?,duplicate,6
MS-ETS1,MS-ETS1-3,recall,What is the purpose of testing multiple design solutions instead of just one?,duplicate,6
MS-ETS1,MS-ETS1-3,recall,What is a 'constraint' in an engineering design problem?,duplicate,6
MS-PS1,MS-PS1-3,recall,What is a synthetic material?,fk_grade=10.0_out_of_band,7
MS-PS1,MS-PS1-3,recall,What is nylon?,fk_grade=1.3_out_of_band,7
MS-PS1,MS-PS1-3,recall,What is a polymer?,fk_grade=3.7_out_of_band,7
MS-PS1,MS-PS1-3,recall,What does the term 'natural resource' mean?,fk_grade=4.0_out_of_band,7
MS-PS1,MS-PS1-3,recall,What is glass made from?,fk_grade=-1.8_out_of_band,7
MS-PS1,MS-PS1-3,recall,What is steel?,fk_grade=-2.6_out_of_band,7
MS-PS1,MS-PS1-3,recall,What is one way synthetic materials have positively impacted society?,fk_grade=15.4_out_of_band,7
MS-PS1,MS-PS1-3,recall,What is one negative environmental impact of plastic?,fk_grade=11.1_out_of_band,7
MS-PS1,MS-PS1-3,recall,What is concrete made from?,fk_grade=0.5_out_of_band,7
MS-PS1,MS-PS1-3,recall,What is aspirin originally derived from?,fk_grade=10.4_out_of_band,7
MS-PS1,MS-PS1-3,recall,What is a petrochemical?,fk_grade=9.6_out_of_band,7
MS-PS1,MS-PS1-3,recall,What natural resource is silicon used in computer chips originally obtained from?,fk_grade=12.7_out_of_band,7
MS-PS1,MS-PS1-1,conceptual,Why do atoms join together to form molecules instead of just staying as separate atoms?,fk_grade=9.9_out_of_band,7
MS-PS1,MS-PS1-1,conceptual,Why does changing just one atom in a molecule create a completely different substance?,fk_grade=10.1_out_of_band,7
MS-PS1,MS-PS1-1,conceptual,"Why do some materials, like table salt or diamonds, form giant repeating structures instead of small individual molecules?",fk_grade=13.7_out_of_band,7
MS-PS1,MS-PS1-1,conceptual,Why is it important to know both the types of atoms and the number of each atom when describing a molecule?,fk_grade=9.5_out_of_band,7
MS-PS1,MS-PS1-1,applied,"If you were building a 3D model of a carbon dioxide (CO₂) molecule for a class project, how many atom 'balls' would you need and how would you arrange them?",fk_grade=12.2_out_of_band,7
MS-PS2,MS-PS2-3,recall,What is a magnetic force?,fk_grade=2.9_out_of_band,7
MS-PS2,MS-PS2-3,recall,What is an electric force?,fk_grade=2.9_out_of_band,7
MS-PS2,MS-PS2-3,recall,What are the two types of electric charges?,fk_grade=3.8_out_of_band,7
MS-PS2,MS-PS2-3,recall,What does the word 'poles' mean when talking about magnets?,fk_grade=3.7_out_of_band,7
MS-PS2,MS-PS2-3,recall,How does increasing the amount of electric charge on an object affect the electric force it exerts?,fk_grade=9.8_out_of_band,7
MS-PS2,MS-PS2-5,recall,What is a force field in science?,fk_grade=0.6_out_of_band,7
MS-PS2,MS-PS2-5,recall,What is a magnetic field?,fk_grade=2.9_out_of_band,7
MS-PS2,MS-PS2-5,recall,What is a non-contact force?,fk_grade=2.9_out_of_band,7
MS-PS2,MS-PS2-5,recall,What is an electric field?,fk_grade=2.9_out_of_band,7
MS-PS2,MS-PS2-5,recall,What are the two poles of a magnet called?,fk_grade=1.0_out_of_band,7
MS-PS3,MS-PS3-3,recall,What is heat?,fk_grade=-2.6_out_of_band,7
MS-PS3,MS-PS3-3,recall,What is radiation?,fk_grade=9.2_out_of_band,7
MS-PS3,MS-PS3-3,recall,What is a conductor?,fk_grade=3.7_out_of_band,7
MS-PS3,MS-PS3-3,recall,What is thermal equilibrium?,fk_grade=12.5_out_of_band,7
MS-PS3,MS-PS3-3,recall,What property of a material describes how much heat is needed to raise its temperature by one degree?,fk_grade=9.8_out_of_band,7
MS-PS3,MS-PS3-3,recall,What color surfaces absorb the most radiation?,fk_grade=10.7_out_of_band,7
MS-PS3,MS-PS3-3,recall,What is a thermos (vacuum flask) designed to do?,fk_grade=3.7_out_of_band,7
MS-PS3,MS-PS3-3,recall,What happens to the particles of a substance as its thermal energy increases?,fk_grade=9.4_out_of_band,7
MS-PS3,MS-PS3-3,recall,What is a thermal conductor used for in a device designed to maximize thermal energy transfer?,fk_grade=10.6_out_of_band,7
MS-PS3,MS-PS3-1,conceptual,Why does a heavier object have more kinetic energy than a lighter object if they are both moving at the same speed?,fk_grade=10.2_out_of_band,7
MS-PS3,MS-PS3-1,conceptual,Why does kinetic energy increase so much more when an object speeds up compared to when it gains the same amount of extra mass?,fk_grade=10.0_out_of_band,7
MS-PS4,MS-PS4-2,recall,What does it mean when a wave is reflected?,fk_grade=2.3_out_of_band,7
MS-PS4,MS-PS4-2,recall,What is wave absorption?,fk_grade=3.7_out_of_band,7
MS-PS4,MS-PS4-2,recall,What is a transparent material?,fk_grade=10.0_out_of_band,7
MS-PS4,MS-PS4-2,recall,What is an echo?,fk_grade=0.7_out_of_band,7
MS-PS4,MS-PS4-3,recall,What does it mean to 'digitize' a signal?,fk_grade=3.8_out_of_band,7
MS-PS4,MS-PS4-3,recall,What is signal noise?,fk_grade=0.7_out_of_band,7
MS-PS4,MS-PS4-2,conceptual,Why does a mirror reflect light instead of letting it pass through?,fk_grade=4.8_out_of_band,7
MS-PS4,MS-PS4-2,conceptual,Why does a dark-colored shirt feel hotter in the sun than a white shirt?,fk_grade=4.2_out_of_band,7
MS-PS4,MS-PS4-2,conceptual,Why can you still hear someone talking through a closed door?,fk_grade=2.6_out_of_band,7
MS-PS4,MS-PS4-2,conceptual,Why does a window let you see through it but a brick wall does not?,fk_grade=2.8_out_of_band,7
MS-PS4,MS-PS4-2,conceptual,Why do sunglasses protect your eyes from bright light?,fk_grade=3.7_out_of_band,7
MS-PS4,MS-PS4-2,conceptual,Why does an echo happen when you shout near a large wall or cliff?,fk_grade=3.4_out_of_band,7
MS-PS4,MS-PS4-2,conceptual,Why does wearing a thick winter coat keep you warm by blocking cold?,fk_grade=4.0_out_of_band,7
MS-PS4,MS-PS4-2,conceptual,"Why does a smooth, calm lake surface act like a mirror for objects on the shore?",fk_grade=4.7_out_of_band,7
MS-PS4,MS-PS4-2,conceptual,Why does wearing sunscreen help protect your skin from sunburn?,fk_grade=4.8_out_of_band,7
MS-PS4,MS-PS4-2,applied,Why can you see through a glass window but you can't see through a brick wall?,fk_grade=3.2_out_of_band,7
MS-LS1,MS-LS1-3,recall,What is a cell?,fk_grade=-2.2_out_of_band,7
MS-LS1,MS-LS1-3,recall,What is a tissue?,fk_grade=0.7_out_of_band,7
MS-LS1,MS-LS1-3,recall,What is an organ?,fk_grade=0.7_out_of_band,7
MS-LS1,MS-LS1-3,recall,What is an organ system?,fk_grade=2.9_out_of_band,7
MS-LS1,MS-LS1-3,recall,What is the correct order of organization from smallest to largest in the human body?,fk_grade=9.9_out_of_band,7
MS-LS1,MS-LS1-3,recall,What does the digestive system do?,fk_grade=4.5_out_of_band,7
MS-LS1,MS-LS1-3,recall,What does the nervous system do?,fk_grade=2.5_out_of_band,7
MS-LS1,MS-LS1-3,recall,What does the skeletal system do?,fk_grade=4.5_out_of_band,7
MS-LS1,MS-LS1-3,recall,What type of blood cells carry oxygen to the body's cells?,fk_grade=4.8_out_of_band,7
MS-LS1,MS-LS1-3,recall,What is homeostasis?,fk_grade=13.1_out_of_band,7
MS-LS1,MS-LS1-3,recall,What is the excretory system responsible for?,fk_grade=10.7_out_of_band,7
MS-LS1,MS-LS1-3,recall,What are the four main types of tissue found in the human body?,fk_grade=4.0_out_of_band,7
MS-LS1,MS-LS1-3,recall,What does the muscular system do?,fk_grade=4.5_out_of_band,7
MS-LS1,MS-LS1-1,conceptual,Why do scientists say the cell is the basic unit of life?,fk_grade=4.8_out_of_band,7
MS-LS1,MS-LS1-1,conceptual,How can a single cell carry out everything a one-celled organism needs to survive?,fk_grade=9.3_out_of_band,7
MS-LS2,MS-LS2-3,recall,What is a food web?,fk_grade=-1.8_out_of_band,7
MS-LS2,MS-LS2-3,recall,What is the carbon cycle?,fk_grade=2.9_out_of_band,7
MS-LS2,MS-LS2-3,recall,What does the term 'trophic level' mean?,fk_grade=2.3_out_of_band,7
MS-LS2,MS-LS2-3,recall,What is photosynthesis?,fk_grade=13.1_out_of_band,7
MS-LS2,MS-LS2-3,recall,What is cellular respiration?,fk_grade=12.5_out_of_band,7
MS-LS2,MS-LS2-3,recall,Approximately what percentage of energy is passed from one trophic level to the next in a food chain?,fk_grade=9.8_out_of_band,7
MS-LS2,MS-LS2-3,recall,What is the water cycle?,fk_grade=2.9_out_of_band,7
MS-LS3,MS-LS3-1,recall,What is a gene?,fk_grade=-2.2_out_of_band,7
MS-LS3,MS-LS3-1,recall,What is a mutation?,fk_grade=3.7_out_of_band,7
MS-LS3,MS-LS3-1,recall,What is a chromosome?,fk_grade=3.7_out_of_band,7
MS-LS3,MS-LS3-1,recall,What is a protein?,fk_grade=0.7_out_of_band,7
MS-LS3,MS-LS3-1,recall,What are the four bases (letters) that make up DNA?,fk_grade=4.8_out_of_band,7
MS-LS3,MS-LS3-1,recall,What does DNA stand for?,fk_grade=2.9_out_of_band,7
MS-LS3,MS-LS3-1,recall,What is an example of a beneficial mutation?,fk_grade=9.7_out_of_band,7
MS-LS3,MS-LS3-2,conceptual,Why do offspring from asexual reproduction have the exact same genetic information as their parent?,fk_grade=13.1_out_of_band,7
MS-LS3,MS-LS3-2,conceptual,Why does sexual reproduction produce offspring that are not identical to either parent?,fk_grade=12.2_out_of_band,7
MS-LS3,MS-LS3-2,conceptual,Why are identical twins more genetically similar to each other than non-twin siblings are to each other?,fk_grade=11.2_out_of_band,7
MS-LS3,MS-LS3-2,conceptual,Why might a population that only reproduces asexually be more vulnerable to a new disease than one that reproduces sexually?,fk_grade=15.8_out_of_band,7
MS-LS3,MS-LS3-2,conceptual,How does sexual reproduction increase the chances that a species can survive changes in the environment?,fk_grade=12.0_out_of_band,7
MS-LS3,MS-LS3-2,conceptual,"Why do bacteria, which reproduce asexually, produce offspring that are genetically identical to the parent bacterium?",fk_grade=17.2_out_of_band,7
MS-LS3,MS-LS3-2,conceptual,Why is genetic variation important for a species over many generations?,fk_grade=14.4_out_of_band,7
MS-LS3,MS-LS3-2,conceptual,How does fertilization during sexual reproduction result in an offspring with the correct total number of chromosomes?,fk_grade=14.6_out_of_band,7
MS-LS3,MS-LS3-2,conceptual,Why do cloned animals look like the animal they were cloned from?,fk_grade=4.8_out_of_band,7
MS-LS3,MS-LS3-2,conceptual,Why doesn't asexual reproduction produce any genetic variation among offspring?,fk_grade=19.0_out_of_band,7
MS-LS4,MS-LS4-3,recall,What is an embryo?,fk_grade=3.7_out_of_band,7
MS-LS4,MS-LS4-3,recall,What is embryology?,fk_grade=13.1_out_of_band,7
MS-LS4,MS-LS4-3,recall,What are gill slits in an embryo?,fk_grade=2.3_out_of_band,7
MS-LS4,MS-LS4-3,recall,What does it mean when two species show similar patterns in their embryo development?,fk_grade=9.3_out_of_band,7
MS-LS4,MS-LS4-3,recall,What scientist is famous for comparing drawings of embryos from different species to show their similarities?,fk_grade=13.5_out_of_band,7
MS-LS4,MS-LS4-3,recall,"In science, what is a pattern?",fk_grade=2.5_out_of_band,7
MS-LS4,MS-LS4-3,recall,Which major group of animals shows very similar embryo structures during early development?,fk_grade=14.0_out_of_band,7
MS-LS4,MS-LS4-3,recall,What is comparative anatomy?,fk_grade=15.5_out_of_band,7
MS-LS4,MS-LS4-3,recall,What does it mean for two species to share a common ancestor?,fk_grade=4.8_out_of_band,7
MS-LS4,MS-LS4-6,recall,What is natural selection?,fk_grade=9.6_out_of_band,7
MS-LS4,MS-LS4-6,recall,What does the word 'trait' mean in science?,fk_grade=0.8_out_of_band,7
MS-LS4,MS-LS4-2,conceptual,Why do scientists use anatomical similarities between organisms to figure out how they are related?,fk_grade=15.4_out_of_band,7
MS-LS4,MS-LS4-2,conceptual,"How do homologous structures — like the similar bones in a human arm, a whale flipper, and a bat wing — show that these animals share a common ancestor?",fk_grade=12.4_out_of_band,7
MS-LS4,MS-LS4-2,conceptual,"Why might a fossil species look very different from its modern relatives, even if they are closely related?",fk_grade=11.1_out_of_band,7
MS-LS4,MS-LS4-2,conceptual,How can scientists use fossils to trace the evolutionary history of a modern organism?,fk_grade=13.5_out_of_band,7
MS-LS4,MS-LS4-2,conceptual,Why is it important to tell the difference between homologous structures and analogous structures when figuring out evolutionary relationships?,fk_grade=17.9_out_of_band,7
MS-LS4,MS-LS4-2,conceptual,How do anatomical differences between two related species help scientists understand how those species evolved separately after splitting from a common ancestor?,fk_grade=18.2_out_of_band,7
MS-LS4,MS-LS4-2,conceptual,How does finding an organism with both ancient and modern anatomical features in the fossil record help scientists understand evolution?,fk_grade=15.8_out_of_band,7
MS-LS4,MS-LS4-2,conceptual,Why do organisms that are more distantly related tend to have fewer anatomical features in common?,fk_grade=12.8_out_of_band,7
MS-LS4,MS-LS4-1,applied,"If a paleontologist finds fossils of a small, dog-sized horse-like animal in older rock layers and then finds fossils of progressively larger, more modern-looking horses in newer rock layers above them, what conclusion can she draw from this pattern?",fk_grade=19.6_out_of_band,7
MS-LS4,MS-LS4-2,applied,"A human arm, a cat's front leg, and a whale's flipper all have the same set of bones arranged in a similar pattern, even though they look different on the outside and are used for different things. If you were a scientist, how would you use this to explain how these animals are related?",fk_grade=10.9_out_of_band,7
MS-LS4,MS-LS4-2,applied,A scientist finds a fossil of an ancient reptile that has the same type of hip and leg bones as modern birds. How would the scientist use this anatomical evidence to infer the relationship between the fossil reptile and modern birds?,fk_grade=10.5_out_of_band,7
MS-LS4,MS-LS4-3,applied,"If you looked at early embryo pictures of a fish, a chicken, and a human side by side, and they all had small gill-like slits and tails, what would that tell you about how those animals are related?",fk_grade=14.8_out_of_band,7
MS-LS4,MS-LS4-3,applied,A scientist finds a mystery animal and takes a picture of its embryo. The embryo looks almost identical to a pig embryo in the early stages. What prediction would you make about how closely related the mystery animal is to a pig?,fk_grade=9.8_out_of_band,7
MS-LS4,MS-LS4-3,applied,"You're shown embryo pictures of a dolphin and a cow, and you notice the dolphin embryo has tiny bumps that look just like the leg buds on the cow embryo, even though adult dolphins have no legs. What does this pattern tell you about the dolphin's evolutionary history?",fk_grade=11.5_out_of_band,7
MS-ESS1,MS-ESS1-1,recall,What is a lunar phase?,fk_grade=0.5_out_of_band,7
MS-ESS1,MS-ESS1-1,recall,What is a solar eclipse?,fk_grade=2.9_out_of_band,7
MS-ESS1,MS-ESS1-1,recall,How long does it take the Moon to complete one full cycle of phases?,fk_grade=4.2_out_of_band,7
MS-ESS1,MS-ESS1-1,recall,What causes Earth's seasons?,fk_grade=3.7_out_of_band,7
MS-ESS1,MS-ESS1-1,recall,What is a lunar eclipse?,fk_grade=2.9_out_of_band,7
MS-ESS1,MS-ESS1-1,recall,What phase is the Moon in during a solar eclipse?,fk_grade=3.7_out_of_band,7
MS-ESS2,MS-ESS2-2,recall,What is a glacier?,fk_grade=0.7_out_of_band,7
MS-ESS2,MS-ESS2-2,recall,What is plate tectonics?,fk_grade=3.7_out_of_band,7
MS-ESS2,MS-ESS2-2,recall,What is a fault in geology?,fk_grade=4.5_out_of_band,7
MS-ESS2,MS-ESS2-2,recall,What does the term 'geologic time scale' mean?,fk_grade=3.8_out_of_band,7
MS-ESS2,MS-ESS2-4,recall,What is evaporation?,fk_grade=13.1_out_of_band,7
MS-ESS2,MS-ESS2-3,conceptual,Why do scientists find fossils of the same ancient animal on continents that are now separated by thousands of miles of ocean?,fk_grade=11.8_out_of_band,7
MS-ESS2,MS-ESS2-1,applied,"If lava from a volcano flows out onto Earth's surface and starts to cool down, what type of rock will it eventually become?",fk_grade=10.3_out_of_band,7
MS-ESS2,MS-ESS2-1,applied,"If a piece of rock gets buried very deep underground where it faces intense heat and pressure but does not fully melt, what will happen to it over a very long time?",fk_grade=12.7_out_of_band,7
MS-ESS2,MS-ESS2-3,applied,"If a scientist finds identical fossils of the same ancient land animal on the west coast of Africa and the east coast of South America, what conclusion could she draw about those continents in the past?",fk_grade=16.5_out_of_band,7
MS-ESS2,MS-ESS2-3,applied,"If you look at a map and notice that the eastern coastline of South America and the western coastline of Africa look like they could fit together like puzzle pieces, how would a scientist use that observation as evidence of past plate motion?",fk_grade=19.0_out_of_band,7
MS-ESS2,MS-ESS2-3,applied,"If scientists drill rock samples from the seafloor and find that rocks right next to a mid-ocean ridge are much younger than rocks farther away from it, what does that pattern tell us about how the seafloor has moved over time?",fk_grade=15.4_out_of_band,7
MS-ESS3,MS-ESS3-1,recall,What is an ore?,fk_grade=-2.2_out_of_band,7
MS-ESS3,MS-ESS3-1,recall,What is an aquifer?,fk_grade=3.7_out_of_band,7
MS-ESS3,MS-ESS3-1,recall,What is a fossil fuel?,fk_grade=2.9_out_of_band,7
MS-ESS3,MS-ESS3-1,recall,How does oil form?,fk_grade=-2.2_out_of_band,7
MS-ESS3,MS-ESS3-1,recall,What is the rock cycle?,fk_grade=0.5_out_of_band,7
MS-ESS3,MS-ESS3-1,recall,What is sedimentary rock?,fk_grade=9.6_out_of_band,7
MS-ESS3,MS-ESS3-1,recall,Why is oil not found evenly spread across Earth?,fk_grade=3.7_out_of_band,7
MS-ESS3,MS-ESS3-1,recall,What is the water table?,fk_grade=2.9_out_of_band,7
MS-ESS3,MS-ESS3-1,recall,"What are evaporite deposits, and how do they form?",fk_grade=5.0_out_of_band,7
MS-ESS3,MS-ESS3-1,recall,What is magma?,fk_grade=1.3_out_of_band,7
MS-ESS3,MS-ESS3-1,recall,What type of resource is natural gas?,fk_grade=4.0_out_of_band,7
MS-ESS3,MS-ESS3-2,conceptual,Why do scientists look at records of past earthquakes to predict where future earthquakes are likely to occur?,fk_grade=9.1_out_of_band,7
MS-ESS3,MS-ESS3-2,conceptual,"How does tracking small warning signs, like ground swelling and tiny tremors, help scientists forecast a volcanic eruption before it happens?",fk_grade=12.3_out_of_band,7
MS-ESS3,MS-ESS3-2,conceptual,"Why does having more years of data about a natural hazard, like hurricanes or floods, make forecasts more reliable?",fk_grade=11.1_out_of_band,7
MS-ESS3,MS-ESS3-5,conceptual,How does burning fossil fuels lead to higher levels of carbon dioxide in the atmosphere?,fk_grade=9.9_out_of_band,7
MS-ETS1,MS-ETS1-1,conceptual,Why do engineers need to clearly define criteria before they start designing a solution?,fk_grade=11.8_out_of_band,7
MS-ETS1,MS-ETS1-1,conceptual,Why do constraints make it impossible to find a 'perfect' solution to most design problems?,fk_grade=9.1_out_of_band,7
MS-ETS1,MS-ETS1-1,conceptual,How does a budget constraint affect the engineering design process?,fk_grade=9.6_out_of_band,7
MS-ETS1,MS-ETS1-1,conceptual,Why is it important to think about how a design might affect the natural environment when defining a problem?,fk_grade=11.7_out_of_band,7
MS-ETS1,MS-ETS1-1,conceptual,Why does a vague or unclear problem statement often lead to a failed engineering solution?,fk_grade=9.1_out_of_band,7
MS-ETS1,MS-ETS1-1,conceptual,How do scientific principles act as constraints on what engineering solutions are possible?,fk_grade=13.1_out_of_band,7
MS-ETS1,MS-ETS1-1,conceptual,Why do engineers consider the safety of people when defining the criteria and constraints of a design problem?,fk_grade=12.4_out_of_band,7
MS-ETS1,MS-ETS1-1,conceptual,Why might the same design problem have different criteria and constraints depending on where it is being solved?,fk_grade=10.4_out_of_band,7
MS-ETS1,MS-ETS1-1,conceptual,How does clearly identifying constraints help engineers avoid wasting time on solutions that won't work?,fk_grade=11.5_out_of_band,7
MS-ETS1,MS-ETS1-1,conceptual,Why is it necessary to consider the needs of different users when writing criteria for a design problem?,fk_grade=12.4_out_of_band,7
MS-ETS1,MS-ETS1-1,conceptual,How do trade-offs arise when an engineer is trying to satisfy both criteria and constraints at the same time?,fk_grade=10.5_out_of_band,7
MS-ETS1,MS-ETS1-1,conceptual,Why does the amount of time available to complete a project count as an important constraint in engineering design?,fk_grade=11.7_out_of_band,7
MS-ETS1,MS-ETS1-1,conceptual,How can potential impacts on people living near a construction project act as a constraint on an engineering design?,fk_grade=11.7_out_of_band,7
MS-ETS1,MS-ETS1-1,conceptual,Why do engineers revisit and revise the criteria and constraints during a design project rather than setting them once and never changing them?,fk_grade=13.4_out_of_band,7
MS-ETS1,MS-ETS1-1,conceptual,How does specifying criteria with precise numbers or measurements make a design problem easier to solve?,fk_grade=12.8_out_of_band,7
MS-PS1,MS-PS1-3,recall,What natural resource is rayon made from?,llm_inappropriate,7
MS-PS1,MS-PS1-3,recall,What is fertilizer made from?,llm_inappropriate,7
MS-PS1,MS-PS1-3,recall,What natural resource is synthetic rubber made from?,llm_inappropriate,7
MS-PS1,MS-PS1-3,recall,What natural resource is aluminum foil made from?,llm_inappropriate,7
MS-PS4,MS-PS4-2,recall,What is an opaque material?,llm_inappropriate,7
MS-PS4,MS-PS4-2,conceptual,Why do you feel warm when you stand near a fire even without touching it?,llm_inappropriate,7
MS-PS4,MS-PS4-2,applied,"If you put a piece of black asphalt and a piece of white concrete outside on a sunny day, which one gets hotter and why?",llm_inappropriate,7
MS-LS1,MS-LS1-3,recall,What does the circulatory system do?,llm_inappropriate,7
MS-LS1,MS-LS1-3,recall,What does the respiratory system do?,llm_inappropriate,7
MS-LS1,MS-LS1-3,recall,What is the main organ of the circulatory system?,llm_inappropriate,7
MS-LS2,MS-LS2-3,recall,What is a producer in an ecosystem?,llm_inappropriate,7
MS-LS2,MS-LS2-3,recall,What is a decomposer?,llm_inappropriate,7
MS-LS2,MS-LS2-3,recall,What is a consumer in an ecosystem?,llm_inappropriate,7
MS-LS3,MS-LS3-1,recall,What is the relationship between a gene and a protein?,llm_inappropriate,7
MS-LS3,MS-LS3-1,recall,What are amino acids?,llm_inappropriate,7
MS-LS3,MS-LS3-1,recall,What is a structural protein?,llm_inappropriate,7
MS-LS3,MS-LS3-1,recall,What does it mean when scientists say a mutation 'changes the structure' of a protein?,llm_inappropriate,7
MS-LS4,MS-LS4-3,recall,What does the word 'embryological' mean?,llm_inappropriate,7
MS-ESS2,MS-ESS2-2,recall,What is erosion?,llm_inappropriate,7
MS-ESS2,MS-ESS2-2,recall,What is a sedimentary rock?,llm_inappropriate,7
MS-ESS2,MS-ESS2-4,recall,What force pulls precipitation back down to Earth's surface after it forms in clouds?,llm_inappropriate,7
MS-ESS3,MS-ESS3-1,recall,What is a mineral resource?,llm_inappropriate,7
MS-ESS3,MS-ESS3-1,recall,What is groundwater?,llm_inappropriate,7
MS-ESS3,MS-ESS3-1,recall,How do plate tectonic processes affect where metal ore deposits are found?,llm_inappropriate,7
MS-ESS3,MS-ESS3-1,recall,What process causes minerals to concentrate in veins inside rock?,llm_inappropriate,7
MS-ESS3,MS-ESS3-1,recall,What is weathering?,llm_inappropriate,7
MS-ESS3,MS-ESS3-1,recall,What is erosion?,llm_inappropriate,7
MS-PS1,MS-PS1-3,recall,What natural resource is plastic most commonly made from?,duplicate,7
MS-PS1,MS-PS1-3,recall,What is polyester made from?,duplicate,7
MS-PS2,MS-PS2-3,recall,What happens to the strength of a magnetic force as two magnets are moved farther apart?,duplicate,7
MS-PS2,MS-PS2-5,recall,What is a gravitational field?,duplicate,7
MS-PS3,MS-PS3-3,recall,What is thermal energy?,duplicate,7
MS-PS3,MS-PS3-3,recall,What is conduction?,duplicate,7
MS-PS3,MS-PS3-3,recall,What is convection?,duplicate,7
MS-PS3,MS-PS3-3,recall,What is an insulator?,duplicate,7
MS-PS3,MS-PS3-3,recall,What is temperature?,duplicate,7
MS-PS3,MS-PS3-3,recall,What does it mean to minimize thermal energy transfer?,duplicate,7
MS-PS3,MS-PS3-3,recall,"What is a vacuum, and why does it reduce thermal energy transfer?",duplicate,7
MS-PS3,MS-PS3-3,recall,Why do metal spoons feel colder than wooden spoons at room temperature?,duplicate,7
MS-PS3,MS-PS3-3,recall,What is R-value in insulation?,duplicate,7
MS-PS4,MS-PS4-2,recall,What does it mean for a wave to be transmitted through a material?,duplicate,7
MS-PS4,MS-PS4-3,recall,What is an analog signal?,duplicate,7
MS-PS4,MS-PS4-3,recall,What is a digital signal?,duplicate,7
MS-PS4,MS-PS4-3,recall,What are the two possible values used in a binary digital signal?,duplicate,7
MS-PS4,MS-PS4-2,conceptual,Why can radio waves pass through the walls of your house but visible light cannot?,duplicate,7
MS-LS2,MS-LS2-3,recall,What is the original source of energy for most ecosystems on Earth?,duplicate,7
MS-LS2,MS-LS2-3,recall,What is the nitrogen cycle?,duplicate,7
MS-LS2,MS-LS2-3,recall,What is an abiotic factor in an ecosystem?,duplicate,7
MS-LS2,MS-LS2-3,recall,What is a biotic factor in an ecosystem?,duplicate,7
MS-LS2,MS-LS2-1,conceptual,Why do animal populations shrink when food becomes scarce?,duplicate,7
MS-LS3,MS-LS3-1,recall,What is an example of a harmful mutation?,duplicate,7
MS-LS3,MS-LS3-1,recall,What is a neutral mutation?,duplicate,7
MS-LS3,MS-LS3-1,recall,How many chromosomes do humans normally have in most body cells?,duplicate,7
MS-LS3,MS-LS3-1,recall,Where are chromosomes located in a cell?,duplicate,7
MS-LS3,MS-LS3-1,recall,Can mutations be passed from parents to offspring?,duplicate,7
MS-LS3,MS-LS3-2,conceptual,How does the process of forming sex cells (egg and sperm) help create genetic variation?,duplicate,7
MS-LS4,MS-LS4-6,recall,What does it mean when scientists talk about the 'frequency' of a trait in a population?,duplicate,7
MS-LS4,MS-LS4-2,conceptual,"Why do whales have tiny, hidden leg-like bones inside their bodies even though they don't use them?",duplicate,7
MS-LS4,MS-LS4-2,conceptual,Why do sharks and dolphins look so similar even though sharks are fish and dolphins are mammals?,duplicate,7
MS-ESS1,MS-ESS1-3,recall,What is the order of the eight planets in our solar system from closest to farthest from the Sun?,duplicate,7
MS-ESS1,MS-ESS1-3,recall,What is an astronomical unit (AU)?,duplicate,7
MS-ESS2,MS-ESS2-2,recall,What is weathering?,duplicate,7
MS-ESS2,MS-ESS2-2,recall,What is deposition in Earth science?,duplicate,7
MS-ESS2,MS-ESS2-3,conceptual,How does the shape of the continents help support the idea that they were once connected?,duplicate,7
MS-ESS3,MS-ESS3-1,recall,What geoscience process forms coal deposits?,duplicate,7
MS-ESS3,MS-ESS3-5,conceptual,Why do greenhouse gases like carbon dioxide cause Earth's temperature to rise?,duplicate,7
MS-PS1,MS-PS1-3,recall,What is a synthetic material?,fk_grade=10.0_out_of_band,8
MS-PS1,MS-PS1-3,recall,What is nylon made from?,fk_grade=0.5_out_of_band,8
MS-PS1,MS-PS1-3,recall,What does the word 'synthetic' mean in science?,fk_grade=3.8_out_of_band,8
MS-PS1,MS-PS1-3,recall,What is one example of a synthetic material used in medicine?,fk_grade=10.2_out_of_band,8
MS-PS1,MS-PS1-3,recall,What is a polymer?,fk_grade=3.7_out_of_band,8
MS-PS1,MS-PS1-3,recall,What natural resource is glass made from?,fk_grade=4.0_out_of_band,8
MS-PS1,MS-PS1-3,recall,"What is steel, and what natural resources is it made from?",fk_grade=4.8_out_of_band,8
MS-PS1,MS-PS1-3,recall,What is one environmental impact of producing synthetic plastics?,fk_grade=12.8_out_of_band,8
MS-PS1,MS-PS1-3,recall,"What is fertilizer, and where does the nitrogen in synthetic fertilizer come from?",fk_grade=10.4_out_of_band,8
MS-PS1,MS-PS1-3,recall,What natural resource is aluminum made from?,fk_grade=9.1_out_of_band,8
MS-PS1,MS-PS1-3,recall,"What is Kevlar, and what is it used for?",fk_grade=1.0_out_of_band,8
MS-PS1,MS-PS1-3,recall,"What is rubber, and can it come from natural sources?",fk_grade=4.8_out_of_band,8
MS-PS1,MS-PS1-3,recall,What is one benefit synthetic materials have brought to society?,fk_grade=11.9_out_of_band,8
MS-PS1,MS-PS1-1,conceptual,Why do different molecules have different properties even though they are all made of atoms?,fk_grade=9.9_out_of_band,8
MS-PS1,MS-PS1-1,conceptual,Why does a water molecule always have two hydrogen atoms and one oxygen atom instead of some other combination?,fk_grade=12.9_out_of_band,8
MS-PS1,MS-PS1-1,conceptual,"Why do some substances, like table salt, form large repeating structures instead of small individual molecules?",fk_grade=12.0_out_of_band,8
MS-PS1,MS-PS1-1,conceptual,Why does carbon dioxide have a different structure than water even though both molecules contain only two types of atoms?,fk_grade=11.7_out_of_band,8
MS-PS2,MS-PS2-3,recall,What is an electric force?,fk_grade=2.9_out_of_band,8
MS-PS2,MS-PS2-3,recall,What is a magnetic force?,fk_grade=2.9_out_of_band,8
MS-PS2,MS-PS2-3,recall,What are the two types of electric charges?,fk_grade=3.8_out_of_band,8
MS-PS2,MS-PS2-3,recall,What are the two poles of a magnet called?,fk_grade=1.0_out_of_band,8
MS-PS2,MS-PS2-3,recall,What happens when you bring the same poles of two magnets close together?,fk_grade=4.9_out_of_band,8
MS-PS2,MS-PS2-3,recall,How does increasing the amount of electric charge on an object affect the electric force it exerts?,fk_grade=9.8_out_of_band,8
MS-PS2,MS-PS2-3,recall,What is a magnetic field?,fk_grade=2.9_out_of_band,8
MS-PS2,MS-PS2-3,recall,What does it mean for a material to be a conductor of electricity?,fk_grade=9.4_out_of_band,8
MS-PS2,MS-PS2-3,recall,What is an electromagnet?,fk_grade=9.6_out_of_band,8
MS-PS2,MS-PS2-3,recall,How does increasing the number of coils of wire in an electromagnet affect its strength?,fk_grade=9.1_out_of_band,8
MS-PS2,MS-PS2-3,recall,What is the name of the law that describes how the electric force between two charges depends on the amount of charge and the distance between them?,fk_grade=10.7_out_of_band,8
MS-PS3,MS-PS3-3,recall,What is heat in science?,fk_grade=0.5_out_of_band,8
MS-PS3,MS-PS3-3,recall,In which direction does thermal energy naturally flow between two objects?,fk_grade=11.2_out_of_band,8
MS-PS3,MS-PS3-3,recall,What unit do scientists most commonly use to measure temperature?,fk_grade=9.6_out_of_band,8
MS-PS3,MS-PS3-3,recall,What is the purpose of a thermos (vacuum flask)?,fk_grade=3.7_out_of_band,8
MS-PS3,MS-PS3-3,recall,What does it mean to 'minimize thermal energy transfer' in an engineering design?,fk_grade=10.4_out_of_band,8
MS-PS3,MS-PS3-3,recall,What does it mean to 'maximize thermal energy transfer' in an engineering design?,fk_grade=10.4_out_of_band,8
MS-PS3,MS-PS3-3,recall,What is a heat sink?,fk_grade=-1.8_out_of_band,8
MS-PS3,MS-PS3-3,recall,What is the R-value of an insulating material?,fk_grade=9.7_out_of_band,8
MS-PS3,MS-PS3-1,conceptual,Why does a heavier object moving at the same speed as a lighter object have more kinetic energy?,fk_grade=9.8_out_of_band,8
MS-PS3,MS-PS3-1,conceptual,Why does doubling an object's speed increase its kinetic energy more than doubling its mass does?,fk_grade=10.6_out_of_band,8
MS-PS4,MS-PS4-3,recall,What does it mean to digitize a signal?,fk_grade=3.8_out_of_band,8
MS-PS4,MS-PS4-3,recall,What is noise in the context of signal transmission?,fk_grade=5.0_out_of_band,8
MS-PS4,MS-PS4-3,recall,Why are digital signals less affected by noise than analog signals?,fk_grade=9.1_out_of_band,8
MS-PS4,MS-PS4-3,recall,What is a pixel?,fk_grade=0.7_out_of_band,8
MS-PS4,MS-PS4-3,recall,What does the term 'bit' mean?,fk_grade=-1.4_out_of_band,8
MS-PS4,MS-PS4-3,recall,What kind of waves can carry digital signals through the air?,fk_grade=4.8_out_of_band,8
MS-PS4,MS-PS4-3,recall,What is one example of a technology that uses digitized signals to transmit information?,fk_grade=12.6_out_of_band,8
MS-PS4,MS-PS4-3,recall,What does 'encoding information' mean?,fk_grade=10.0_out_of_band,8
MS-PS4,MS-PS4-2,conceptual,Why does a mirror reflect light instead of letting it pass through?,fk_grade=4.8_out_of_band,8
MS-PS4,MS-PS4-2,conceptual,Why does a white shirt stay cooler in the sun than a black shirt?,fk_grade=2.5_out_of_band,8
MS-PS4,MS-PS4-2,conceptual,Why can you see objects through a glass window but not through a brick wall?,fk_grade=3.6_out_of_band,8
MS-PS4,MS-PS4-2,conceptual,Why does an echo happen when you shout near a large wall or cliff?,fk_grade=3.4_out_of_band,8
MS-PS4,MS-PS4-2,conceptual,Why does stained glass in a window let some colors of light through but block others?,fk_grade=4.7_out_of_band,8
MS-LS1,MS-LS1-3,recall,What is a cell?,fk_grade=-2.2_out_of_band,8
MS-LS1,MS-LS1-3,recall,What is a tissue in the human body?,fk_grade=3.8_out_of_band,8
MS-LS1,MS-LS1-3,recall,What is an organ?,fk_grade=0.7_out_of_band,8
MS-LS1,MS-LS1-3,recall,What is an organ system?,fk_grade=2.9_out_of_band,8
MS-LS1,MS-LS1-3,recall,What are the four main types of tissue found in the human body?,fk_grade=4.0_out_of_band,8
MS-LS1,MS-LS1-3,recall,"What is the correct order of organization from smallest to largest in the human body, starting with cells?",fk_grade=10.4_out_of_band,8
MS-LS1,MS-LS1-3,recall,What does the nervous system do?,fk_grade=2.5_out_of_band,8
MS-LS1,MS-LS1-3,recall,What are red blood cells?,fk_grade=-1.8_out_of_band,8
MS-LS1,MS-LS1-4,conceptual,How does a male bird performing an elaborate dance or song help it reproduce successfully?,fk_grade=9.1_out_of_band,8
MS-LS2,MS-LS2-3,recall,What is the water cycle?,fk_grade=2.9_out_of_band,8
MS-LS2,MS-LS2-3,recall,What is the carbon cycle?,fk_grade=2.9_out_of_band,8
MS-LS2,MS-LS2-3,recall,What is a food web?,fk_grade=-1.8_out_of_band,8
MS-LS2,MS-LS2-3,recall,What is photosynthesis?,fk_grade=13.1_out_of_band,8
MS-LS2,MS-LS2-3,recall,What is cellular respiration?,fk_grade=12.5_out_of_band,8
MS-LS2,MS-LS2-3,recall,What is a trophic level?,fk_grade=2.9_out_of_band,8
MS-LS2,MS-LS2-3,recall,What are abiotic factors in an ecosystem?,fk_grade=9.1_out_of_band,8
MS-LS3,MS-LS3-1,recall,What is a gene?,fk_grade=-2.2_out_of_band,8
MS-LS3,MS-LS3-1,recall,What is a mutation?,fk_grade=3.7_out_of_band,8
MS-LS3,MS-LS3-1,recall,What is a chromosome?,fk_grade=3.7_out_of_band,8
MS-LS3,MS-LS3-1,recall,What is a protein?,fk_grade=0.7_out_of_band,8
MS-LS3,MS-LS3-1,recall,What molecule carries the genetic instructions for making proteins?,fk_grade=11.5_out_of_band,8
MS-LS3,MS-LS3-1,recall,What is a beneficial mutation?,fk_grade=10.0_out_of_band,8
MS-LS3,MS-LS3-2,conceptual,Why do offspring from asexual reproduction end up with the exact same genetic information as their parent?,fk_grade=12.6_out_of_band,8
MS-LS3,MS-LS3-2,conceptual,Why does sexual reproduction produce offspring that are not identical to either parent?,fk_grade=12.2_out_of_band,8
MS-LS3,MS-LS3-2,conceptual,How does a bacterium reproducing by splitting in two result in offspring with identical DNA?,fk_grade=13.1_out_of_band,8
MS-LS3,MS-LS3-2,conceptual,Why is genetic variation important for a population that reproduces sexually?,fk_grade=17.7_out_of_band,8
MS-LS3,MS-LS3-2,conceptual,How does a strawberry plant making new plants by sending out runners relate to the offspring having identical genes?,fk_grade=10.5_out_of_band,8
MS-LS3,MS-LS3-2,conceptual,"Why don't identical twins have genetic variation between them, even though they were born from sexual reproduction?",fk_grade=13.3_out_of_band,8
MS-LS3,MS-LS3-2,conceptual,How does the random shuffling of chromosomes during the formation of sex cells help create genetic variation?,fk_grade=11.9_out_of_band,8
MS-LS3,MS-LS3-2,conceptual,Why would a population of organisms that only reproduces asexually be more at risk from a new disease than one that reproduces sexually?,fk_grade=15.4_out_of_band,8
MS-LS3,MS-LS3-2,conceptual,How does sexual reproduction result in more possible combinations of traits compared to asexual reproduction?,fk_grade=16.2_out_of_band,8
MS-LS4,MS-LS4-3,recall,What is an embryo?,fk_grade=3.7_out_of_band,8
MS-LS4,MS-LS4-3,recall,What is embryology?,fk_grade=13.1_out_of_band,8
MS-LS4,MS-LS4-3,recall,What does it mean when two species show similar patterns in their embryo development?,fk_grade=9.3_out_of_band,8
MS-LS4,MS-LS4-3,recall,Who was Ernst Haeckel?,fk_grade=0.7_out_of_band,8
MS-LS4,MS-LS4-3,recall,What is the term for the complete process by which a fertilized egg develops into a fully formed organism?,fk_grade=10.5_out_of_band,8
MS-LS4,MS-LS4-3,recall,Why do scientists compare embryos of different species instead of just comparing the fully grown adults?,fk_grade=12.0_out_of_band,8
MS-LS4,MS-LS4-3,recall,What are homologous structures?,fk_grade=9.6_out_of_band,8
MS-LS4,MS-LS4-6,recall,What is natural selection?,fk_grade=9.6_out_of_band,8
MS-LS4,MS-LS4-6,recall,What is a trait?,fk_grade=-2.2_out_of_band,8
MS-LS4,MS-LS4-6,recall,What does 'survival of the fittest' mean in science?,fk_grade=3.7_out_of_band,8
MS-LS4,MS-LS4-2,conceptual,Why do scientists use anatomical similarities between organisms to figure out how closely related they are?,fk_grade=15.7_out_of_band,8
MS-LS4,MS-LS4-2,conceptual,"How can a human arm, a bat wing, and a whale flipper all be so different in shape but still have the same basic bone structure?",fk_grade=9.1_out_of_band,8
MS-LS4,MS-LS4-2,conceptual,Why do fossils of ancient organisms help scientists understand the evolutionary history of modern organisms?,fk_grade=17.8_out_of_band,8
MS-LS4,MS-LS4-2,conceptual,"How does finding a transitional fossil, like Tiktaalik, help explain the relationship between fish and land animals?",fk_grade=12.6_out_of_band,8
MS-LS4,MS-LS4-2,conceptual,"Why are the embryos of very different animals, like fish, chickens, and humans, so hard to tell apart in their early stages of development?",fk_grade=12.9_out_of_band,8
MS-LS4,MS-LS4-2,conceptual,How do vestigial structures provide evidence that organisms evolved from ancestors with different body functions?,fk_grade=15.4_out_of_band,8
MS-LS4,MS-LS4-2,conceptual,Why would two organisms that live in completely different environments still have very similar bone structures if they share a common ancestor?,fk_grade=13.9_out_of_band,8
MS-LS4,MS-LS4-2,conceptual,How does comparing the anatomy of a modern horse to fossil horses help scientists explain how the horse changed over time?,fk_grade=11.1_out_of_band,8
MS-LS4,MS-LS4-1,applied,"If a scientist finds shark teeth fossils in a rocky desert far from any ocean, what does that tell us about what that area used to be like?",fk_grade=11.3_out_of_band,8
MS-LS4,MS-LS4-1,applied,"If you find fossils of the same type of ancient fish in rock layers across three different continents, what pattern in the fossil record does that suggest?",fk_grade=12.0_out_of_band,8
MS-LS4,MS-LS4-1,applied,"A student notices that fossils of small, simple organisms are found in the oldest, deepest rock layers, while fossils of larger, more complex animals appear in newer layers above them. What does this pattern tell us about the history of life on Earth?",fk_grade=11.2_out_of_band,8
MS-ESS1,MS-ESS1-1,recall,What is a lunar phase?,fk_grade=0.5_out_of_band,8
MS-ESS1,MS-ESS1-1,recall,How long does it take the Moon to complete one full cycle of phases?,fk_grade=4.2_out_of_band,8
MS-ESS1,MS-ESS1-1,recall,What is a solar eclipse?,fk_grade=2.9_out_of_band,8
MS-ESS1,MS-ESS1-1,recall,What is a lunar eclipse?,fk_grade=2.9_out_of_band,8
MS-ESS1,MS-ESS1-1,recall,What causes Earth's seasons?,fk_grade=3.7_out_of_band,8
MS-ESS1,MS-ESS1-1,recall,What is the phase of the Moon called when the entire lit side faces Earth?,fk_grade=4.4_out_of_band,8
MS-ESS2,MS-ESS2-2,recall,What is a tectonic plate?,fk_grade=2.9_out_of_band,8
MS-ESS2,MS-ESS2-2,recall,What is deposition in geology?,fk_grade=12.3_out_of_band,8
MS-ESS2,MS-ESS2-2,recall,What is a glacier?,fk_grade=0.7_out_of_band,8
MS-ESS2,MS-ESS2-4,recall,What is evaporation?,fk_grade=13.1_out_of_band,8
MS-ESS2,MS-ESS2-4,conceptual,Why does rain fall back down to Earth instead of staying in the clouds?,fk_grade=3.4_out_of_band,8
MS-ESS2,MS-ESS2-4,applied,"If you leave a puddle of water on the sidewalk on a hot, sunny day, where does the water go and what part of the water cycle is happening?",fk_grade=11.2_out_of_band,8
MS-ESS2,MS-ESS2-5,applied,"A cold front is moving toward your town on a warm, humid summer day. What kind of weather should you expect when the front arrives?",fk_grade=4.4_out_of_band,8
MS-ESS2,MS-ESS2-6,applied,"If you live on the west coast of a continent near the ocean, why does your city tend to have milder temperatures year-round compared to a city at the same latitude in the middle of the continent?",fk_grade=15.4_out_of_band,8
MS-ESS2,MS-ESS2-6,applied,"Imagine you are a sailor in the days before engines, trying to sail from Europe to the Americas. Why would it make sense to sail south toward the equator first instead of heading straight west across the Atlantic?",fk_grade=9.2_out_of_band,8
MS-ESS3,MS-ESS3-1,recall,What is an ore?,fk_grade=-2.2_out_of_band,8
MS-ESS3,MS-ESS3-1,recall,What is an aquifer?,fk_grade=3.7_out_of_band,8
MS-ESS3,MS-ESS3-1,recall,What geoscience process concentrates metal ores near volcanic areas?,fk_grade=11.5_out_of_band,8
MS-ESS3,MS-ESS3-1,recall,What is a fossil fuel?,fk_grade=2.9_out_of_band,8
MS-ESS3,MS-ESS3-1,recall,How does oil form?,fk_grade=-2.2_out_of_band,8
MS-ESS3,MS-ESS3-1,recall,What is plate tectonics?,fk_grade=3.7_out_of_band,8
MS-ESS3,MS-ESS3-1,recall,"What is sedimentary rock, and why is it important for energy resources?",fk_grade=10.7_out_of_band,8
MS-ESS3,MS-ESS3-1,recall,What is the water table?,fk_grade=2.9_out_of_band,8
MS-ESS3,MS-ESS3-1,recall,What does 'nonrenewable resource' mean?,fk_grade=10.0_out_of_band,8
MS-ESS3,MS-ESS3-1,recall,"What is permeability, and why does it matter for groundwater resources?",fk_grade=11.2_out_of_band,8
MS-ESS3,MS-ESS3-2,conceptual,Why do scientists study past earthquake records to predict where future earthquakes might happen?,fk_grade=9.3_out_of_band,8
MS-ESS3,MS-ESS3-2,conceptual,How does tracking historical hurricane data help forecasters warn people about future storms?,fk_grade=12.2_out_of_band,8
MS-ETS1,MS-ETS1-1,conceptual,Why do engineers need to clearly define what a design must do before they start building anything?,fk_grade=9.1_out_of_band,8
MS-ETS1,MS-ETS1-1,conceptual,How do scientific principles limit the kinds of solutions engineers can come up with?,fk_grade=10.1_out_of_band,8
MS-ETS1,MS-ETS1-1,conceptual,Why is it important for engineers to be precise and specific when they describe a design problem?,fk_grade=9.8_out_of_band,8
MS-ETS1,MS-ETS1-1,conceptual,How can a new engineering solution harm the natural environment even if it solves the original problem?,fk_grade=13.3_out_of_band,8
MS-ETS1,MS-ETS1-1,conceptual,Why do engineers include potential impacts on people as part of defining a design problem?,fk_grade=10.7_out_of_band,8
MS-ETS1,MS-ETS1-1,conceptual,How does a limited budget act as a constraint that shapes an engineering solution?,fk_grade=9.3_out_of_band,8
MS-ETS1,MS-ETS1-1,conceptual,Why might a design solution that works perfectly in one location fail in a different environment?,fk_grade=11.3_out_of_band,8
MS-ETS1,MS-ETS1-1,conceptual,How does identifying criteria help engineers decide whether one design is better than another?,fk_grade=14.3_out_of_band,8
MS-ETS1,MS-ETS1-1,conceptual,Why is it harder to solve a design problem when the criteria and constraints aren't clearly defined?,fk_grade=9.8_out_of_band,8
MS-ETS1,MS-ETS1-1,conceptual,How do safety requirements work as constraints in an engineering design problem?,fk_grade=9.7_out_of_band,8
MS-ETS1,MS-ETS1-1,conceptual,How does knowing the constraints ahead of time help engineers avoid wasting effort on ideas that won't work?,fk_grade=9.8_out_of_band,8
MS-ETS1,MS-ETS1-1,conceptual,Why do criteria and constraints sometimes conflict with each other in a design problem?,fk_grade=9.3_out_of_band,8
MS-ETS1,MS-ETS1-1,conceptual,How does thinking about a design's impact on the environment help engineers set better constraints?,fk_grade=10.7_out_of_band,8
MS-PS1,MS-PS1-3,recall,What natural resource is rayon fabric made from?,llm_inappropriate,8
MS-PS1,MS-PS1-3,recall,What does it mean for a natural resource to be non-renewable?,llm_inappropriate,8
MS-PS1,MS-PS1-1,conceptual,Why can't you just mix any atoms together and expect them to form a stable molecule?,llm_inappropriate,8
MS-PS4,MS-PS4-2,conceptual,Why does wearing sunscreen protect your skin from ultraviolet (UV) rays?,llm_inappropriate,8
MS-PS4,MS-PS4-2,conceptual,"Why does a rough, dark road absorb more light than a smooth, light-colored sidewalk?",llm_inappropriate,8
MS-LS1,MS-LS1-3,recall,What is the skeletal system?,llm_inappropriate,8
MS-LS1,MS-LS1-3,recall,What organ pumps blood through the circulatory system?,llm_inappropriate,8
MS-LS2,MS-LS2-3,recall,What is a producer in an ecosystem?,llm_inappropriate,8
MS-LS2,MS-LS2-3,recall,What is a consumer in an ecosystem?,llm_inappropriate,8
MS-LS2,MS-LS2-3,recall,What is a decomposer?,llm_inappropriate,8
MS-LS3,MS-LS3-1,recall,What is the basic building block (monomer) of proteins?,llm_inappropriate,8
MS-ESS2,MS-ESS2-2,recall,What is erosion?,llm_inappropriate,8
MS-ESS2,MS-ESS2-4,recall,What force pulls precipitation back down to Earth's surface after it forms in clouds?,llm_inappropriate,8
MS-ESS2,MS-ESS2-4,applied,Why does rain fall down to Earth instead of just staying up in the clouds forever?,llm_inappropriate,8
MS-ESS3,MS-ESS3-1,recall,What is a mineral resource?,llm_inappropriate,8
MS-ESS3,MS-ESS3-1,recall,What is groundwater?,llm_inappropriate,8
MS-ESS3,MS-ESS3-1,recall,"What is subduction, and how does it relate to mineral formation?",llm_inappropriate,8
MS-ESS3,MS-ESS3-1,recall,What is a placer deposit?,llm_inappropriate,8
MS-PS1,MS-PS1-3,recall,What natural resource is plastic most commonly made from?,duplicate,8
MS-PS1,MS-PS1-3,recall,What is polyester made from?,duplicate,8
MS-PS2,MS-PS2-3,recall,What happens to the electric force between two charged objects as they get farther apart?,duplicate,8
MS-PS3,MS-PS3-3,recall,What is thermal energy?,duplicate,8
MS-PS3,MS-PS3-3,recall,What is conduction?,duplicate,8
MS-PS3,MS-PS3-3,recall,What is convection?,duplicate,8
MS-PS3,MS-PS3-3,recall,What is radiation as a method of heat transfer?,duplicate,8
MS-PS3,MS-PS3-3,recall,What is a thermal insulator?,duplicate,8
MS-PS3,MS-PS3-3,recall,What is a thermal conductor?,duplicate,8
MS-PS3,MS-PS3-3,recall,What is an example of a good thermal conductor?,duplicate,8
MS-PS3,MS-PS3-3,recall,What is an example of a good thermal insulator?,duplicate,8
MS-PS3,MS-PS3-3,recall,Which type of thermal energy transfer is the only one that can travel through a vacuum?,duplicate,8
MS-PS3,MS-PS3-3,recall,Why do metals feel colder to the touch than wood at the same room temperature?,duplicate,8
MS-PS4,MS-PS4-3,recall,What is an analog signal?,duplicate,8
MS-PS4,MS-PS4-3,recall,What is a digital signal?,duplicate,8
MS-PS4,MS-PS4-2,conceptual,Why do radio waves pass through the walls of your house but visible light cannot?,duplicate,8
MS-PS4,MS-PS4-2,applied,"When you look at yourself in a mirror, what is happening to the light waves that hit the mirror's surface?",duplicate,8
MS-LS2,MS-LS2-3,recall,What is the nitrogen cycle?,duplicate,8
MS-LS2,MS-LS2-3,recall,What does 'cycling of matter' mean in an ecosystem?,duplicate,8
MS-LS2,MS-LS2-3,recall,What is the main source of energy for most ecosystems on Earth?,duplicate,8
MS-LS3,MS-LS3-1,recall,What is a neutral mutation?,duplicate,8
MS-LS3,MS-LS3-1,recall,What is an example of a harmful mutation in humans?,duplicate,8
MS-LS3,MS-LS3-1,recall,Where are chromosomes located inside a cell?,duplicate,8
MS-LS3,MS-LS3-1,recall,What is the relationship between genes and proteins?,duplicate,8
MS-LS3,MS-LS3-2,conceptual,Why can two human siblings look different from each other even though they have the same parents?,duplicate,8
MS-LS4,MS-LS4-3,recall,What is a common ancestor?,duplicate,8
MS-LS4,MS-LS4-2,conceptual,Why do whales have tiny hip and leg bones hidden inside their bodies even though they don't have back legs?,duplicate,8
MS-LS4,MS-LS4-2,conceptual,Why do sharks and dolphins look so similar even though sharks are fish and dolphins are mammals?,duplicate,8
MS-ESS2,MS-ESS2-2,recall,What is weathering?,duplicate,8
MS-ESS3,MS-ESS3-1,recall,What process forms coal deposits?,duplicate,8
MS-ESS3,MS-ESS3-5,conceptual,Why do greenhouse gases like carbon dioxide cause Earth's temperature to rise?,duplicate,8
MS-ESS3,MS-ESS3-5,conceptual,How does burning fossil fuels lead to an increase in global temperatures?,duplicate,8
MS-PS1,MS-PS1-3,recall,What is a synthetic material?,fk_grade=10.0_out_of_band,9
MS-PS1,MS-PS1-3,recall,What is nylon made from?,fk_grade=0.5_out_of_band,9
MS-PS1,MS-PS1-3,recall,What does the word 'synthetic' mean in science?,fk_grade=3.8_out_of_band,9
MS-PS1,MS-PS1-3,recall,"What is steel, and what natural resources are used to make it?",fk_grade=4.8_out_of_band,9
MS-PS1,MS-PS1-3,recall,What natural resource is glass made from?,fk_grade=4.0_out_of_band,9
MS-PS1,MS-PS1-3,recall,"What natural resource is rubber originally found in, and what is synthetic rubber made from?",fk_grade=10.7_out_of_band,9
MS-PS1,MS-PS1-3,recall,"What is fertilizer, and what natural resources are used to make synthetic fertilizers?",fk_grade=12.2_out_of_band,9
MS-PS1,MS-PS1-3,recall,What is one negative environmental impact of producing synthetic materials like plastic?,fk_grade=15.6_out_of_band,9
MS-PS1,MS-PS1-3,recall,What is one way synthetic materials have positively impacted society?,fk_grade=15.4_out_of_band,9
MS-PS1,MS-PS1-3,recall,What natural material did synthetic dyes replace?,fk_grade=12.4_out_of_band,9
MS-PS1,MS-PS1-3,recall,What element found in nature is the basis for most synthetic polymers like plastic?,fk_grade=9.3_out_of_band,9
MS-PS1,MS-PS1-3,recall,What is a polymer?,fk_grade=3.7_out_of_band,9
MS-PS1,MS-PS1-1,conceptual,Why do different molecules have different properties even though they are all made of atoms?,fk_grade=9.9_out_of_band,9
MS-PS1,MS-PS1-1,conceptual,Why does a water molecule always have two hydrogen atoms and one oxygen atom instead of some other combination?,fk_grade=12.9_out_of_band,9
MS-PS1,MS-PS1-1,conceptual,"How do scientists use models to show what the inside of a solid material, like a crystal of table salt, looks like at the atomic level?",fk_grade=12.3_out_of_band,9
MS-PS2,MS-PS2-3,recall,What is an electric force?,fk_grade=2.9_out_of_band,9
MS-PS2,MS-PS2-3,recall,What are the two types of electric charge?,fk_grade=2.3_out_of_band,9
MS-PS2,MS-PS2-3,recall,What is a magnetic pole?,fk_grade=2.9_out_of_band,9
MS-PS2,MS-PS2-3,recall,What is a magnetic field?,fk_grade=2.9_out_of_band,9
MS-PS2,MS-PS2-3,recall,What is an electromagnet?,fk_grade=9.6_out_of_band,9
MS-PS2,MS-PS2-3,recall,How does increasing the number of coils of wire in an electromagnet affect its strength?,fk_grade=9.1_out_of_band,9
MS-PS2,MS-PS2-3,recall,What does the term 'electric charge' mean?,fk_grade=2.3_out_of_band,9
MS-PS3,MS-PS3-2,conceptual,Why does a roller coaster car have more gravitational potential energy at the top of a hill than at the bottom?,fk_grade=10.6_out_of_band,9
MS-PS4,MS-PS4-3,recall,What is 'noise' in the context of signal transmission?,fk_grade=5.0_out_of_band,9
MS-PS4,MS-PS4-3,recall,Why are digital signals considered more reliable than analog signals when noise is introduced?,fk_grade=12.6_out_of_band,9
MS-PS4,MS-PS4-3,recall,What are the two values used to represent information in a binary digital signal?,fk_grade=10.9_out_of_band,9
MS-PS4,MS-PS4-3,recall,What is the term for the loss of quality or accuracy that can happen to an analog signal over a long transmission distance?,fk_grade=11.8_out_of_band,9
MS-PS4,MS-PS4-3,recall,What does the word 'encode' mean when talking about transmitting information?,fk_grade=9.1_out_of_band,9
MS-PS4,MS-PS4-3,recall,What is one example of a technology that transmits information using digital signals?,fk_grade=13.1_out_of_band,9
MS-PS4,MS-PS4-3,recall,What is an example of an analog signal used in everyday technology?,fk_grade=10.7_out_of_band,9
MS-LS1,MS-LS1-3,recall,What is a tissue?,fk_grade=0.7_out_of_band,9
MS-LS1,MS-LS1-3,recall,What is an organ?,fk_grade=0.7_out_of_band,9
MS-LS1,MS-LS1-3,recall,What is an organ system?,fk_grade=2.9_out_of_band,9
MS-LS1,MS-LS1-3,recall,What is the correct order of organization from smallest to largest in the human body?,fk_grade=9.9_out_of_band,9
MS-LS1,MS-LS1-3,recall,What is the role of the nervous system in the body?,fk_grade=3.7_out_of_band,9
MS-LS1,MS-LS1-3,recall,What does the muscular system do for the body?,fk_grade=5.0_out_of_band,9
MS-LS2,MS-LS2-3,recall,What is a food web?,fk_grade=-1.8_out_of_band,9
MS-LS2,MS-LS2-3,recall,What is the water cycle?,fk_grade=2.9_out_of_band,9
MS-LS2,MS-LS2-3,recall,What is the carbon cycle?,fk_grade=2.9_out_of_band,9
MS-LS2,MS-LS2-3,recall,What is photosynthesis?,fk_grade=13.1_out_of_band,9
MS-LS2,MS-LS2-3,recall,What is cellular respiration?,fk_grade=12.5_out_of_band,9
MS-LS2,MS-LS2-3,recall,What does the term 'trophic level' mean?,fk_grade=2.3_out_of_band,9
MS-LS3,MS-LS3-1,recall,What is a mutation?,fk_grade=3.7_out_of_band,9
MS-LS3,MS-LS3-1,recall,Where are genes located inside a cell?,fk_grade=4.0_out_of_band,9
MS-LS3,MS-LS3-1,recall,What is a protein?,fk_grade=0.7_out_of_band,9
MS-LS3,MS-LS3-1,recall,What does it mean when a mutation is called 'neutral'?,fk_grade=3.7_out_of_band,9
MS-LS3,MS-LS3-1,recall,What is a chromosome?,fk_grade=3.7_out_of_band,9
MS-LS3,MS-LS3-1,recall,What are the building blocks that make up a protein?,fk_grade=2.5_out_of_band,9
MS-LS3,MS-LS3-1,recall,Can a mutation ever be beneficial to an organism?,fk_grade=11.5_out_of_band,9
MS-LS3,MS-LS3-1,recall,What part of the DNA molecule makes up a gene?,fk_grade=4.8_out_of_band,9
MS-LS3,MS-LS3-2,conceptual,Why do offspring produced by asexual reproduction have identical genetic information to their parent?,fk_grade=16.0_out_of_band,9
MS-LS3,MS-LS3-2,conceptual,Why does sexual reproduction produce offspring that are not identical to either parent?,fk_grade=12.2_out_of_band,9
MS-LS3,MS-LS3-2,conceptual,Why might a population that reproduces sexually be better able to survive a new disease than one that reproduces asexually?,fk_grade=15.2_out_of_band,9
MS-LS3,MS-LS3-2,conceptual,How does fertilization contribute to genetic variation in sexually reproducing organisms?,fk_grade=22.0_out_of_band,9
MS-LS3,MS-LS3-2,conceptual,Why does a strawberry plant grown from a runner (a stem that sprouts a new plant) look exactly like the original plant?,fk_grade=9.1_out_of_band,9
MS-LS3,MS-LS3-2,conceptual,Why can bacteria reproduce very quickly but still have less genetic variation than animals that reproduce sexually?,fk_grade=16.0_out_of_band,9
MS-LS4,MS-LS4-3,recall,What is an embryo?,fk_grade=3.7_out_of_band,9
MS-LS4,MS-LS4-3,recall,What is embryology?,fk_grade=13.1_out_of_band,9
MS-LS4,MS-LS4-3,recall,What is comparative embryology?,fk_grade=18.4_out_of_band,9
MS-LS4,MS-LS4-3,recall,What are homologous structures?,fk_grade=9.6_out_of_band,9
MS-LS4,MS-LS4-3,recall,Why do scientists compare embryos instead of just looking at fully grown adult animals when studying evolution?,fk_grade=13.9_out_of_band,9
MS-LS4,MS-LS4-3,recall,What does it mean when two different species have very similar-looking embryos?,fk_grade=10.7_out_of_band,9
MS-LS4,MS-LS4-3,recall,What is a vertebrate?,fk_grade=3.7_out_of_band,9
MS-LS4,MS-LS4-2,conceptual,Why do scientists use anatomical similarities between organisms to figure out how closely related they are?,fk_grade=15.7_out_of_band,9
MS-LS4,MS-LS4-2,conceptual,How can a fossil organism with both reptile and bird features help scientists understand how birds evolved?,fk_grade=10.5_out_of_band,9
MS-LS4,MS-LS4-2,conceptual,"Why do the arm bones of a human, the wing bones of a bat, and the flipper bones of a dolphin look so similar even though they are used for completely different things?",fk_grade=12.7_out_of_band,9
MS-LS4,MS-LS4-2,conceptual,Why does finding the same type of fossil on different continents help scientists understand evolutionary relationships?,fk_grade=15.7_out_of_band,9
MS-LS4,MS-LS4-2,conceptual,"How do analogous structures, like a bird's wing and an insect's wing, show that looking alike doesn't always mean two organisms are closely related?",fk_grade=12.9_out_of_band,9
MS-LS4,MS-LS4-2,conceptual,"Why do embryos of very different animals, like fish, chickens, and humans, look so similar to each other in early development?",fk_grade=13.4_out_of_band,9
MS-LS4,MS-LS4-2,conceptual,How does a vestigial structure provide evidence that a species has changed over time?,fk_grade=9.3_out_of_band,9
MS-LS4,MS-LS4-2,conceptual,Why can scientists use differences in skeletal structure between a fossil organism and a modern organism to infer how much time has passed since they shared a common ancestor?,fk_grade=16.1_out_of_band,9
MS-LS4,MS-LS4-2,conceptual,Why is it important that anatomical evidence and fossil evidence are used together when scientists try to explain evolutionary relationships?,fk_grade=18.2_out_of_band,9
MS-LS4,MS-LS4-1,applied,"A scientist finds fossils of coral reef animals in the middle of a dry desert in Nevada. Using what you know about how fossils form, what can you conclude about what that desert looked like millions of years ago?",fk_grade=9.3_out_of_band,9
MS-LS4,MS-LS4-1,applied,"If you dig through rock layers and find a huge variety of trilobite fossils in the deeper, older layers but zero trilobite fossils in all the newer layers above them, what would you conclude about trilobites?",fk_grade=16.2_out_of_band,9
MS-LS4,MS-LS4-1,applied,"A geologist finds only simple, single-celled organism fossils in the oldest, deepest rock layers, but finds fossils of fish, reptiles, and mammals in progressively newer layers above them. What pattern does this show about life on Earth over time?",fk_grade=11.7_out_of_band,9
MS-ESS1,MS-ESS1-1,recall,What is a lunar eclipse?,fk_grade=2.9_out_of_band,9
MS-ESS1,MS-ESS1-1,recall,How long does it take the moon to complete one full cycle of phases?,fk_grade=4.2_out_of_band,9
MS-ESS1,MS-ESS1-1,recall,What causes the seasons on Earth?,fk_grade=2.5_out_of_band,9
MS-ESS1,MS-ESS1-1,recall,What is a new moon?,fk_grade=-1.8_out_of_band,9
MS-ESS1,MS-ESS1-1,recall,What is a solar eclipse?,fk_grade=2.9_out_of_band,9
MS-ESS2,MS-ESS2-2,recall,What do geologists call the slow movement of tectonic plates that builds mountains over millions of years?,fk_grade=9.1_out_of_band,9
MS-ESS2,MS-ESS2-2,recall,What is a glacier?,fk_grade=0.7_out_of_band,9
MS-ESS2,MS-ESS2-2,recall,What is the difference between a fast geoscience process and a slow one? Give one example of each.,fk_grade=4.3_out_of_band,9
MS-ESS2,MS-ESS2-4,applied,"If you leave a puddle of water on the sidewalk on a hot, sunny day, where does the water go and what part of the water cycle is happening?",fk_grade=11.2_out_of_band,9
MS-ESS2,MS-ESS2-4,applied,Why does water from rain on a steep hillside flow into rivers and streams instead of soaking into the ground the way it might on flat land?,fk_grade=9.8_out_of_band,9
MS-ESS2,MS-ESS2-6,applied,"If you look at a map showing global wind patterns, why do you think winds near the equator tend to blow from east to west rather than straight from south to north?",fk_grade=10.9_out_of_band,9
MS-ESS3,MS-ESS3-1,recall,What is an ore?,fk_grade=-2.2_out_of_band,9
MS-ESS3,MS-ESS3-1,recall,What geologic process forms coal deposits?,fk_grade=10.4_out_of_band,9
MS-ESS3,MS-ESS3-1,recall,What is an aquifer?,fk_grade=3.7_out_of_band,9
MS-ESS3,MS-ESS3-1,recall,What is a fossil fuel?,fk_grade=2.9_out_of_band,9
MS-ESS3,MS-ESS3-1,recall,Where does most of the world's petroleum (crude oil) form?,fk_grade=3.7_out_of_band,9
MS-ESS3,MS-ESS3-1,recall,What is the water table?,fk_grade=2.9_out_of_band,9
MS-ESS3,MS-ESS3-1,recall,What process is responsible for concentrating gold and other precious metals in certain rock formations?,fk_grade=12.3_out_of_band,9
MS-ESS3,MS-ESS3-1,recall,What type of rock most commonly contains petroleum and natural gas deposits?,fk_grade=10.7_out_of_band,9
MS-ESS3,MS-ESS3-1,recall,What is the difference between a renewable and a nonrenewable resource?,fk_grade=12.3_out_of_band,9
MS-ESS3,MS-ESS3-1,recall,"What is sediment, and how does it relate to the formation of mineral resources?",fk_grade=9.3_out_of_band,9
MS-ESS3,MS-ESS3-2,conceptual,How does collecting data on where volcanoes have erupted in the past help communities stay safer today?,fk_grade=11.2_out_of_band,9
MS-ETS1,MS-ETS1-1,conceptual,Why do engineers have to clearly define the criteria for a design before they start building anything?,fk_grade=11.2_out_of_band,9
MS-ETS1,MS-ETS1-1,conceptual,Why do constraints make it harder to find a perfect solution to an engineering problem?,fk_grade=9.1_out_of_band,9
MS-ETS1,MS-ETS1-1,conceptual,How do scientific principles limit what solutions an engineer can design?,fk_grade=12.3_out_of_band,9
MS-ETS1,MS-ETS1-1,conceptual,Why do engineers need to think about impacts on the natural environment when defining a design problem?,fk_grade=11.9_out_of_band,9
MS-ETS1,MS-ETS1-1,conceptual,Why is being precise and specific when writing criteria so important for getting a successful solution?,fk_grade=13.5_out_of_band,9
MS-ETS1,MS-ETS1-1,conceptual,How does a budget constraint affect which design solutions an engineer is allowed to consider?,fk_grade=10.7_out_of_band,9
MS-ETS1,MS-ETS1-1,conceptual,Why do criteria and constraints sometimes conflict with each other in a design problem?,fk_grade=9.3_out_of_band,9
MS-ETS1,MS-ETS1-1,conceptual,How do safety requirements work as constraints in engineering design?,fk_grade=9.6_out_of_band,9
MS-ETS1,MS-ETS1-1,conceptual,Why do engineers need to consider potential impacts on people—not just the end users—when defining a design problem?,fk_grade=11.8_out_of_band,9
MS-ETS1,MS-ETS1-1,conceptual,How does clearly defining criteria help engineers decide whether their finished design is actually successful?,fk_grade=15.4_out_of_band,9
MS-ETS1,MS-ETS1-1,conceptual,Why might a design that ignores material constraints fail even if its concept is scientifically sound?,fk_grade=12.0_out_of_band,9
MS-ETS1,MS-ETS1-1,conceptual,How does identifying all the constraints early in the design process save engineers time and effort later?,fk_grade=11.2_out_of_band,9
MS-ETS1,MS-ETS1-1,conceptual,Why does understanding the relevant scientific principles behind a problem help engineers set more realistic criteria and constraints?,fk_grade=17.0_out_of_band,9
MS-PS1,MS-PS1-3,recall,What is a natural resource?,llm_inappropriate,9
MS-PS2,MS-PS2-3,recall,What is the unit scientists use to measure electric charge?,llm_inappropriate,9
MS-PS4,MS-PS4-2,conceptual,Why does a mirror reflect light instead of absorbing it or letting it pass through?,llm_inappropriate,9
MS-PS4,MS-PS4-2,conceptual,Why does wearing a dark-colored shirt make you feel hotter in the sun than wearing a white shirt?,llm_inappropriate,9
MS-PS4,MS-PS4-2,conceptual,Why do some materials feel warm after sitting in sunlight for a while?,llm_inappropriate,9
MS-PS4,MS-PS4-2,conceptual,Why does frosted glass let light through but still prevent you from seeing clearly through it?,llm_inappropriate,9
MS-LS1,MS-LS1-3,recall,What does the circulatory system do?,llm_inappropriate,9
MS-LS2,MS-LS2-3,recall,What is a producer in an ecosystem?,llm_inappropriate,9
MS-LS2,MS-LS2-3,recall,What is a decomposer?,llm_inappropriate,9
MS-LS2,MS-LS2-3,recall,What is a consumer in an ecosystem?,llm_inappropriate,9
MS-LS4,MS-LS4-3,recall,What are pharyngeal pouches (gill slits) in embryos?,llm_inappropriate,9
MS-LS4,MS-LS4-3,recall,What does the term 'pictorial data' mean in science?,llm_inappropriate,9
MS-ESS2,MS-ESS2-2,recall,What is erosion?,llm_inappropriate,9
MS-ESS3,MS-ESS3-1,recall,What is groundwater?,llm_inappropriate,9
MS-ESS3,MS-ESS3-1,recall,How does plate tectonics affect where metal ore deposits are found?,llm_inappropriate,9
MS-PS1,MS-PS1-3,recall,What natural resource is plastic most commonly made from?,duplicate,9
MS-PS1,MS-PS1-3,recall,What natural resource is rayon made from?,duplicate,9
MS-PS1,MS-PS1-3,recall,What is polyester made from?,duplicate,9
MS-PS2,MS-PS2-3,recall,What happens to the electric force between two charged objects as they get farther apart?,duplicate,9
MS-PS2,MS-PS2-3,recall,"What happens when you bring two like magnetic poles (for example, two north poles) close together?",duplicate,9
MS-PS2,MS-PS2-3,recall,What happens to the magnetic force between two magnets as they are moved closer together?,duplicate,9
MS-PS3,MS-PS3-2,conceptual,Why does a stretched rubber band have more potential energy than a relaxed one?,duplicate,9
MS-PS4,MS-PS4-3,recall,What is an analog signal?,duplicate,9
MS-PS4,MS-PS4-3,recall,What is a digital signal?,duplicate,9
MS-PS4,MS-PS4-3,recall,What does it mean to digitize information?,duplicate,9
MS-PS4,MS-PS4-2,conceptual,Why can you still hear someone talking in the next room even though the sound has to travel through a wall?,duplicate,9
MS-PS4,MS-PS4-2,conceptual,"Why can radio waves pass through the walls of a house, but visible light cannot?",duplicate,9
MS-LS2,MS-LS2-3,recall,What is a nutrient cycle?,duplicate,9
MS-LS2,MS-LS2-3,recall,What is the nitrogen cycle?,duplicate,9
MS-LS2,MS-LS2-3,recall,What is an abiotic factor in an ecosystem?,duplicate,9
MS-LS3,MS-LS3-1,recall,What is the relationship between genes and proteins?,duplicate,9
MS-LS3,MS-LS3-1,recall,What is an example of a harmful mutation?,duplicate,9
MS-LS3,MS-LS3-2,conceptual,How does the process of forming egg and sperm cells lead to genetic variation in offspring?,duplicate,9
MS-LS3,MS-LS3-2,conceptual,Why can two human siblings from the same parents look different from each other?,duplicate,9
MS-LS3,MS-LS3-2,conceptual,Why is it important that egg and sperm cells each carry only half the normal number of chromosomes?,duplicate,9
MS-LS4,MS-LS4-3,recall,What is a common ancestor?,duplicate,9
MS-ESS2,MS-ESS2-2,recall,What is weathering?,duplicate,9
MS-ESS3,MS-ESS3-1,recall,What is a mineral resource?,duplicate,9
MS-PS1,MS-PS1-3,recall,What is a synthetic material?,fk_grade=10.0_out_of_band,10
MS-PS1,MS-PS1-3,recall,What is nylon made from?,fk_grade=0.5_out_of_band,10
MS-PS1,MS-PS1-3,recall,What does the term 'natural resource' mean?,fk_grade=4.0_out_of_band,10
MS-PS1,MS-PS1-3,recall,What natural material was rubber originally made from before synthetic rubber was developed?,fk_grade=15.8_out_of_band,10
MS-PS1,MS-PS1-3,recall,What is synthetic rubber made from?,fk_grade=4.5_out_of_band,10
MS-PS1,MS-PS1-3,recall,What is the name of the process that links small molecules together to form a large synthetic material like plastic?,fk_grade=10.5_out_of_band,10
MS-PS1,MS-PS1-3,recall,What is a monomer?,fk_grade=3.7_out_of_band,10
MS-PS1,MS-PS1-3,recall,What natural resource is used to make glass?,fk_grade=3.8_out_of_band,10
MS-PS1,MS-PS1-3,recall,What natural resource is neoprene (a synthetic rubber used in wetsuits) made from?,fk_grade=9.4_out_of_band,10
MS-PS1,MS-PS1-3,recall,"What is steel, and what natural resources are used to make it?",fk_grade=4.8_out_of_band,10
MS-PS1,MS-PS1-3,recall,"What does 'biodegradable' mean, and why is it important when comparing natural and synthetic materials?",fk_grade=14.6_out_of_band,10
MS-PS1,MS-PS1-1,conceptual,Why do different molecules have different properties even though they are all made of atoms?,fk_grade=9.9_out_of_band,10
MS-PS1,MS-PS1-1,conceptual,Why do atoms bond together to form molecules instead of just staying as separate atoms?,fk_grade=9.9_out_of_band,10
MS-PS2,MS-PS2-3,recall,What is an electric force?,fk_grade=2.9_out_of_band,10
MS-PS2,MS-PS2-3,recall,What is a magnetic force?,fk_grade=2.9_out_of_band,10
MS-PS2,MS-PS2-3,recall,What are the two poles of a magnet called?,fk_grade=1.0_out_of_band,10
MS-PS2,MS-PS2-3,recall,What does it mean when we say two magnetic poles repel each other?,fk_grade=4.9_out_of_band,10
MS-PS2,MS-PS2-3,recall,How does increasing the amount of electric charge on an object affect the electric force it exerts?,fk_grade=9.8_out_of_band,10
MS-PS2,MS-PS2-3,recall,What is an electromagnet?,fk_grade=9.6_out_of_band,10
MS-PS2,MS-PS2-3,recall,What is a magnetic field?,fk_grade=2.9_out_of_band,10
MS-PS2,MS-PS2-3,recall,How does increasing the electric current in an electromagnet affect its magnetic strength?,fk_grade=12.2_out_of_band,10
MS-PS4,MS-PS4-3,recall,What does it mean to 'digitize' a signal?,fk_grade=3.8_out_of_band,10
MS-PS4,MS-PS4-3,recall,What is 'noise' in the context of signal transmission?,fk_grade=5.0_out_of_band,10
MS-PS4,MS-PS4-3,recall,Why are digital signals less affected by noise than analog signals?,fk_grade=9.1_out_of_band,10
MS-PS4,MS-PS4-3,recall,What are the two values used to represent information in a binary digital signal?,fk_grade=10.9_out_of_band,10
MS-PS4,MS-PS4-3,recall,What is a pixel?,fk_grade=0.7_out_of_band,10
MS-PS4,MS-PS4-3,recall,What is one example of a technology that uses digital signals to transmit information?,fk_grade=12.6_out_of_band,10
MS-PS4,MS-PS4-3,recall,What happens to an analog signal's quality when it is copied or transmitted over a long distance?,fk_grade=10.5_out_of_band,10
MS-PS4,MS-PS4-2,conceptual,Why does a dark-colored shirt feel hotter in sunlight than a white shirt?,fk_grade=4.9_out_of_band,10
MS-PS4,MS-PS4-2,conceptual,Why does foam or carpet on a wall help reduce echoes in a room?,fk_grade=4.2_out_of_band,10
MS-PS4,MS-PS4-2,conceptual,How does glass let light pass through it while still blocking wind and rain?,fk_grade=2.5_out_of_band,10
MS-LS1,MS-LS1-3,recall,What is a tissue in the human body?,fk_grade=3.8_out_of_band,10
MS-LS1,MS-LS1-3,recall,What is an organ?,fk_grade=0.7_out_of_band,10
MS-LS1,MS-LS1-3,recall,What is an organ system?,fk_grade=2.9_out_of_band,10
MS-LS1,MS-LS1-3,recall,"What is the correct order of organization from smallest to largest in the human body, starting with cells?",fk_grade=10.4_out_of_band,10
MS-LS1,MS-LS1-3,recall,What are the four main types of tissue found in the human body?,fk_grade=4.0_out_of_band,10
MS-LS2,MS-LS2-3,recall,What is the water cycle?,fk_grade=2.9_out_of_band,10
MS-LS2,MS-LS2-3,recall,What is a food web?,fk_grade=-1.8_out_of_band,10
MS-LS2,MS-LS2-3,recall,What is the carbon cycle?,fk_grade=2.9_out_of_band,10
MS-LS2,MS-LS2-3,recall,What does the term 'trophic level' mean?,fk_grade=2.3_out_of_band,10
MS-LS2,MS-LS2-3,recall,What is photosynthesis?,fk_grade=13.1_out_of_band,10
MS-LS2,MS-LS2-3,recall,What is cellular respiration?,fk_grade=12.5_out_of_band,10
MS-LS3,MS-LS3-1,recall,What is a gene?,fk_grade=-2.2_out_of_band,10
MS-LS3,MS-LS3-1,recall,What is a mutation?,fk_grade=3.7_out_of_band,10
MS-LS3,MS-LS3-1,recall,Where are genes located inside a cell?,fk_grade=4.0_out_of_band,10
MS-LS3,MS-LS3-1,recall,What is the role of proteins in the body?,fk_grade=2.3_out_of_band,10
MS-LS3,MS-LS3-1,recall,What is a chromosome?,fk_grade=3.7_out_of_band,10
MS-LS3,MS-LS3-1,recall,What does it mean for a mutation to be harmful?,fk_grade=3.7_out_of_band,10
MS-LS3,MS-LS3-1,recall,Can a mutation be neutral? What does that mean?,fk_grade=1.9_out_of_band,10
MS-LS3,MS-LS3-1,recall,What is an example of a beneficial mutation?,fk_grade=9.7_out_of_band,10
MS-LS3,MS-LS3-1,recall,How can a mutation in a gene affect a protein?,fk_grade=4.8_out_of_band,10
MS-LS3,MS-LS3-2,conceptual,Why do offspring from asexual reproduction end up with the exact same genetic information as their parent?,fk_grade=12.6_out_of_band,10
MS-LS3,MS-LS3-2,conceptual,Why does sexual reproduction produce offspring that are not identical to either parent?,fk_grade=12.2_out_of_band,10
MS-LS3,MS-LS3-2,conceptual,Why can a bacterium reproducing by splitting in two produce millions of genetically identical copies so quickly?,fk_grade=14.6_out_of_band,10
MS-LS3,MS-LS3-2,conceptual,How does sexual reproduction give a species a better chance of surviving when the environment changes?,fk_grade=12.0_out_of_band,10
MS-LS3,MS-LS3-2,conceptual,"Why are clones, like plants grown from cuttings, genetically identical to the original plant?",fk_grade=10.1_out_of_band,10
MS-LS3,MS-LS3-2,conceptual,How do egg and sperm cells each having only half the normal number of chromosomes lead to genetic variation in offspring?,fk_grade=11.1_out_of_band,10
MS-LS3,MS-LS3-2,conceptual,Why is it possible for two human parents to have children that all look different from one another?,fk_grade=9.1_out_of_band,10
MS-LS4,MS-LS4-3,recall,What is an embryo?,fk_grade=3.7_out_of_band,10
MS-LS4,MS-LS4-3,recall,What is embryology?,fk_grade=13.1_out_of_band,10
MS-LS4,MS-LS4-3,recall,What are gill slits in an embryo?,fk_grade=2.3_out_of_band,10
MS-LS4,MS-LS4-3,recall,What is comparative embryology?,fk_grade=18.4_out_of_band,10
MS-LS4,MS-LS4-3,recall,Which scientist is famous for comparing embryo drawings from multiple species to show their similarities?,fk_grade=13.9_out_of_band,10
MS-LS4,MS-LS4-3,recall,What does the word 'vertebrate' mean?,fk_grade=2.5_out_of_band,10
MS-LS4,MS-LS4-3,recall,Why do scientists look at embryos instead of just adult animals when comparing species?,fk_grade=10.9_out_of_band,10
MS-LS4,MS-LS4-2,conceptual,How do homologous structures in different animals show that they are related?,fk_grade=10.7_out_of_band,10
MS-LS4,MS-LS4-2,conceptual,"Why do some modern animals still have tiny, unused body parts that their ancestors relied on?",fk_grade=9.1_out_of_band,10
MS-LS4,MS-LS4-2,conceptual,How can scientists use fossil bones to figure out whether an extinct animal is related to a living animal?,fk_grade=11.7_out_of_band,10
MS-LS4,MS-LS4-2,conceptual,How does finding the same type of anatomical feature in many different organisms help scientists build an evolutionary tree?,fk_grade=15.4_out_of_band,10
MS-LS4,MS-LS4-2,conceptual,Why do the front flippers of a dolphin and the front legs of a dog have the same basic bones arranged in a similar pattern?,fk_grade=9.3_out_of_band,10
MS-LS4,MS-LS4-2,conceptual,How can an animal's anatomical similarities to a fossil organism tell us that they are from the same evolutionary lineage?,fk_grade=16.4_out_of_band,10
MS-LS4,MS-LS4-4,applied,"In a forest where a disease kills most of the green caterpillars but not the brown ones, which caterpillars are more likely to survive and pass their color to offspring?",fk_grade=12.6_out_of_band,10
MS-LS4,MS-LS4-4,applied,"If a population of rabbits lives in a snowy environment, would rabbits born with white fur or brown fur be more likely to survive long enough to have babies? Why?",fk_grade=13.0_out_of_band,10
MS-ESS1,MS-ESS1-1,recall,What is a lunar phase?,fk_grade=0.5_out_of_band,10
MS-ESS1,MS-ESS1-1,recall,What is a solar eclipse?,fk_grade=2.9_out_of_band,10
MS-ESS1,MS-ESS1-1,recall,What causes the seasons on Earth?,fk_grade=2.5_out_of_band,10
MS-ESS1,MS-ESS1-1,recall,What is the difference between a new moon and a full moon?,fk_grade=3.8_out_of_band,10
MS-ESS1,MS-ESS1-1,recall,What is a lunar eclipse?,fk_grade=2.9_out_of_band,10
MS-ESS2,MS-ESS2-2,recall,What is deposition?,fk_grade=9.2_out_of_band,10
MS-ESS2,MS-ESS2-2,recall,What is a glacier?,fk_grade=0.7_out_of_band,10
MS-ESS2,MS-ESS2-2,recall,What is a fault?,fk_grade=-2.2_out_of_band,10
MS-ESS3,MS-ESS3-1,recall,What is an aquifer?,fk_grade=3.7_out_of_band,10
MS-ESS3,MS-ESS3-1,recall,What type of rock forms when magma cools and hardens?,fk_grade=2.5_out_of_band,10
MS-ESS3,MS-ESS3-1,recall,What is a fossil fuel?,fk_grade=2.9_out_of_band,10
MS-ESS3,MS-ESS3-1,recall,What is ore?,fk_grade=-2.6_out_of_band,10
MS-ESS3,MS-ESS3-1,recall,What is the water table?,fk_grade=2.9_out_of_band,10
MS-ESS3,MS-ESS3-1,recall,What process concentrates minerals near hydrothermal vents on the ocean floor?,fk_grade=10.2_out_of_band,10
MS-ESS3,MS-ESS3-1,recall,What are sedimentary rocks?,fk_grade=9.6_out_of_band,10
MS-ESS3,MS-ESS3-1,recall,What is petroleum?,fk_grade=9.2_out_of_band,10
MS-ESS3,MS-ESS3-1,recall,What is plate tectonics?,fk_grade=3.7_out_of_band,10
MS-ESS3,MS-ESS3-1,recall,What is the difference between a renewable and a nonrenewable energy resource?,fk_grade=13.7_out_of_band,10
MS-ETS1,MS-ETS1-1,conceptual,Why do engineers need to clearly define the criteria for a design problem before they start building anything?,fk_grade=11.8_out_of_band,10
MS-ETS1,MS-ETS1-1,conceptual,Why do constraints narrow down the number of possible solutions to a design problem?,fk_grade=9.3_out_of_band,10
MS-ETS1,MS-ETS1-1,conceptual,"How do scientific principles, like the law of conservation of energy, limit what an engineering solution can do?",fk_grade=13.7_out_of_band,10
MS-ETS1,MS-ETS1-1,conceptual,Why is it important to consider impacts on the natural environment when defining an engineering design problem?,fk_grade=14.6_out_of_band,10
MS-ETS1,MS-ETS1-1,conceptual,How does a budget constraint affect which engineering solutions are worth exploring?,fk_grade=10.7_out_of_band,10
MS-ETS1,MS-ETS1-1,conceptual,Why do engineers need to think about who will actually use their design when writing the criteria?,fk_grade=10.5_out_of_band,10
MS-ETS1,MS-ETS1-1,conceptual,How does the availability of materials or technology act as a constraint on a design?,fk_grade=12.3_out_of_band,10
MS-ETS1,MS-ETS1-1,conceptual,Why is it important to consider safety requirements as constraints when defining a design problem?,fk_grade=11.5_out_of_band,10
MS-ETS1,MS-ETS1-1,conceptual,How can competing criteria make it harder to find a single perfect solution to a design problem?,fk_grade=11.2_out_of_band,10
MS-ETS1,MS-ETS1-1,conceptual,Why do engineers need to understand relevant scientific principles before they can define a design problem precisely?,fk_grade=14.6_out_of_band,10
MS-ETS1,MS-ETS1-1,conceptual,How does clearly defining constraints help engineers compare and evaluate different design solutions fairly?,fk_grade=15.2_out_of_band,10
MS-PS1,MS-PS1-3,recall,What natural resource is rayon made from?,llm_inappropriate,10
MS-PS1,MS-PS1-3,recall,What is Kevlar used for in society?,llm_inappropriate,10
MS-PS1,MS-PS1-3,recall,What is one environmental problem caused by plastic waste?,llm_inappropriate,10
MS-PS4,MS-PS4-2,conceptual,Why does a mirror reflect light instead of absorbing it or letting it pass through?,llm_inappropriate,10
MS-PS4,MS-PS4-2,conceptual,"Why can radio waves pass through the walls of a house, but visible light cannot?",llm_inappropriate,10
MS-LS1,MS-LS1-3,recall,What does the circulatory system do?,llm_inappropriate,10
MS-LS2,MS-LS2-3,recall,What is a producer in an ecosystem?,llm_inappropriate,10
MS-LS2,MS-LS2-3,recall,What is a decomposer?,llm_inappropriate,10
MS-LS2,MS-LS2-3,recall,What is a consumer in an ecosystem?,llm_inappropriate,10
MS-LS3,MS-LS3-1,recall,What molecule carries the instructions from a gene to make a protein?,llm_inappropriate,10
MS-LS4,MS-LS4-3,recall,What are the three main stages of early animal development in order?,llm_inappropriate,10
MS-ESS2,MS-ESS2-2,recall,What is erosion?,llm_inappropriate,10
MS-PS1,MS-PS1-3,recall,What natural resource is plastic most commonly made from?,duplicate,10
MS-PS1,MS-PS1-3,recall,What is polyester made from?,duplicate,10
MS-PS2,MS-PS2-3,recall,What happens to the electric force between two charged objects as they move farther apart?,duplicate,10
MS-PS2,MS-PS2-3,recall,What happens to the magnetic force between two magnets as you bring them closer together?,duplicate,10
MS-PS3,MS-PS3-2,conceptual,Why does a stretched rubber band have more potential energy than a relaxed one?,duplicate,10
MS-PS4,MS-PS4-3,recall,What is an analog signal?,duplicate,10
MS-PS4,MS-PS4-3,recall,What is a digital signal?,duplicate,10
MS-PS4,MS-PS4-2,conceptual,Why can you still hear someone talking on the other side of a closed wooden door?,duplicate,10
MS-LS2,MS-LS2-3,recall,What is the nitrogen cycle?,duplicate,10
MS-LS4,MS-LS4-3,recall,What does it mean when two species share similar embryo structures?,duplicate,10
MS-LS4,MS-LS4-3,recall,What is a tail structure that appears in human embryos called?,duplicate,10
MS-ESS2,MS-ESS2-2,recall,What is weathering?,duplicate,10
MS-ESS3,MS-ESS3-1,recall,What is a mineral resource?,duplicate,10
MS-ESS3,MS-ESS3-1,recall,What geoscience process forms coal deposits?,duplicate,10
MS-ESS3,MS-ESS3-1,recall,What does the term 'nonrenewable resource' mean?,duplicate,10
MS-PS1,MS-PS1-1,conceptual,Why do different molecules have different properties even though they are all made of atoms?,fk_grade=9.9_out_of_band,11
MS-PS1,MS-PS1-1,conceptual,Why does a water molecule always have two hydrogen atoms and one oxygen atom instead of some other combination?,fk_grade=12.9_out_of_band,11
MS-PS2,MS-PS2-3,recall,What is a magnetic force?,fk_grade=2.9_out_of_band,11
MS-PS2,MS-PS2-3,recall,What are the two types of electric charges?,fk_grade=3.8_out_of_band,11
MS-PS2,MS-PS2-3,recall,What are the poles of a magnet?,fk_grade=0.6_out_of_band,11
MS-PS2,MS-PS2-3,recall,What is a magnetic field?,fk_grade=2.9_out_of_band,11
MS-PS2,MS-PS2-3,recall,What is an electromagnet?,fk_grade=9.6_out_of_band,11
MS-PS2,MS-PS2-3,recall,How does increasing the amount of electric charge on an object affect the electric force it exerts?,fk_grade=9.8_out_of_band,11
MS-PS4,MS-PS4-3,recall,What does it mean to 'digitize' a signal?,fk_grade=3.8_out_of_band,11
MS-PS4,MS-PS4-3,recall,What is 'noise' in the context of signal transmission?,fk_grade=5.0_out_of_band,11
MS-PS4,MS-PS4-3,recall,What are the only two values used to represent information in a digital signal?,fk_grade=10.1_out_of_band,11
MS-PS4,MS-PS4-3,recall,What is a pixel?,fk_grade=0.7_out_of_band,11
MS-PS4,MS-PS4-3,recall,Why are digital signals less affected by noise than analog signals?,fk_grade=9.1_out_of_band,11
MS-LS1,MS-LS1-3,recall,What is a tissue in the human body?,fk_grade=3.8_out_of_band,11
MS-LS1,MS-LS1-3,recall,What is an organ?,fk_grade=0.7_out_of_band,11
MS-LS1,MS-LS1-3,recall,What is an organ system?,fk_grade=2.9_out_of_band,11
MS-LS1,MS-LS1-3,recall,"What is the correct order of organization from smallest to largest: organ, cell, tissue, organ system?",fk_grade=11.3_out_of_band,11
MS-LS2,MS-LS2-3,recall,What is a food web?,fk_grade=-1.8_out_of_band,11
MS-LS2,MS-LS2-3,recall,What is the water cycle?,fk_grade=2.9_out_of_band,11
MS-LS2,MS-LS2-3,recall,What is the carbon cycle?,fk_grade=2.9_out_of_band,11
MS-LS2,MS-LS2-3,recall,What is photosynthesis?,fk_grade=13.1_out_of_band,11
MS-LS2,MS-LS2-3,recall,What is a trophic level?,fk_grade=2.9_out_of_band,11
MS-LS3,MS-LS3-2,conceptual,Why do offspring produced by asexual reproduction have exactly the same genetic information as their parent?,fk_grade=14.3_out_of_band,11
MS-LS3,MS-LS3-2,conceptual,Why does sexual reproduction cause offspring to be genetically different from their parents?,fk_grade=12.2_out_of_band,11
MS-LS3,MS-LS3-2,conceptual,How does the process of forming sex cells (sperm and egg) help create genetic variation in offspring?,fk_grade=9.1_out_of_band,11
MS-LS3,MS-LS3-2,conceptual,Why do identical twins have the same genetic information while non-twin siblings born to the same parents do not?,fk_grade=10.5_out_of_band,11
MS-LS3,MS-LS3-2,conceptual,Why might asexual reproduction be a disadvantage for a species when the environment changes?,fk_grade=13.5_out_of_band,11
MS-LS3,MS-LS3-2,conceptual,How does fertilization—when a sperm and egg join—lead to offspring that are not identical to either parent?,fk_grade=10.5_out_of_band,11
MS-LS4,MS-LS4-2,conceptual,"How do homologous structures, like the similar bones in a human arm and a bat wing, show that two species are related?",fk_grade=10.2_out_of_band,11
MS-LS4,MS-LS4-2,conceptual,Why do scientists compare fossils of ancient organisms to modern organisms to figure out how life has changed over time?,fk_grade=12.3_out_of_band,11
MS-LS4,MS-LS4-2,conceptual,Why would two animals that look very different on the outside still be considered closely related by scientists?,fk_grade=11.8_out_of_band,11
MS-LS4,MS-LS4-2,conceptual,How does finding a fossil with features of both fish and four-limbed animals help explain how land vertebrates evolved?,fk_grade=9.2_out_of_band,11
MS-ESS2,MS-ESS2-2,recall,What is a glacier?,fk_grade=0.7_out_of_band,11
MS-ESS2,MS-ESS2-2,recall,What do scientists call the process where rocks are broken down into smaller pieces by physical or chemical means?,fk_grade=10.5_out_of_band,11
MS-ESS2,MS-ESS2-2,recall,What is a tectonic plate?,fk_grade=2.9_out_of_band,11
MS-ETS1,MS-ETS1-1,conceptual,Why do engineers need to define criteria before they start designing a solution?,fk_grade=11.3_out_of_band,11
MS-ETS1,MS-ETS1-1,conceptual,How do scientific principles affect the design solutions an engineer can consider?,fk_grade=13.7_out_of_band,11
MS-ETS1,MS-ETS1-1,conceptual,Why is it important to think about impacts on people when defining a design problem?,fk_grade=9.1_out_of_band,11
MS-ETS1,MS-ETS1-1,conceptual,Why do engineers also consider impacts on the natural environment when defining a design problem?,fk_grade=13.9_out_of_band,11
MS-ETS1,MS-ETS1-1,conceptual,How does making criteria more precise help engineers build a better solution?,fk_grade=10.7_out_of_band,11
MS-ETS1,MS-ETS1-1,conceptual,Why can two different engineers working on the same problem come up with very different constraints?,fk_grade=9.8_out_of_band,11
MS-ETS1,MS-ETS1-1,conceptual,How does identifying constraints early in the design process save time and resources later?,fk_grade=10.9_out_of_band,11
MS-ETS1,MS-ETS1-1,conceptual,Why can a design criterion and a design constraint sometimes conflict with each other?,fk_grade=9.3_out_of_band,11
MS-ETS1,MS-ETS1-1,conceptual,How does understanding the needs of the people who will use a design help engineers write better criteria?,fk_grade=10.4_out_of_band,11
MS-LS2,MS-LS2-3,recall,What is a consumer in an ecosystem?,llm_inappropriate,11
MS-ESS2,MS-ESS2-2,recall,What is erosion?,llm_inappropriate,11
MS-PS2,MS-PS2-3,recall,What happens to the electric force between two charged objects when you move them farther apart?,duplicate,11
MS-PS2,MS-PS2-3,recall,What happens to the magnetic force between two magnets as you bring them closer together?,duplicate,11
MS-PS4,MS-PS4-3,recall,What is an analog signal?,duplicate,11
MS-PS4,MS-PS4-3,recall,What is a digital signal?,duplicate,11
MS-LS1,MS-LS1-3,recall,What is the basic unit of structure and function in all living things?,duplicate,11
MS-LS2,MS-LS2-3,recall,What happens to energy as it moves from one level of a food chain to the next?,duplicate,11
MS-LS2,MS-LS2-3,recall,What is the nitrogen cycle?,duplicate,11
MS-LS4,MS-LS4-4,applied,"In a population of mice living in a snowy field, some mice have white fur and some have brown fur. Which mice are more likely to survive and pass on their traits, and why?",duplicate,11
MS-ESS2,MS-ESS2-2,recall,What is deposition in Earth science?,duplicate,11
MS-PS1,MS-PS1-1,conceptual,Why do different molecules have different properties even though they are all made of atoms?,fk_grade=9.9_out_of_band,12
MS-PS2,MS-PS2-3,recall,What is a magnetic field?,fk_grade=2.9_out_of_band,12
MS-PS2,MS-PS2-3,recall,What does it mean for an object to have an electric charge?,fk_grade=3.8_out_of_band,12
MS-PS2,MS-PS2-3,recall,What is an electromagnet?,fk_grade=9.6_out_of_band,12
MS-PS2,MS-PS2-3,recall,How does increasing the number of wire coils in an electromagnet affect its strength?,fk_grade=9.3_out_of_band,12
MS-PS2,MS-PS2-3,recall,What are the two types of electric charge?,fk_grade=2.3_out_of_band,12
MS-PS4,MS-PS4-3,recall,What does it mean to 'digitize' a signal?,fk_grade=3.8_out_of_band,12
MS-PS4,MS-PS4-3,recall,What is 'noise' in the context of signal transmission?,fk_grade=5.0_out_of_band,12
MS-PS4,MS-PS4-3,recall,Why are digital signals less affected by noise than analog signals?,fk_grade=9.1_out_of_band,12
MS-PS4,MS-PS4-3,recall,What does 'binary code' mean?,fk_grade=2.9_out_of_band,12
MS-LS1,MS-LS1-3,recall,What is a tissue?,fk_grade=0.7_out_of_band,12
MS-LS1,MS-LS1-3,recall,What is an organ system?,fk_grade=2.9_out_of_band,12
MS-LS1,MS-LS1-3,recall,What is the smallest unit of life that makes up all living things?,fk_grade=4.0_out_of_band,12
MS-LS1,MS-LS1-3,recall,"What is the correct order of organization from smallest to largest in the human body, starting with cells?",fk_grade=10.4_out_of_band,12
MS-LS1,MS-LS1-3,recall,What is an organ?,fk_grade=0.7_out_of_band,12
MS-LS2,MS-LS2-3,recall,What is the difference between a food chain and a food web?,fk_grade=3.8_out_of_band,12
MS-LS2,MS-LS2-3,recall,What is the carbon cycle?,fk_grade=2.9_out_of_band,12
MS-LS2,MS-LS2-3,recall,What does the word 'trophic level' mean?,fk_grade=2.3_out_of_band,12
MS-LS3,MS-LS3-2,conceptual,Why do offspring produced by asexual reproduction have exactly the same genetic information as their parent?,fk_grade=14.3_out_of_band,12
MS-LS3,MS-LS3-2,conceptual,Why does sexual reproduction produce offspring that are not identical to either parent?,fk_grade=12.2_out_of_band,12
MS-LS3,MS-LS3-2,conceptual,How do egg and sperm cells cause genetic variation in sexually reproducing organisms?,fk_grade=14.0_out_of_band,12
MS-LS3,MS-LS3-2,conceptual,Why might asexual reproduction be a disadvantage if the environment suddenly changes?,fk_grade=15.6_out_of_band,12
MS-LS3,MS-LS3-2,conceptual,Why are identical twins more genetically similar to each other than regular siblings are to each other?,fk_grade=11.9_out_of_band,12
MS-LS3,MS-LS3-2,conceptual,How does the process of sexual reproduction increase the chances that at least some offspring will survive a new disease?,fk_grade=10.5_out_of_band,12
MS-LS4,MS-LS4-2,conceptual,Why do organisms that lived millions of years ago sometimes look similar to organisms alive today?,fk_grade=12.0_out_of_band,12
MS-LS4,MS-LS4-2,conceptual,"How do homologous structures, like the arm bones in a bat, a bird, and a human, help scientists figure out evolutionary relationships?",fk_grade=13.4_out_of_band,12
MS-ETS1,MS-ETS1-1,conceptual,Why do engineers need to clearly define the problem before they start designing a solution?,fk_grade=9.9_out_of_band,12
MS-ETS1,MS-ETS1-1,conceptual,Why does the natural environment sometimes limit what solutions engineers can use?,fk_grade=11.7_out_of_band,12
MS-ETS1,MS-ETS1-1,conceptual,How do criteria and constraints work together to shape a design solution?,fk_grade=9.7_out_of_band,12
MS-ETS1,MS-ETS1-1,conceptual,How do scientific principles limit the solutions an engineer can choose?,fk_grade=11.2_out_of_band,12
MS-LS2,MS-LS2-3,recall,What is a producer in an ecosystem?,llm_inappropriate,12
MS-LS2,MS-LS2-3,recall,What is a decomposer?,llm_inappropriate,12
MS-PS2,MS-PS2-3,recall,What happens to the electric force between two charged objects as they are moved farther apart?,duplicate,12
MS-PS4,MS-PS4-3,recall,What is an analog signal?,duplicate,12
MS-PS4,MS-PS4-3,recall,What is a digital signal?,duplicate,12
MS-PS2,MS-PS2-3,recall,What is a magnetic force?,fk_grade=2.9_out_of_band,13
MS-PS2,MS-PS2-3,recall,What is an electric force?,fk_grade=2.9_out_of_band,13
MS-PS2,MS-PS2-3,recall,What does it mean for an object to have an electric charge?,fk_grade=3.8_out_of_band,13
MS-PS2,MS-PS2-3,recall,What is an electromagnet?,fk_grade=9.6_out_of_band,13
MS-PS2,MS-PS2-3,recall,How does the number of wire coils in an electromagnet affect its magnetic strength?,fk_grade=9.3_out_of_band,13
MS-PS4,MS-PS4-3,recall,What does it mean to 'digitize' a signal?,fk_grade=3.8_out_of_band,13
MS-PS4,MS-PS4-3,recall,What is noise in the context of signal transmission?,fk_grade=5.0_out_of_band,13
MS-LS1,MS-LS1-3,recall,What is a tissue?,fk_grade=0.7_out_of_band,13
MS-LS1,MS-LS1-3,recall,What is an organ system?,fk_grade=2.9_out_of_band,13
MS-LS1,MS-LS1-3,recall,"What is the correct order of organization from smallest to largest: organ, cell, tissue, organ system?",fk_grade=11.3_out_of_band,13
MS-LS1,MS-LS1-3,recall,What is an organ?,fk_grade=0.7_out_of_band,13
MS-LS2,MS-LS2-3,recall,What is a food web?,fk_grade=-1.8_out_of_band,13
MS-LS2,MS-LS2-3,recall,What are abiotic factors in an ecosystem?,fk_grade=9.1_out_of_band,13
MS-LS4,MS-LS4-2,conceptual,"How do similarities in bone structure between a human arm, a whale flipper, and a bat wing show that these animals are related?",fk_grade=11.3_out_of_band,13
MS-ETS1,MS-ETS1-1,conceptual,Why do engineers need to identify constraints before they start designing a solution?,fk_grade=11.3_out_of_band,13
MS-ETS1,MS-ETS1-1,conceptual,How do scientific principles limit the possible solutions an engineer can choose from?,fk_grade=12.2_out_of_band,13
MS-PS4,MS-PS4-3,recall,What is the binary number system?,llm_inappropriate,13
MS-LS2,MS-LS2-3,recall,What is a decomposer?,llm_inappropriate,13
MS-PS2,MS-PS2-3,recall,What happens to the strength of a magnetic force as the distance between two magnets increases?,duplicate,13
MS-PS4,MS-PS4-3,recall,What is an analog signal?,duplicate,13
MS-PS4,MS-PS4-3,recall,What is a digital signal?,duplicate,13
MS-LS1,MS-LS1-3,recall,What do we call the basic unit of structure and function in all living things?,duplicate,13
MS-LS2,MS-LS2-3,recall,What is the original source of energy for most ecosystems on Earth?,duplicate,13
MS-LS2,MS-LS2-3,recall,What is the role of producers in an ecosystem's energy flow?,duplicate,13
MS-LS4,MS-LS4-2,conceptual,"Why do scientists think that whales and land mammals like cows are related, even though whales live in the ocean?",duplicate,13
MS-PS4,MS-PS4-3,recall,What is 'noise' in the context of signal transmission?,fk_grade=5.0_out_of_band,14
MS-LS2,MS-LS2-3,recall,What is a food web?,fk_grade=-1.8_out_of_band,14
MS-LS2,MS-LS2-3,recall,What is the difference between a producer and a consumer in an ecosystem?,fk_grade=10.4_out_of_band,14
MS-LS2,MS-LS2-3,recall,What is the carbon cycle?,fk_grade=2.9_out_of_band,14
MS-LS2,MS-LS2-3,recall,What does the 10% rule mean in terms of energy flow in a food chain?,fk_grade=3.6_out_of_band,14
MS-LS4,MS-LS4-2,conceptual,Why do scientists think that whales and humans are related even though they look so different from each other?,fk_grade=9.2_out_of_band,14
MS-LS4,MS-LS4-2,conceptual,How do similarities between a fossil organism and a modern organism help scientists figure out how they are related?,fk_grade=14.8_out_of_band,14
MS-ETS1,MS-ETS1-1,conceptual,Why is it important to identify the constraints of a design problem before you start building a solution?,fk_grade=11.1_out_of_band,14
MS-ETS1,MS-ETS1-1,conceptual,How can a design solution that works well for people still have a negative impact on the natural environment?,fk_grade=11.1_out_of_band,14
MS-PS4,MS-PS4-3,recall,What is an analog signal?,duplicate,14
MS-PS4,MS-PS4-3,recall,What is a digital signal?,duplicate,14
MS-PS4,MS-PS4-3,recall,What does it mean to 'digitize' information?,duplicate,14
MS-PS4,MS-PS4-3,recall,What are the two possible values used in a binary (digital) signal?,duplicate,14
MS-LS2,MS-LS2-3,recall,What is the role of decomposers in an ecosystem?,duplicate,14
MS-PS4,MS-PS4-3,recall,What is 'noise' in the context of signal transmission?,fk_grade=5.0_out_of_band,15
MS-PS4,MS-PS4-3,recall,What are the two values used to represent information in a binary (digital) code?,fk_grade=10.1_out_of_band,15
MS-LS4,MS-LS4-1,conceptual,Why are fossils found in deeper rock layers generally older than fossils found in layers closer to the surface?,fk_grade=10.5_out_of_band,15
MS-PS4,MS-PS4-3,recall,What is an analog signal?,duplicate,15
MS-PS4,MS-PS4-3,recall,What is a digital signal?,duplicate,15
MS-PS4,MS-PS4-3,recall,What does it mean to 'digitize' information?,duplicate,15
