standard,standard_text,area,rank,model,first_run_accuracy,ensemble_accuracy,n_questions
MS-PS1-1,Develop models to describe the atomic composition of simple molecules and extended structures.,MS-PS1,1,Nemotron 3 Nano 30ba3,1.0,1.0,27
MS-PS1-2,Analyze and interpret data on the properties of substances before and after the substances interact to determine if a chemical reaction has occurred.,MS-PS1,1,Gemma 4 31b,1.0,1.0,7
MS-PS1-3,Gather and make sense of information to describe that synthetic materials come from natural resources and impact society.,MS-PS1,1,Gemma 3 27b,1.0,1.0,13
MS-PS1-4,"Develop a model that predicts and describes changes in particle motion, temperature, and state of a pure substance when thermal energy is added or removed.",MS-PS1,1,Gemma 4 31b,1.0,1.0,17
MS-PS1-5,Develop and use a model to describe how the total number of atoms does not change in a chemical reaction and thus mass is conserved.,MS-PS1,1,Gemma 4 31b,1.0,1.0,13
MS-PS1-6,"Undertake a design project to construct, test, and modify a device that either releases or absorbs thermal energy by chemical processes.",MS-PS1,1,Nemotron 3 Nano 30ba3,1.0,1.0,10
MS-PS1-1,Develop models to describe the atomic composition of simple molecules and extended structures.,MS-PS1,2,OSS 120b,1.0,1.0,27
MS-PS1-2,Analyze and interpret data on the properties of substances before and after the substances interact to determine if a chemical reaction has occurred.,MS-PS1,2,Llama 3.3 70b,1.0,1.0,7
MS-PS1-3,Gather and make sense of information to describe that synthetic materials come from natural resources and impact society.,MS-PS1,2,Nemotron 3 Nano 30ba3,1.0,1.0,13
MS-PS1-4,"Develop a model that predicts and describes changes in particle motion, temperature, and state of a pure substance when thermal energy is added or removed.",MS-PS1,2,OSS 120b,1.0,1.0,17
MS-PS1-5,Develop and use a model to describe how the total number of atoms does not change in a chemical reaction and thus mass is conserved.,MS-PS1,2,OSS 120b,1.0,1.0,13
MS-PS1-6,"Undertake a design project to construct, test, and modify a device that either releases or absorbs thermal energy by chemical processes.",MS-PS1,2,OSS 120b,1.0,1.0,10
MS-PS1-1,Develop models to describe the atomic composition of simple molecules and extended structures.,MS-PS1,3,Gemma 4 31b,0.963,1.0,27
MS-PS1-2,Analyze and interpret data on the properties of substances before and after the substances interact to determine if a chemical reaction has occurred.,MS-PS1,3,Nemotron 3 Nano 30ba3,1.0,1.0,7
MS-PS1-3,Gather and make sense of information to describe that synthetic materials come from natural resources and impact society.,MS-PS1,3,OSS 120b,1.0,1.0,13
MS-PS1-4,"Develop a model that predicts and describes changes in particle motion, temperature, and state of a pure substance when thermal energy is added or removed.",MS-PS1,3,Llama 3.3 70b,0.941,1.0,17
MS-PS1-5,Develop and use a model to describe how the total number of atoms does not change in a chemical reaction and thus mass is conserved.,MS-PS1,3,OSS 20b,1.0,1.0,13
MS-PS1-6,"Undertake a design project to construct, test, and modify a device that either releases or absorbs thermal energy by chemical processes.",MS-PS1,3,OSS 20b,0.9,1.0,10
MS-PS1-1,Develop models to describe the atomic composition of simple molecules and extended structures.,MS-PS1,4,OSS 20b,0.963,0.963,27
MS-PS1-2,Analyze and interpret data on the properties of substances before and after the substances interact to determine if a chemical reaction has occurred.,MS-PS1,4,Mistral Small 3.1,0.857,1.0,7
MS-PS1-3,Gather and make sense of information to describe that synthetic materials come from natural resources and impact society.,MS-PS1,4,OSS 20b,1.0,1.0,13
MS-PS1-4,"Develop a model that predicts and describes changes in particle motion, temperature, and state of a pure substance when thermal energy is added or removed.",MS-PS1,4,Nemotron 3 Nano 30ba3,0.941,1.0,17
MS-PS1-5,Develop and use a model to describe how the total number of atoms does not change in a chemical reaction and thus mass is conserved.,MS-PS1,4,Mistral Small 3.1,0.846,0.846,13
MS-PS1-6,"Undertake a design project to construct, test, and modify a device that either releases or absorbs thermal energy by chemical processes.",MS-PS1,4,Gemma 4 31b,0.9,0.9,10
MS-PS1-1,Develop models to describe the atomic composition of simple molecules and extended structures.,MS-PS1,5,Mistral Small 3.1,0.889,0.963,27
MS-PS1-2,Analyze and interpret data on the properties of substances before and after the substances interact to determine if a chemical reaction has occurred.,MS-PS1,5,OSS 120b,0.857,1.0,7
MS-PS1-3,Gather and make sense of information to describe that synthetic materials come from natural resources and impact society.,MS-PS1,5,Mistral Small 3.1,0.846,1.0,13
MS-PS1-4,"Develop a model that predicts and describes changes in particle motion, temperature, and state of a pure substance when thermal energy is added or removed.",MS-PS1,5,OSS 20b,0.941,1.0,17
MS-PS1-5,Develop and use a model to describe how the total number of atoms does not change in a chemical reaction and thus mass is conserved.,MS-PS1,5,Nemotron 3 Nano 30ba3,0.769,0.846,13
MS-PS1-6,"Undertake a design project to construct, test, and modify a device that either releases or absorbs thermal energy by chemical processes.",MS-PS1,5,Llama 3.3 70b,0.9,0.9,10
MS-PS1-1,Develop models to describe the atomic composition of simple molecules and extended structures.,MS-PS1,6,Gemma 3 27b,0.852,0.889,27
MS-PS1-2,Analyze and interpret data on the properties of substances before and after the substances interact to determine if a chemical reaction has occurred.,MS-PS1,6,OSS 20b,0.714,1.0,7
MS-PS1-3,Gather and make sense of information to describe that synthetic materials come from natural resources and impact society.,MS-PS1,6,Gemma 4 31b,0.923,0.923,13
MS-PS1-4,"Develop a model that predicts and describes changes in particle motion, temperature, and state of a pure substance when thermal energy is added or removed.",MS-PS1,6,Mistral Small 3.1,0.882,0.941,17
MS-PS1-5,Develop and use a model to describe how the total number of atoms does not change in a chemical reaction and thus mass is conserved.,MS-PS1,6,Gemma 3 27b,0.692,0.769,13
MS-PS1-6,"Undertake a design project to construct, test, and modify a device that either releases or absorbs thermal energy by chemical processes.",MS-PS1,6,Mistral Small 3.1,0.9,0.9,10
MS-PS1-1,Develop models to describe the atomic composition of simple molecules and extended structures.,MS-PS1,7,Llama 3.3 70b,0.815,0.889,27
MS-PS1-2,Analyze and interpret data on the properties of substances before and after the substances interact to determine if a chemical reaction has occurred.,MS-PS1,7,Granite 3.3 Instruct,0.857,0.857,7
MS-PS1-3,Gather and make sense of information to describe that synthetic materials come from natural resources and impact society.,MS-PS1,7,Llama 3.3 70b,0.923,0.923,13
MS-PS1-4,"Develop a model that predicts and describes changes in particle motion, temperature, and state of a pure substance when thermal energy is added or removed.",MS-PS1,7,Gemma 3 27b,0.824,0.882,17
MS-PS1-5,Develop and use a model to describe how the total number of atoms does not change in a chemical reaction and thus mass is conserved.,MS-PS1,7,Llama 3.3 70b,0.692,0.692,13
MS-PS1-6,"Undertake a design project to construct, test, and modify a device that either releases or absorbs thermal energy by chemical processes.",MS-PS1,7,Gemma 3 27b,0.8,0.8,10
MS-PS1-1,Develop models to describe the atomic composition of simple molecules and extended structures.,MS-PS1,8,Llama 3.1 8b,0.778,0.889,27
MS-PS1-2,Analyze and interpret data on the properties of substances before and after the substances interact to determine if a chemical reaction has occurred.,MS-PS1,8,Gemma 3 27b,0.714,0.857,7
MS-PS1-3,Gather and make sense of information to describe that synthetic materials come from natural resources and impact society.,MS-PS1,8,Granite 3.3 Instruct,0.769,0.846,13
MS-PS1-4,"Develop a model that predicts and describes changes in particle motion, temperature, and state of a pure substance when thermal energy is added or removed.",MS-PS1,8,Granite 3.3 Instruct,0.824,0.882,17
MS-PS1-5,Develop and use a model to describe how the total number of atoms does not change in a chemical reaction and thus mass is conserved.,MS-PS1,8,Llama 3.1 8b,0.615,0.615,13
MS-PS1-6,"Undertake a design project to construct, test, and modify a device that either releases or absorbs thermal energy by chemical processes.",MS-PS1,8,Granite 3.3 Instruct,0.6,0.6,10
MS-PS1-1,Develop models to describe the atomic composition of simple molecules and extended structures.,MS-PS1,9,Granite 3.3 Instruct,0.63,0.815,27
MS-PS1-2,Analyze and interpret data on the properties of substances before and after the substances interact to determine if a chemical reaction has occurred.,MS-PS1,9,Llama 3.1 8b,0.714,0.429,7
MS-PS1-3,Gather and make sense of information to describe that synthetic materials come from natural resources and impact society.,MS-PS1,9,Llama 3.1 8b,0.692,0.769,13
MS-PS1-4,"Develop a model that predicts and describes changes in particle motion, temperature, and state of a pure substance when thermal energy is added or removed.",MS-PS1,9,Llama 3.1 8b,0.706,0.824,17
MS-PS1-5,Develop and use a model to describe how the total number of atoms does not change in a chemical reaction and thus mass is conserved.,MS-PS1,9,Granite 3.3 Instruct,0.615,0.538,13
MS-PS1-6,"Undertake a design project to construct, test, and modify a device that either releases or absorbs thermal energy by chemical processes.",MS-PS1,9,Llama 3.1 8b,0.3,0.4,10
MS-PS2-1,Apply Newton's Third Law to design a solution to a problem involving the motion of two colliding objects.,MS-PS2,1,Gemma 4 31b,1.0,1.0,20
MS-PS2-2,Plan an investigation to provide evidence that the change in an object's motion depends on the sum of the forces on the object and the mass of the object.,MS-PS2,1,Gemma 3 27b,1.0,1.0,18
MS-PS2-3,Ask questions about data to determine the factors that affect the strength of electric and magnetic forces.,MS-PS2,1,OSS 120b,1.0,1.0,24
MS-PS2-4,Construct and present arguments using evidence to support the claim that gravitational interactions are attractive and depend on the masses of interacting objects.,MS-PS2,1,Gemma 4 31b,1.0,1.0,14
MS-PS2-5,Conduct an investigation and evaluate the experimental design to provide evidence that fields exist between objects exerting forces on each other even though the objects are not in contact.,MS-PS2,1,Gemma 4 31b,1.0,1.0,15
MS-PS2-1,Apply Newton's Third Law to design a solution to a problem involving the motion of two colliding objects.,MS-PS2,2,OSS 120b,0.95,0.9,20
MS-PS2-2,Plan an investigation to provide evidence that the change in an object's motion depends on the sum of the forces on the object and the mass of the object.,MS-PS2,2,Mistral Small 3.1,1.0,1.0,18
MS-PS2-3,Ask questions about data to determine the factors that affect the strength of electric and magnetic forces.,MS-PS2,2,Gemma 4 31b,0.958,1.0,24
MS-PS2-4,Construct and present arguments using evidence to support the claim that gravitational interactions are attractive and depend on the masses of interacting objects.,MS-PS2,2,Nemotron 3 Nano 30ba3,1.0,1.0,14
MS-PS2-5,Conduct an investigation and evaluate the experimental design to provide evidence that fields exist between objects exerting forces on each other even though the objects are not in contact.,MS-PS2,2,OSS 120b,1.0,1.0,15
MS-PS2-1,Apply Newton's Third Law to design a solution to a problem involving the motion of two colliding objects.,MS-PS2,3,Gemma 3 27b,0.9,0.9,20
MS-PS2-2,Plan an investigation to provide evidence that the change in an object's motion depends on the sum of the forces on the object and the mass of the object.,MS-PS2,3,Nemotron 3 Nano 30ba3,1.0,1.0,18
MS-PS2-3,Ask questions about data to determine the factors that affect the strength of electric and magnetic forces.,MS-PS2,3,Nemotron 3 Nano 30ba3,0.958,1.0,24
MS-PS2-4,Construct and present arguments using evidence to support the claim that gravitational interactions are attractive and depend on the masses of interacting objects.,MS-PS2,3,OSS 120b,0.929,0.929,14
MS-PS2-5,Conduct an investigation and evaluate the experimental design to provide evidence that fields exist between objects exerting forces on each other even though the objects are not in contact.,MS-PS2,3,Nemotron 3 Nano 30ba3,0.933,1.0,15
MS-PS2-1,Apply Newton's Third Law to design a solution to a problem involving the motion of two colliding objects.,MS-PS2,4,Mistral Small 3.1,0.85,0.9,20
MS-PS2-2,Plan an investigation to provide evidence that the change in an object's motion depends on the sum of the forces on the object and the mass of the object.,MS-PS2,4,OSS 120b,1.0,1.0,18
MS-PS2-3,Ask questions about data to determine the factors that affect the strength of electric and magnetic forces.,MS-PS2,4,OSS 20b,0.917,1.0,24
MS-PS2-4,Construct and present arguments using evidence to support the claim that gravitational interactions are attractive and depend on the masses of interacting objects.,MS-PS2,4,OSS 20b,0.929,0.929,14
MS-PS2-5,Conduct an investigation and evaluate the experimental design to provide evidence that fields exist between objects exerting forces on each other even though the objects are not in contact.,MS-PS2,4,OSS 20b,0.933,0.933,15
MS-PS2-1,Apply Newton's Third Law to design a solution to a problem involving the motion of two colliding objects.,MS-PS2,5,Llama 3.3 70b,0.8,0.9,20
MS-PS2-2,Plan an investigation to provide evidence that the change in an object's motion depends on the sum of the forces on the object and the mass of the object.,MS-PS2,5,Gemma 4 31b,0.944,1.0,18
MS-PS2-3,Ask questions about data to determine the factors that affect the strength of electric and magnetic forces.,MS-PS2,5,Gemma 3 27b,0.917,0.917,24
MS-PS2-4,Construct and present arguments using evidence to support the claim that gravitational interactions are attractive and depend on the masses of interacting objects.,MS-PS2,5,Mistral Small 3.1,0.857,0.929,14
MS-PS2-5,Conduct an investigation and evaluate the experimental design to provide evidence that fields exist between objects exerting forces on each other even though the objects are not in contact.,MS-PS2,5,Llama 3.3 70b,0.8,0.933,15
MS-PS2-1,Apply Newton's Third Law to design a solution to a problem involving the motion of two colliding objects.,MS-PS2,6,Nemotron 3 Nano 30ba3,0.75,0.9,20
MS-PS2-2,Plan an investigation to provide evidence that the change in an object's motion depends on the sum of the forces on the object and the mass of the object.,MS-PS2,6,OSS 20b,0.944,1.0,18
MS-PS2-3,Ask questions about data to determine the factors that affect the strength of electric and magnetic forces.,MS-PS2,6,Llama 3.3 70b,0.875,0.917,24
MS-PS2-4,Construct and present arguments using evidence to support the claim that gravitational interactions are attractive and depend on the masses of interacting objects.,MS-PS2,6,Llama 3.1 8b,0.5,0.929,14
MS-PS2-5,Conduct an investigation and evaluate the experimental design to provide evidence that fields exist between objects exerting forces on each other even though the objects are not in contact.,MS-PS2,6,Gemma 3 27b,0.867,0.867,15
MS-PS2-1,Apply Newton's Third Law to design a solution to a problem involving the motion of two colliding objects.,MS-PS2,7,OSS 20b,0.8,0.85,20
MS-PS2-2,Plan an investigation to provide evidence that the change in an object's motion depends on the sum of the forces on the object and the mass of the object.,MS-PS2,7,Llama 3.3 70b,1.0,0.944,18
MS-PS2-3,Ask questions about data to determine the factors that affect the strength of electric and magnetic forces.,MS-PS2,7,Mistral Small 3.1,0.833,0.917,24
MS-PS2-4,Construct and present arguments using evidence to support the claim that gravitational interactions are attractive and depend on the masses of interacting objects.,MS-PS2,7,Llama 3.3 70b,1.0,0.857,14
MS-PS2-5,Conduct an investigation and evaluate the experimental design to provide evidence that fields exist between objects exerting forces on each other even though the objects are not in contact.,MS-PS2,7,Mistral Small 3.1,0.8,0.867,15
MS-PS2-1,Apply Newton's Third Law to design a solution to a problem involving the motion of two colliding objects.,MS-PS2,8,Granite 3.3 Instruct,0.55,0.7,20
MS-PS2-2,Plan an investigation to provide evidence that the change in an object's motion depends on the sum of the forces on the object and the mass of the object.,MS-PS2,8,Llama 3.1 8b,0.833,0.944,18
MS-PS2-3,Ask questions about data to determine the factors that affect the strength of electric and magnetic forces.,MS-PS2,8,Granite 3.3 Instruct,0.792,0.917,24
MS-PS2-4,Construct and present arguments using evidence to support the claim that gravitational interactions are attractive and depend on the masses of interacting objects.,MS-PS2,8,Gemma 3 27b,0.857,0.786,14
MS-PS2-5,Conduct an investigation and evaluate the experimental design to provide evidence that fields exist between objects exerting forces on each other even though the objects are not in contact.,MS-PS2,8,Llama 3.1 8b,0.733,0.8,15
MS-PS2-1,Apply Newton's Third Law to design a solution to a problem involving the motion of two colliding objects.,MS-PS2,9,Llama 3.1 8b,0.55,0.6,20
MS-PS2-2,Plan an investigation to provide evidence that the change in an object's motion depends on the sum of the forces on the object and the mass of the object.,MS-PS2,9,Granite 3.3 Instruct,1.0,0.889,18
MS-PS2-3,Ask questions about data to determine the factors that affect the strength of electric and magnetic forces.,MS-PS2,9,Llama 3.1 8b,0.875,0.792,24
MS-PS2-4,Construct and present arguments using evidence to support the claim that gravitational interactions are attractive and depend on the masses of interacting objects.,MS-PS2,9,Granite 3.3 Instruct,0.643,0.643,14
MS-PS2-5,Conduct an investigation and evaluate the experimental design to provide evidence that fields exist between objects exerting forces on each other even though the objects are not in contact.,MS-PS2,9,Granite 3.3 Instruct,0.667,0.8,15
MS-PS3-1,Construct and interpret graphical displays of data to describe the relationships of kinetic energy to the mass of an object and to the speed of an object.,MS-PS3,1,Mistral Small 3.1,1.0,1.0,19
MS-PS3-2,"Develop a model to describe that when the arrangement of objects interacting at a distance changes, different amounts of potential energy are stored in the system.",MS-PS3,1,Gemma 3 27b,1.0,1.0,18
MS-PS3-3,"Apply scientific principles to design, construct, and test a device that either minimizes or maximizes thermal energy transfer.",MS-PS3,1,Gemma 4 31b,1.0,1.0,22
MS-PS3-4,"Plan an investigation to determine the relationships among the energy transferred, the type of matter, the mass, and the change in the average kinetic energy of the particles as measured by the temperature of the sample.",MS-PS3,1,Gemma 3 27b,1.0,1.0,11
MS-PS3-5,"Construct, use, and present arguments to support the claim that when the kinetic energy of an object changes, energy is transferred to or from the object.",MS-PS3,1,Gemma 4 31b,1.0,1.0,14
MS-PS3-1,Construct and interpret graphical displays of data to describe the relationships of kinetic energy to the mass of an object and to the speed of an object.,MS-PS3,2,Nemotron 3 Nano 30ba3,1.0,1.0,19
MS-PS3-2,"Develop a model to describe that when the arrangement of objects interacting at a distance changes, different amounts of potential energy are stored in the system.",MS-PS3,2,Gemma 4 31b,1.0,1.0,18
MS-PS3-3,"Apply scientific principles to design, construct, and test a device that either minimizes or maximizes thermal energy transfer.",MS-PS3,2,Nemotron 3 Nano 30ba3,1.0,1.0,22
MS-PS3-4,"Plan an investigation to determine the relationships among the energy transferred, the type of matter, the mass, and the change in the average kinetic energy of the particles as measured by the temperature of the sample.",MS-PS3,2,Gemma 4 31b,1.0,1.0,11
MS-PS3-5,"Construct, use, and present arguments to support the claim that when the kinetic energy of an object changes, energy is transferred to or from the object.",MS-PS3,2,OSS 120b,1.0,1.0,14
MS-PS3-1,Construct and interpret graphical displays of data to describe the relationships of kinetic energy to the mass of an object and to the speed of an object.,MS-PS3,3,OSS 120b,1.0,1.0,19
MS-PS3-2,"Develop a model to describe that when the arrangement of objects interacting at a distance changes, different amounts of potential energy are stored in the system.",MS-PS3,3,Mistral Small 3.1,1.0,1.0,18
MS-PS3-3,"Apply scientific principles to design, construct, and test a device that either minimizes or maximizes thermal energy transfer.",MS-PS3,3,Gemma 3 27b,0.955,1.0,22
MS-PS3-4,"Plan an investigation to determine the relationships among the energy transferred, the type of matter, the mass, and the change in the average kinetic energy of the particles as measured by the temperature of the sample.",MS-PS3,3,OSS 120b,1.0,1.0,11
MS-PS3-5,"Construct, use, and present arguments to support the claim that when the kinetic energy of an object changes, energy is transferred to or from the object.",MS-PS3,3,Nemotron 3 Nano 30ba3,0.929,1.0,14
MS-PS3-1,Construct and interpret graphical displays of data to describe the relationships of kinetic energy to the mass of an object and to the speed of an object.,MS-PS3,4,OSS 20b,1.0,1.0,19
MS-PS3-2,"Develop a model to describe that when the arrangement of objects interacting at a distance changes, different amounts of potential energy are stored in the system.",MS-PS3,4,OSS 120b,1.0,1.0,18
MS-PS3-3,"Apply scientific principles to design, construct, and test a device that either minimizes or maximizes thermal energy transfer.",MS-PS3,4,OSS 120b,0.955,1.0,22
MS-PS3-4,"Plan an investigation to determine the relationships among the energy transferred, the type of matter, the mass, and the change in the average kinetic energy of the particles as measured by the temperature of the sample.",MS-PS3,4,OSS 20b,1.0,1.0,11
MS-PS3-5,"Construct, use, and present arguments to support the claim that when the kinetic energy of an object changes, energy is transferred to or from the object.",MS-PS3,4,OSS 20b,0.929,1.0,14
MS-PS3-1,Construct and interpret graphical displays of data to describe the relationships of kinetic energy to the mass of an object and to the speed of an object.,MS-PS3,5,Gemma 4 31b,0.947,1.0,19
MS-PS3-2,"Develop a model to describe that when the arrangement of objects interacting at a distance changes, different amounts of potential energy are stored in the system.",MS-PS3,5,OSS 20b,1.0,1.0,18
MS-PS3-3,"Apply scientific principles to design, construct, and test a device that either minimizes or maximizes thermal energy transfer.",MS-PS3,5,OSS 20b,0.955,0.955,22
MS-PS3-4,"Plan an investigation to determine the relationships among the energy transferred, the type of matter, the mass, and the change in the average kinetic energy of the particles as measured by the temperature of the sample.",MS-PS3,5,Nemotron 3 Nano 30ba3,0.909,1.0,11
MS-PS3-5,"Construct, use, and present arguments to support the claim that when the kinetic energy of an object changes, energy is transferred to or from the object.",MS-PS3,5,Gemma 3 27b,0.929,0.929,14
MS-PS3-1,Construct and interpret graphical displays of data to describe the relationships of kinetic energy to the mass of an object and to the speed of an object.,MS-PS3,6,Gemma 3 27b,0.895,1.0,19
MS-PS3-2,"Develop a model to describe that when the arrangement of objects interacting at a distance changes, different amounts of potential energy are stored in the system.",MS-PS3,6,Llama 3.3 70b,0.944,1.0,18
MS-PS3-3,"Apply scientific principles to design, construct, and test a device that either minimizes or maximizes thermal energy transfer.",MS-PS3,6,Llama 3.3 70b,0.864,0.909,22
MS-PS3-4,"Plan an investigation to determine the relationships among the energy transferred, the type of matter, the mass, and the change in the average kinetic energy of the particles as measured by the temperature of the sample.",MS-PS3,6,Mistral Small 3.1,0.909,0.909,11
MS-PS3-5,"Construct, use, and present arguments to support the claim that when the kinetic energy of an object changes, energy is transferred to or from the object.",MS-PS3,6,Granite 3.3 Instruct,0.929,0.929,14
MS-PS3-1,Construct and interpret graphical displays of data to describe the relationships of kinetic energy to the mass of an object and to the speed of an object.,MS-PS3,7,Llama 3.3 70b,0.947,0.947,19
MS-PS3-2,"Develop a model to describe that when the arrangement of objects interacting at a distance changes, different amounts of potential energy are stored in the system.",MS-PS3,7,Nemotron 3 Nano 30ba3,0.944,1.0,18
MS-PS3-3,"Apply scientific principles to design, construct, and test a device that either minimizes or maximizes thermal energy transfer.",MS-PS3,7,Mistral Small 3.1,0.909,0.864,22
MS-PS3-4,"Plan an investigation to determine the relationships among the energy transferred, the type of matter, the mass, and the change in the average kinetic energy of the particles as measured by the temperature of the sample.",MS-PS3,7,Llama 3.3 70b,0.909,0.818,11
MS-PS3-5,"Construct, use, and present arguments to support the claim that when the kinetic energy of an object changes, energy is transferred to or from the object.",MS-PS3,7,Mistral Small 3.1,0.929,0.857,14
MS-PS3-1,Construct and interpret graphical displays of data to describe the relationships of kinetic energy to the mass of an object and to the speed of an object.,MS-PS3,8,Llama 3.1 8b,0.789,0.842,19
MS-PS3-2,"Develop a model to describe that when the arrangement of objects interacting at a distance changes, different amounts of potential energy are stored in the system.",MS-PS3,8,Llama 3.1 8b,0.944,0.944,18
MS-PS3-3,"Apply scientific principles to design, construct, and test a device that either minimizes or maximizes thermal energy transfer.",MS-PS3,8,Granite 3.3 Instruct,0.682,0.818,22
MS-PS3-4,"Plan an investigation to determine the relationships among the energy transferred, the type of matter, the mass, and the change in the average kinetic energy of the particles as measured by the temperature of the sample.",MS-PS3,8,Granite 3.3 Instruct,0.455,0.636,11
MS-PS3-5,"Construct, use, and present arguments to support the claim that when the kinetic energy of an object changes, energy is transferred to or from the object.",MS-PS3,8,Llama 3.3 70b,0.786,0.857,14
MS-PS3-1,Construct and interpret graphical displays of data to describe the relationships of kinetic energy to the mass of an object and to the speed of an object.,MS-PS3,9,Granite 3.3 Instruct,0.895,0.789,19
MS-PS3-2,"Develop a model to describe that when the arrangement of objects interacting at a distance changes, different amounts of potential energy are stored in the system.",MS-PS3,9,Granite 3.3 Instruct,0.722,0.944,18
MS-PS3-3,"Apply scientific principles to design, construct, and test a device that either minimizes or maximizes thermal energy transfer.",MS-PS3,9,Llama 3.1 8b,0.682,0.773,22
MS-PS3-4,"Plan an investigation to determine the relationships among the energy transferred, the type of matter, the mass, and the change in the average kinetic energy of the particles as measured by the temperature of the sample.",MS-PS3,9,Llama 3.1 8b,0.455,0.636,11
MS-PS3-5,"Construct, use, and present arguments to support the claim that when the kinetic energy of an object changes, energy is transferred to or from the object.",MS-PS3,9,Llama 3.1 8b,0.714,0.857,14
MS-PS4-1,Use mathematical representations to describe a simple model for waves that includes how the amplitude of a wave is related to the energy in a wave.,MS-PS4,1,Nemotron 3 Nano 30ba3,1.0,1.0,26
MS-PS4-2,"Develop and use a model to describe that waves are reflected, absorbed, or transmitted through various materials.",MS-PS4,1,Gemma 4 31b,1.0,1.0,33
MS-PS4-3,Integrate qualitative scientific and technical information to support the claim that digitized signals are a more reliable way to encode and transmit information than analog signals.,MS-PS4,1,Gemma 4 31b,1.0,1.0,29
MS-PS4-1,Use mathematical representations to describe a simple model for waves that includes how the amplitude of a wave is related to the energy in a wave.,MS-PS4,2,OSS 120b,1.0,1.0,26
MS-PS4-2,"Develop and use a model to describe that waves are reflected, absorbed, or transmitted through various materials.",MS-PS4,2,OSS 120b,1.0,1.0,33
MS-PS4-3,Integrate qualitative scientific and technical information to support the claim that digitized signals are a more reliable way to encode and transmit information than analog signals.,MS-PS4,2,Llama 3.3 70b,1.0,1.0,29
MS-PS4-1,Use mathematical representations to describe a simple model for waves that includes how the amplitude of a wave is related to the energy in a wave.,MS-PS4,3,OSS 20b,0.962,1.0,26
MS-PS4-2,"Develop and use a model to describe that waves are reflected, absorbed, or transmitted through various materials.",MS-PS4,3,Gemma 3 27b,0.97,1.0,33
MS-PS4-3,Integrate qualitative scientific and technical information to support the claim that digitized signals are a more reliable way to encode and transmit information than analog signals.,MS-PS4,3,Nemotron 3 Nano 30ba3,1.0,1.0,29
MS-PS4-1,Use mathematical representations to describe a simple model for waves that includes how the amplitude of a wave is related to the energy in a wave.,MS-PS4,4,Gemma 4 31b,0.962,0.962,26
MS-PS4-2,"Develop and use a model to describe that waves are reflected, absorbed, or transmitted through various materials.",MS-PS4,4,Nemotron 3 Nano 30ba3,0.97,1.0,33
MS-PS4-3,Integrate qualitative scientific and technical information to support the claim that digitized signals are a more reliable way to encode and transmit information than analog signals.,MS-PS4,4,OSS 120b,0.966,1.0,29
MS-PS4-1,Use mathematical representations to describe a simple model for waves that includes how the amplitude of a wave is related to the energy in a wave.,MS-PS4,5,Gemma 3 27b,0.885,0.962,26
MS-PS4-2,"Develop and use a model to describe that waves are reflected, absorbed, or transmitted through various materials.",MS-PS4,5,Llama 3.3 70b,0.97,0.97,33
MS-PS4-3,Integrate qualitative scientific and technical information to support the claim that digitized signals are a more reliable way to encode and transmit information than analog signals.,MS-PS4,5,OSS 20b,0.966,0.966,29
MS-PS4-1,Use mathematical representations to describe a simple model for waves that includes how the amplitude of a wave is related to the energy in a wave.,MS-PS4,6,Granite 3.3 Instruct,0.731,0.923,26
MS-PS4-2,"Develop and use a model to describe that waves are reflected, absorbed, or transmitted through various materials.",MS-PS4,6,Mistral Small 3.1,0.97,0.939,33
MS-PS4-3,Integrate qualitative scientific and technical information to support the claim that digitized signals are a more reliable way to encode and transmit information than analog signals.,MS-PS4,6,Gemma 3 27b,0.931,0.966,29
MS-PS4-1,Use mathematical representations to describe a simple model for waves that includes how the amplitude of a wave is related to the energy in a wave.,MS-PS4,7,Llama 3.3 70b,0.923,0.885,26
MS-PS4-2,"Develop and use a model to describe that waves are reflected, absorbed, or transmitted through various materials.",MS-PS4,7,OSS 20b,0.879,0.939,33
MS-PS4-3,Integrate qualitative scientific and technical information to support the claim that digitized signals are a more reliable way to encode and transmit information than analog signals.,MS-PS4,7,Mistral Small 3.1,0.897,0.966,29
MS-PS4-1,Use mathematical representations to describe a simple model for waves that includes how the amplitude of a wave is related to the energy in a wave.,MS-PS4,8,Mistral Small 3.1,0.769,0.885,26
MS-PS4-2,"Develop and use a model to describe that waves are reflected, absorbed, or transmitted through various materials.",MS-PS4,8,Granite 3.3 Instruct,0.758,0.909,33
MS-PS4-3,Integrate qualitative scientific and technical information to support the claim that digitized signals are a more reliable way to encode and transmit information than analog signals.,MS-PS4,8,Granite 3.3 Instruct,0.897,0.897,29
MS-PS4-1,Use mathematical representations to describe a simple model for waves that includes how the amplitude of a wave is related to the energy in a wave.,MS-PS4,9,Llama 3.1 8b,0.846,0.846,26
MS-PS4-2,"Develop and use a model to describe that waves are reflected, absorbed, or transmitted through various materials.",MS-PS4,9,Llama 3.1 8b,0.727,0.727,33
MS-PS4-3,Integrate qualitative scientific and technical information to support the claim that digitized signals are a more reliable way to encode and transmit information than analog signals.,MS-PS4,9,Llama 3.1 8b,0.793,0.897,29
MS-LS1-1,Conduct an investigation to provide evidence that living things are made of cells; either one cell or many different numbers and types of cells.,MS-LS1,1,Gemma 4 31b,1.0,1.0,13
MS-LS1-2,Develop and use a model to describe the function of a cell as a whole and ways the parts of cells contribute to the function.,MS-LS1,1,Gemma 4 31b,1.0,1.0,9
MS-LS1-3,Use argument supported by evidence for how the body is a system of interacting subsystems composed of groups of cells.,MS-LS1,1,Gemma 3 27b,1.0,1.0,18
MS-LS1-4,Use argument based on empirical evidence and scientific reasoning to support an explanation for how characteristic animal behaviors and specialized plant structures affect the probability of successful reproduction of animals and plants respectively.,MS-LS1,1,Gemma 3 27b,1.0,1.0,12
MS-LS1-5,Construct a scientific explanation based on evidence for how environmental and genetic factors influence the growth of organisms.,MS-LS1,1,Gemma 3 27b,1.0,1.0,10
MS-LS1-6,Construct a scientific explanation based on evidence for the role of photosynthesis in the cycling of matter and flow of energy into and out of organisms.,MS-LS1,1,Gemma 4 31b,1.0,1.0,8
MS-LS1-7,Develop a model to describe how food is rearranged through chemical reactions forming new molecules that support growth and/or release energy as this matter moves through an organism.,MS-LS1,1,Gemma 3 27b,0.9,0.9,10
MS-LS1-8,Gather and synthesize information that sensory receptors respond to stimuli by sending messages to the brain for immediate behavior or storage as memories.,MS-LS1,1,Gemma 3 27b,1.0,1.0,9
MS-LS1-1,Conduct an investigation to provide evidence that living things are made of cells; either one cell or many different numbers and types of cells.,MS-LS1,2,Nemotron 3 Nano 30ba3,1.0,1.0,13
MS-LS1-2,Develop and use a model to describe the function of a cell as a whole and ways the parts of cells contribute to the function.,MS-LS1,2,Granite 3.3 Instruct,1.0,1.0,9
MS-LS1-3,Use argument supported by evidence for how the body is a system of interacting subsystems composed of groups of cells.,MS-LS1,2,Nemotron 3 Nano 30ba3,1.0,1.0,18
MS-LS1-4,Use argument based on empirical evidence and scientific reasoning to support an explanation for how characteristic animal behaviors and specialized plant structures affect the probability of successful reproduction of animals and plants respectively.,MS-LS1,2,Gemma 4 31b,1.0,1.0,12
MS-LS1-5,Construct a scientific explanation based on evidence for how environmental and genetic factors influence the growth of organisms.,MS-LS1,2,Granite 3.3 Instruct,1.0,1.0,10
MS-LS1-6,Construct a scientific explanation based on evidence for the role of photosynthesis in the cycling of matter and flow of energy into and out of organisms.,MS-LS1,2,Llama 3.3 70b,1.0,1.0,8
MS-LS1-7,Develop a model to describe how food is rearranged through chemical reactions forming new molecules that support growth and/or release energy as this matter moves through an organism.,MS-LS1,2,Gemma 4 31b,0.9,0.9,10
MS-LS1-8,Gather and synthesize information that sensory receptors respond to stimuli by sending messages to the brain for immediate behavior or storage as memories.,MS-LS1,2,Llama 3.3 70b,1.0,1.0,9
MS-LS1-1,Conduct an investigation to provide evidence that living things are made of cells; either one cell or many different numbers and types of cells.,MS-LS1,3,OSS 120b,1.0,1.0,13
MS-LS1-2,Develop and use a model to describe the function of a cell as a whole and ways the parts of cells contribute to the function.,MS-LS1,3,Nemotron 3 Nano 30ba3,1.0,1.0,9
MS-LS1-3,Use argument supported by evidence for how the body is a system of interacting subsystems composed of groups of cells.,MS-LS1,3,OSS 120b,1.0,1.0,18
MS-LS1-4,Use argument based on empirical evidence and scientific reasoning to support an explanation for how characteristic animal behaviors and specialized plant structures affect the probability of successful reproduction of animals and plants respectively.,MS-LS1,3,Granite 3.3 Instruct,1.0,1.0,12
MS-LS1-5,Construct a scientific explanation based on evidence for how environmental and genetic factors influence the growth of organisms.,MS-LS1,3,Llama 3.1 8b,1.0,1.0,10
MS-LS1-6,Construct a scientific explanation based on evidence for the role of photosynthesis in the cycling of matter and flow of energy into and out of organisms.,MS-LS1,3,Mistral Small 3.1,1.0,1.0,8
MS-LS1-7,Develop a model to describe how food is rearranged through chemical reactions forming new molecules that support growth and/or release energy as this matter moves through an organism.,MS-LS1,3,OSS 120b,0.9,0.9,10
MS-LS1-8,Gather and synthesize information that sensory receptors respond to stimuli by sending messages to the brain for immediate behavior or storage as memories.,MS-LS1,3,Nemotron 3 Nano 30ba3,1.0,1.0,9
MS-LS1-1,Conduct an investigation to provide evidence that living things are made of cells; either one cell or many different numbers and types of cells.,MS-LS1,4,Gemma 3 27b,0.923,1.0,13
MS-LS1-2,Develop and use a model to describe the function of a cell as a whole and ways the parts of cells contribute to the function.,MS-LS1,4,OSS 120b,1.0,1.0,9
MS-LS1-3,Use argument supported by evidence for how the body is a system of interacting subsystems composed of groups of cells.,MS-LS1,4,Gemma 4 31b,0.944,1.0,18
MS-LS1-4,Use argument based on empirical evidence and scientific reasoning to support an explanation for how characteristic animal behaviors and specialized plant structures affect the probability of successful reproduction of animals and plants respectively.,MS-LS1,4,Nemotron 3 Nano 30ba3,1.0,1.0,12
MS-LS1-5,Construct a scientific explanation based on evidence for how environmental and genetic factors influence the growth of organisms.,MS-LS1,4,Nemotron 3 Nano 30ba3,1.0,1.0,10
MS-LS1-6,Construct a scientific explanation based on evidence for the role of photosynthesis in the cycling of matter and flow of energy into and out of organisms.,MS-LS1,4,Nemotron 3 Nano 30ba3,1.0,1.0,8
MS-LS1-7,Develop a model to describe how food is rearranged through chemical reactions forming new molecules that support growth and/or release energy as this matter moves through an organism.,MS-LS1,4,OSS 20b,0.9,0.9,10
MS-LS1-8,Gather and synthesize information that sensory receptors respond to stimuli by sending messages to the brain for immediate behavior or storage as memories.,MS-LS1,4,OSS 120b,1.0,1.0,9
MS-LS1-1,Conduct an investigation to provide evidence that living things are made of cells; either one cell or many different numbers and types of cells.,MS-LS1,5,Llama 3.3 70b,0.923,1.0,13
MS-LS1-2,Develop and use a model to describe the function of a cell as a whole and ways the parts of cells contribute to the function.,MS-LS1,5,OSS 20b,1.0,1.0,9
MS-LS1-3,Use argument supported by evidence for how the body is a system of interacting subsystems composed of groups of cells.,MS-LS1,5,Llama 3.3 70b,0.944,1.0,18
MS-LS1-4,Use argument based on empirical evidence and scientific reasoning to support an explanation for how characteristic animal behaviors and specialized plant structures affect the probability of successful reproduction of animals and plants respectively.,MS-LS1,5,OSS 120b,1.0,1.0,12
MS-LS1-5,Construct a scientific explanation based on evidence for how environmental and genetic factors influence the growth of organisms.,MS-LS1,5,OSS 120b,1.0,1.0,10
MS-LS1-6,Construct a scientific explanation based on evidence for the role of photosynthesis in the cycling of matter and flow of energy into and out of organisms.,MS-LS1,5,OSS 120b,1.0,1.0,8
MS-LS1-7,Develop a model to describe how food is rearranged through chemical reactions forming new molecules that support growth and/or release energy as this matter moves through an organism.,MS-LS1,5,Nemotron 3 Nano 30ba3,0.9,0.8,10
MS-LS1-8,Gather and synthesize information that sensory receptors respond to stimuli by sending messages to the brain for immediate behavior or storage as memories.,MS-LS1,5,Llama 3.1 8b,0.778,1.0,9
MS-LS1-1,Conduct an investigation to provide evidence that living things are made of cells; either one cell or many different numbers and types of cells.,MS-LS1,6,OSS 20b,0.923,1.0,13
MS-LS1-2,Develop and use a model to describe the function of a cell as a whole and ways the parts of cells contribute to the function.,MS-LS1,6,Gemma 3 27b,0.889,1.0,9
MS-LS1-3,Use argument supported by evidence for how the body is a system of interacting subsystems composed of groups of cells.,MS-LS1,6,Mistral Small 3.1,0.944,1.0,18
MS-LS1-4,Use argument based on empirical evidence and scientific reasoning to support an explanation for how characteristic animal behaviors and specialized plant structures affect the probability of successful reproduction of animals and plants respectively.,MS-LS1,6,Llama 3.1 8b,0.917,1.0,12
MS-LS1-5,Construct a scientific explanation based on evidence for how environmental and genetic factors influence the growth of organisms.,MS-LS1,6,OSS 20b,1.0,1.0,10
MS-LS1-6,Construct a scientific explanation based on evidence for the role of photosynthesis in the cycling of matter and flow of energy into and out of organisms.,MS-LS1,6,Gemma 3 27b,0.875,1.0,8
MS-LS1-7,Develop a model to describe how food is rearranged through chemical reactions forming new molecules that support growth and/or release energy as this matter moves through an organism.,MS-LS1,6,Granite 3.3 Instruct,0.8,0.8,10
MS-LS1-8,Gather and synthesize information that sensory receptors respond to stimuli by sending messages to the brain for immediate behavior or storage as memories.,MS-LS1,6,Granite 3.3 Instruct,1.0,0.889,9
MS-LS1-1,Conduct an investigation to provide evidence that living things are made of cells; either one cell or many different numbers and types of cells.,MS-LS1,7,Mistral Small 3.1,0.769,0.846,13
MS-LS1-2,Develop and use a model to describe the function of a cell as a whole and ways the parts of cells contribute to the function.,MS-LS1,7,Llama 3.3 70b,0.889,1.0,9
MS-LS1-3,Use argument supported by evidence for how the body is a system of interacting subsystems composed of groups of cells.,MS-LS1,7,OSS 20b,0.944,1.0,18
MS-LS1-4,Use argument based on empirical evidence and scientific reasoning to support an explanation for how characteristic animal behaviors and specialized plant structures affect the probability of successful reproduction of animals and plants respectively.,MS-LS1,7,OSS 20b,0.917,1.0,12
MS-LS1-5,Construct a scientific explanation based on evidence for how environmental and genetic factors influence the growth of organisms.,MS-LS1,7,Gemma 4 31b,0.9,1.0,10
MS-LS1-6,Construct a scientific explanation based on evidence for the role of photosynthesis in the cycling of matter and flow of energy into and out of organisms.,MS-LS1,7,Granite 3.3 Instruct,0.875,1.0,8
MS-LS1-7,Develop a model to describe how food is rearranged through chemical reactions forming new molecules that support growth and/or release energy as this matter moves through an organism.,MS-LS1,7,Mistral Small 3.1,0.8,0.8,10
MS-LS1-8,Gather and synthesize information that sensory receptors respond to stimuli by sending messages to the brain for immediate behavior or storage as memories.,MS-LS1,7,Gemma 4 31b,0.889,0.889,9
MS-LS1-1,Conduct an investigation to provide evidence that living things are made of cells; either one cell or many different numbers and types of cells.,MS-LS1,8,Granite 3.3 Instruct,0.769,0.692,13
MS-LS1-2,Develop and use a model to describe the function of a cell as a whole and ways the parts of cells contribute to the function.,MS-LS1,8,Mistral Small 3.1,0.889,1.0,9
MS-LS1-3,Use argument supported by evidence for how the body is a system of interacting subsystems composed of groups of cells.,MS-LS1,8,Granite 3.3 Instruct,0.889,0.944,18
MS-LS1-4,Use argument based on empirical evidence and scientific reasoning to support an explanation for how characteristic animal behaviors and specialized plant structures affect the probability of successful reproduction of animals and plants respectively.,MS-LS1,8,Llama 3.3 70b,0.917,0.917,12
MS-LS1-5,Construct a scientific explanation based on evidence for how environmental and genetic factors influence the growth of organisms.,MS-LS1,8,Llama 3.3 70b,0.9,1.0,10
MS-LS1-6,Construct a scientific explanation based on evidence for the role of photosynthesis in the cycling of matter and flow of energy into and out of organisms.,MS-LS1,8,OSS 20b,0.875,1.0,8
MS-LS1-7,Develop a model to describe how food is rearranged through chemical reactions forming new molecules that support growth and/or release energy as this matter moves through an organism.,MS-LS1,8,Llama 3.1 8b,0.7,0.7,10
MS-LS1-8,Gather and synthesize information that sensory receptors respond to stimuli by sending messages to the brain for immediate behavior or storage as memories.,MS-LS1,8,OSS 20b,0.889,0.889,9
MS-LS1-1,Conduct an investigation to provide evidence that living things are made of cells; either one cell or many different numbers and types of cells.,MS-LS1,9,Llama 3.1 8b,0.769,0.615,13
MS-LS1-2,Develop and use a model to describe the function of a cell as a whole and ways the parts of cells contribute to the function.,MS-LS1,9,Llama 3.1 8b,0.889,0.889,9
MS-LS1-3,Use argument supported by evidence for how the body is a system of interacting subsystems composed of groups of cells.,MS-LS1,9,Llama 3.1 8b,0.889,0.889,18
MS-LS1-4,Use argument based on empirical evidence and scientific reasoning to support an explanation for how characteristic animal behaviors and specialized plant structures affect the probability of successful reproduction of animals and plants respectively.,MS-LS1,9,Mistral Small 3.1,0.833,0.917,12
MS-LS1-5,Construct a scientific explanation based on evidence for how environmental and genetic factors influence the growth of organisms.,MS-LS1,9,Mistral Small 3.1,0.9,1.0,10
MS-LS1-6,Construct a scientific explanation based on evidence for the role of photosynthesis in the cycling of matter and flow of energy into and out of organisms.,MS-LS1,9,Llama 3.1 8b,0.625,0.75,8
MS-LS1-7,Develop a model to describe how food is rearranged through chemical reactions forming new molecules that support growth and/or release energy as this matter moves through an organism.,MS-LS1,9,Llama 3.3 70b,0.7,0.7,10
MS-LS1-8,Gather and synthesize information that sensory receptors respond to stimuli by sending messages to the brain for immediate behavior or storage as memories.,MS-LS1,9,Mistral Small 3.1,0.778,0.889,9
MS-LS2-1,Analyze and interpret data to provide evidence for the effects of resource availability on organisms and populations of organisms in an ecosystem.,MS-LS2,1,Nemotron 3 Nano 30ba3,0.958,0.958,24
MS-LS2-2,Construct an explanation that predicts patterns of interactions among organisms across multiple ecosystems.,MS-LS2,1,Gemma 4 31b,1.0,1.0,17
MS-LS2-3,Develop a model to describe the cycling of matter and flow of energy among living and nonliving parts of an ecosystem.,MS-LS2,1,OSS 120b,1.0,1.0,33
MS-LS2-4,Construct an argument supported by empirical evidence that changes to physical or biological components of an ecosystem affect populations.,MS-LS2,1,Gemma 3 27b,1.0,1.0,14
MS-LS2-5,Evaluate competing design solutions for maintaining biodiversity and ecosystem services.,MS-LS2,1,Gemma 3 27b,1.0,1.0,8
MS-LS2-1,Analyze and interpret data to provide evidence for the effects of resource availability on organisms and populations of organisms in an ecosystem.,MS-LS2,2,OSS 20b,0.958,0.958,24
MS-LS2-2,Construct an explanation that predicts patterns of interactions among organisms across multiple ecosystems.,MS-LS2,2,Llama 3.3 70b,1.0,1.0,17
MS-LS2-3,Develop a model to describe the cycling of matter and flow of energy among living and nonliving parts of an ecosystem.,MS-LS2,2,Mistral Small 3.1,0.939,1.0,33
MS-LS2-4,Construct an argument supported by empirical evidence that changes to physical or biological components of an ecosystem affect populations.,MS-LS2,2,Gemma 4 31b,1.0,1.0,14
MS-LS2-5,Evaluate competing design solutions for maintaining biodiversity and ecosystem services.,MS-LS2,2,Gemma 4 31b,1.0,1.0,8
MS-LS2-1,Analyze and interpret data to provide evidence for the effects of resource availability on organisms and populations of organisms in an ecosystem.,MS-LS2,3,Granite 3.3 Instruct,0.875,0.958,24
MS-LS2-2,Construct an explanation that predicts patterns of interactions among organisms across multiple ecosystems.,MS-LS2,3,Nemotron 3 Nano 30ba3,1.0,1.0,17
MS-LS2-3,Develop a model to describe the cycling of matter and flow of energy among living and nonliving parts of an ecosystem.,MS-LS2,3,Nemotron 3 Nano 30ba3,0.909,1.0,33
MS-LS2-4,Construct an argument supported by empirical evidence that changes to physical or biological components of an ecosystem affect populations.,MS-LS2,3,Llama 3.3 70b,1.0,1.0,14
MS-LS2-5,Evaluate competing design solutions for maintaining biodiversity and ecosystem services.,MS-LS2,3,Granite 3.3 Instruct,1.0,1.0,8
MS-LS2-1,Analyze and interpret data to provide evidence for the effects of resource availability on organisms and populations of organisms in an ecosystem.,MS-LS2,4,Llama 3.1 8b,0.875,0.958,24
MS-LS2-2,Construct an explanation that predicts patterns of interactions among organisms across multiple ecosystems.,MS-LS2,4,OSS 120b,1.0,1.0,17
MS-LS2-3,Develop a model to describe the cycling of matter and flow of energy among living and nonliving parts of an ecosystem.,MS-LS2,4,OSS 20b,0.879,1.0,33
MS-LS2-4,Construct an argument supported by empirical evidence that changes to physical or biological components of an ecosystem affect populations.,MS-LS2,4,Mistral Small 3.1,1.0,1.0,14
MS-LS2-5,Evaluate competing design solutions for maintaining biodiversity and ecosystem services.,MS-LS2,4,Llama 3.1 8b,1.0,1.0,8
MS-LS2-1,Analyze and interpret data to provide evidence for the effects of resource availability on organisms and populations of organisms in an ecosystem.,MS-LS2,5,Gemma 3 27b,0.917,0.917,24
MS-LS2-2,Construct an explanation that predicts patterns of interactions among organisms across multiple ecosystems.,MS-LS2,5,Mistral Small 3.1,0.941,1.0,17
MS-LS2-3,Develop a model to describe the cycling of matter and flow of energy among living and nonliving parts of an ecosystem.,MS-LS2,5,Gemma 4 31b,0.97,0.97,33
MS-LS2-4,Construct an argument supported by empirical evidence that changes to physical or biological components of an ecosystem affect populations.,MS-LS2,5,Nemotron 3 Nano 30ba3,1.0,1.0,14
MS-LS2-5,Evaluate competing design solutions for maintaining biodiversity and ecosystem services.,MS-LS2,5,Llama 3.3 70b,1.0,1.0,8
MS-LS2-1,Analyze and interpret data to provide evidence for the effects of resource availability on organisms and populations of organisms in an ecosystem.,MS-LS2,6,Gemma 4 31b,0.917,0.917,24
MS-LS2-2,Construct an explanation that predicts patterns of interactions among organisms across multiple ecosystems.,MS-LS2,6,OSS 20b,0.941,1.0,17
MS-LS2-3,Develop a model to describe the cycling of matter and flow of energy among living and nonliving parts of an ecosystem.,MS-LS2,6,Gemma 3 27b,0.939,0.97,33
MS-LS2-4,Construct an argument supported by empirical evidence that changes to physical or biological components of an ecosystem affect populations.,MS-LS2,6,OSS 120b,1.0,1.0,14
MS-LS2-5,Evaluate competing design solutions for maintaining biodiversity and ecosystem services.,MS-LS2,6,Mistral Small 3.1,1.0,1.0,8
MS-LS2-1,Analyze and interpret data to provide evidence for the effects of resource availability on organisms and populations of organisms in an ecosystem.,MS-LS2,7,Llama 3.3 70b,0.917,0.917,24
MS-LS2-2,Construct an explanation that predicts patterns of interactions among organisms across multiple ecosystems.,MS-LS2,7,Gemma 3 27b,0.941,0.941,17
MS-LS2-3,Develop a model to describe the cycling of matter and flow of energy among living and nonliving parts of an ecosystem.,MS-LS2,7,Llama 3.3 70b,0.909,0.939,33
MS-LS2-4,Construct an argument supported by empirical evidence that changes to physical or biological components of an ecosystem affect populations.,MS-LS2,7,OSS 20b,0.929,1.0,14
MS-LS2-5,Evaluate competing design solutions for maintaining biodiversity and ecosystem services.,MS-LS2,7,Nemotron 3 Nano 30ba3,1.0,1.0,8
MS-LS2-1,Analyze and interpret data to provide evidence for the effects of resource availability on organisms and populations of organisms in an ecosystem.,MS-LS2,8,OSS 120b,0.917,0.917,24
MS-LS2-2,Construct an explanation that predicts patterns of interactions among organisms across multiple ecosystems.,MS-LS2,8,Granite 3.3 Instruct,0.882,0.941,17
MS-LS2-3,Develop a model to describe the cycling of matter and flow of energy among living and nonliving parts of an ecosystem.,MS-LS2,8,Granite 3.3 Instruct,0.909,0.909,33
MS-LS2-4,Construct an argument supported by empirical evidence that changes to physical or biological components of an ecosystem affect populations.,MS-LS2,8,Granite 3.3 Instruct,0.929,0.929,14
MS-LS2-5,Evaluate competing design solutions for maintaining biodiversity and ecosystem services.,MS-LS2,8,OSS 120b,1.0,1.0,8
MS-LS2-1,Analyze and interpret data to provide evidence for the effects of resource availability on organisms and populations of organisms in an ecosystem.,MS-LS2,9,Mistral Small 3.1,0.875,0.917,24
MS-LS2-2,Construct an explanation that predicts patterns of interactions among organisms across multiple ecosystems.,MS-LS2,9,Llama 3.1 8b,1.0,0.882,17
MS-LS2-3,Develop a model to describe the cycling of matter and flow of energy among living and nonliving parts of an ecosystem.,MS-LS2,9,Llama 3.1 8b,0.818,0.818,33
MS-LS2-4,Construct an argument supported by empirical evidence that changes to physical or biological components of an ecosystem affect populations.,MS-LS2,9,Llama 3.1 8b,0.929,0.929,14
MS-LS2-5,Evaluate competing design solutions for maintaining biodiversity and ecosystem services.,MS-LS2,9,OSS 20b,1.0,1.0,8
MS-LS3-1,"Develop and use a model to describe why structural changes to genes (mutations) located on chromosomes may affect proteins and may result in harmful, beneficial, or neutral effects to the structure and function of the organism.",MS-LS3,1,OSS 120b,1.0,1.0,48
MS-LS3-2,Develop and use a model to describe why asexual reproduction results in offspring with identical genetic information and sexual reproduction results in offspring with genetic variation.,MS-LS3,1,Nemotron 3 Nano 30ba3,1.0,1.0,37
MS-LS3-1,"Develop and use a model to describe why structural changes to genes (mutations) located on chromosomes may affect proteins and may result in harmful, beneficial, or neutral effects to the structure and function of the organism.",MS-LS3,2,Gemma 4 31b,0.979,1.0,48
MS-LS3-2,Develop and use a model to describe why asexual reproduction results in offspring with identical genetic information and sexual reproduction results in offspring with genetic variation.,MS-LS3,2,OSS 120b,1.0,1.0,37
MS-LS3-1,"Develop and use a model to describe why structural changes to genes (mutations) located on chromosomes may affect proteins and may result in harmful, beneficial, or neutral effects to the structure and function of the organism.",MS-LS3,3,OSS 20b,0.979,1.0,48
MS-LS3-2,Develop and use a model to describe why asexual reproduction results in offspring with identical genetic information and sexual reproduction results in offspring with genetic variation.,MS-LS3,3,Gemma 4 31b,0.973,1.0,37
MS-LS3-1,"Develop and use a model to describe why structural changes to genes (mutations) located on chromosomes may affect proteins and may result in harmful, beneficial, or neutral effects to the structure and function of the organism.",MS-LS3,4,Llama 3.3 70b,0.958,1.0,48
MS-LS3-2,Develop and use a model to describe why asexual reproduction results in offspring with identical genetic information and sexual reproduction results in offspring with genetic variation.,MS-LS3,4,Mistral Small 3.1,1.0,0.973,37
MS-LS3-1,"Develop and use a model to describe why structural changes to genes (mutations) located on chromosomes may affect proteins and may result in harmful, beneficial, or neutral effects to the structure and function of the organism.",MS-LS3,5,Nemotron 3 Nano 30ba3,0.958,1.0,48
MS-LS3-2,Develop and use a model to describe why asexual reproduction results in offspring with identical genetic information and sexual reproduction results in offspring with genetic variation.,MS-LS3,5,OSS 20b,0.973,0.973,37
MS-LS3-1,"Develop and use a model to describe why structural changes to genes (mutations) located on chromosomes may affect proteins and may result in harmful, beneficial, or neutral effects to the structure and function of the organism.",MS-LS3,6,Mistral Small 3.1,0.938,0.979,48
MS-LS3-2,Develop and use a model to describe why asexual reproduction results in offspring with identical genetic information and sexual reproduction results in offspring with genetic variation.,MS-LS3,6,Llama 3.3 70b,0.919,0.973,37
MS-LS3-1,"Develop and use a model to describe why structural changes to genes (mutations) located on chromosomes may affect proteins and may result in harmful, beneficial, or neutral effects to the structure and function of the organism.",MS-LS3,7,Llama 3.1 8b,0.938,0.958,48
MS-LS3-2,Develop and use a model to describe why asexual reproduction results in offspring with identical genetic information and sexual reproduction results in offspring with genetic variation.,MS-LS3,7,Gemma 3 27b,0.919,0.919,37
MS-LS3-1,"Develop and use a model to describe why structural changes to genes (mutations) located on chromosomes may affect proteins and may result in harmful, beneficial, or neutral effects to the structure and function of the organism.",MS-LS3,8,Gemma 3 27b,0.938,0.938,48
MS-LS3-2,Develop and use a model to describe why asexual reproduction results in offspring with identical genetic information and sexual reproduction results in offspring with genetic variation.,MS-LS3,8,Llama 3.1 8b,0.838,0.811,37
MS-LS3-1,"Develop and use a model to describe why structural changes to genes (mutations) located on chromosomes may affect proteins and may result in harmful, beneficial, or neutral effects to the structure and function of the organism.",MS-LS3,9,Granite 3.3 Instruct,0.917,0.938,48
MS-LS3-2,Develop and use a model to describe why asexual reproduction results in offspring with identical genetic information and sexual reproduction results in offspring with genetic variation.,MS-LS3,9,Granite 3.3 Instruct,0.811,0.784,37
MS-LS4-1,"Analyze and interpret data for patterns in the fossil record that document the existence, diversity, extinction, and change of life forms throughout the history of life on Earth under the assumption that natural laws operate today as in the past.",MS-LS4,1,Gemma 3 27b,1.0,1.0,27
MS-LS4-2,Apply scientific ideas to construct an explanation for the anatomical similarities and differences among modern organisms and between modern and fossil organisms to infer evolutionary relationships.,MS-LS4,1,Gemma 4 31b,1.0,1.0,25
MS-LS4-3,Analyze displays of pictorial data to compare patterns of similarities in the embryological development across multiple species to identify relationships not evident in the fully formed anatomy.,MS-LS4,1,Gemma 4 31b,1.0,1.0,12
MS-LS4-4,Construct an explanation based on evidence that describes how genetic variations of traits in a population increase some individuals' probability of surviving and reproducing in a specific environment.,MS-LS4,1,Gemma 3 27b,1.0,1.0,9
MS-LS4-5,Gather and synthesize information about technologies that have changed the way humans influence the inheritance of desired traits in organisms.,MS-LS4,1,Gemma 3 27b,1.0,1.0,5
MS-LS4-6,Use mathematical representations to support explanations of how natural selection may lead to increases and decreases of specific traits in populations over time.,MS-LS4,1,Gemma 3 27b,1.0,1.0,11
MS-LS4-1,"Analyze and interpret data for patterns in the fossil record that document the existence, diversity, extinction, and change of life forms throughout the history of life on Earth under the assumption that natural laws operate today as in the past.",MS-LS4,2,Mistral Small 3.1,1.0,1.0,27
MS-LS4-2,Apply scientific ideas to construct an explanation for the anatomical similarities and differences among modern organisms and between modern and fossil organisms to infer evolutionary relationships.,MS-LS4,2,Gemma 3 27b,0.96,1.0,25
MS-LS4-3,Analyze displays of pictorial data to compare patterns of similarities in the embryological development across multiple species to identify relationships not evident in the fully formed anatomy.,MS-LS4,2,OSS 120b,1.0,1.0,12
MS-LS4-4,Construct an explanation based on evidence that describes how genetic variations of traits in a population increase some individuals' probability of surviving and reproducing in a specific environment.,MS-LS4,2,Gemma 4 31b,1.0,1.0,9
MS-LS4-5,Gather and synthesize information about technologies that have changed the way humans influence the inheritance of desired traits in organisms.,MS-LS4,2,Gemma 4 31b,1.0,1.0,5
MS-LS4-6,Use mathematical representations to support explanations of how natural selection may lead to increases and decreases of specific traits in populations over time.,MS-LS4,2,Gemma 4 31b,1.0,1.0,11
MS-LS4-1,"Analyze and interpret data for patterns in the fossil record that document the existence, diversity, extinction, and change of life forms throughout the history of life on Earth under the assumption that natural laws operate today as in the past.",MS-LS4,3,Nemotron 3 Nano 30ba3,1.0,1.0,27
MS-LS4-2,Apply scientific ideas to construct an explanation for the anatomical similarities and differences among modern organisms and between modern and fossil organisms to infer evolutionary relationships.,MS-LS4,3,OSS 120b,0.96,1.0,25
MS-LS4-3,Analyze displays of pictorial data to compare patterns of similarities in the embryological development across multiple species to identify relationships not evident in the fully formed anatomy.,MS-LS4,3,Nemotron 3 Nano 30ba3,0.833,1.0,12
MS-LS4-4,Construct an explanation based on evidence that describes how genetic variations of traits in a population increase some individuals' probability of surviving and reproducing in a specific environment.,MS-LS4,3,Mistral Small 3.1,1.0,1.0,9
MS-LS4-5,Gather and synthesize information about technologies that have changed the way humans influence the inheritance of desired traits in organisms.,MS-LS4,3,Granite 3.3 Instruct,1.0,1.0,5
MS-LS4-6,Use mathematical representations to support explanations of how natural selection may lead to increases and decreases of specific traits in populations over time.,MS-LS4,3,Llama 3.3 70b,1.0,1.0,11
MS-LS4-1,"Analyze and interpret data for patterns in the fossil record that document the existence, diversity, extinction, and change of life forms throughout the history of life on Earth under the assumption that natural laws operate today as in the past.",MS-LS4,4,OSS 120b,1.0,1.0,27
MS-LS4-2,Apply scientific ideas to construct an explanation for the anatomical similarities and differences among modern organisms and between modern and fossil organisms to infer evolutionary relationships.,MS-LS4,4,Nemotron 3 Nano 30ba3,0.92,1.0,25
MS-LS4-3,Analyze displays of pictorial data to compare patterns of similarities in the embryological development across multiple species to identify relationships not evident in the fully formed anatomy.,MS-LS4,4,OSS 20b,0.833,0.917,12
MS-LS4-4,Construct an explanation based on evidence that describes how genetic variations of traits in a population increase some individuals' probability of surviving and reproducing in a specific environment.,MS-LS4,4,Nemotron 3 Nano 30ba3,1.0,1.0,9
MS-LS4-5,Gather and synthesize information about technologies that have changed the way humans influence the inheritance of desired traits in organisms.,MS-LS4,4,Llama 3.3 70b,1.0,1.0,5
MS-LS4-6,Use mathematical representations to support explanations of how natural selection may lead to increases and decreases of specific traits in populations over time.,MS-LS4,4,Mistral Small 3.1,1.0,1.0,11
MS-LS4-1,"Analyze and interpret data for patterns in the fossil record that document the existence, diversity, extinction, and change of life forms throughout the history of life on Earth under the assumption that natural laws operate today as in the past.",MS-LS4,5,Gemma 4 31b,0.963,1.0,27
MS-LS4-2,Apply scientific ideas to construct an explanation for the anatomical similarities and differences among modern organisms and between modern and fossil organisms to infer evolutionary relationships.,MS-LS4,5,Llama 3.3 70b,0.92,0.96,25
MS-LS4-3,Analyze displays of pictorial data to compare patterns of similarities in the embryological development across multiple species to identify relationships not evident in the fully formed anatomy.,MS-LS4,5,Llama 3.3 70b,0.833,0.833,12
MS-LS4-4,Construct an explanation based on evidence that describes how genetic variations of traits in a population increase some individuals' probability of surviving and reproducing in a specific environment.,MS-LS4,5,OSS 120b,1.0,1.0,9
MS-LS4-5,Gather and synthesize information about technologies that have changed the way humans influence the inheritance of desired traits in organisms.,MS-LS4,5,Nemotron 3 Nano 30ba3,1.0,1.0,5
MS-LS4-6,Use mathematical representations to support explanations of how natural selection may lead to increases and decreases of specific traits in populations over time.,MS-LS4,5,Nemotron 3 Nano 30ba3,1.0,1.0,11
MS-LS4-1,"Analyze and interpret data for patterns in the fossil record that document the existence, diversity, extinction, and change of life forms throughout the history of life on Earth under the assumption that natural laws operate today as in the past.",MS-LS4,6,Llama 3.3 70b,0.963,1.0,27
MS-LS4-2,Apply scientific ideas to construct an explanation for the anatomical similarities and differences among modern organisms and between modern and fossil organisms to infer evolutionary relationships.,MS-LS4,6,Mistral Small 3.1,0.92,0.92,25
MS-LS4-3,Analyze displays of pictorial data to compare patterns of similarities in the embryological development across multiple species to identify relationships not evident in the fully formed anatomy.,MS-LS4,6,Mistral Small 3.1,0.833,0.833,12
MS-LS4-4,Construct an explanation based on evidence that describes how genetic variations of traits in a population increase some individuals' probability of surviving and reproducing in a specific environment.,MS-LS4,6,Llama 3.1 8b,0.889,1.0,9
MS-LS4-5,Gather and synthesize information about technologies that have changed the way humans influence the inheritance of desired traits in organisms.,MS-LS4,6,OSS 120b,1.0,1.0,5
MS-LS4-6,Use mathematical representations to support explanations of how natural selection may lead to increases and decreases of specific traits in populations over time.,MS-LS4,6,OSS 120b,1.0,1.0,11
MS-LS4-1,"Analyze and interpret data for patterns in the fossil record that document the existence, diversity, extinction, and change of life forms throughout the history of life on Earth under the assumption that natural laws operate today as in the past.",MS-LS4,7,OSS 20b,0.963,1.0,27
MS-LS4-2,Apply scientific ideas to construct an explanation for the anatomical similarities and differences among modern organisms and between modern and fossil organisms to infer evolutionary relationships.,MS-LS4,7,Granite 3.3 Instruct,0.76,0.88,25
MS-LS4-3,Analyze displays of pictorial data to compare patterns of similarities in the embryological development across multiple species to identify relationships not evident in the fully formed anatomy.,MS-LS4,7,Gemma 3 27b,0.75,0.667,12
MS-LS4-4,Construct an explanation based on evidence that describes how genetic variations of traits in a population increase some individuals' probability of surviving and reproducing in a specific environment.,MS-LS4,7,Llama 3.3 70b,0.889,1.0,9
MS-LS4-5,Gather and synthesize information about technologies that have changed the way humans influence the inheritance of desired traits in organisms.,MS-LS4,7,Mistral Small 3.1,0.8,1.0,5
MS-LS4-6,Use mathematical representations to support explanations of how natural selection may lead to increases and decreases of specific traits in populations over time.,MS-LS4,7,OSS 20b,1.0,1.0,11
MS-LS4-1,"Analyze and interpret data for patterns in the fossil record that document the existence, diversity, extinction, and change of life forms throughout the history of life on Earth under the assumption that natural laws operate today as in the past.",MS-LS4,8,Granite 3.3 Instruct,0.852,0.926,27
MS-LS4-2,Apply scientific ideas to construct an explanation for the anatomical similarities and differences among modern organisms and between modern and fossil organisms to infer evolutionary relationships.,MS-LS4,8,Llama 3.1 8b,0.8,0.8,25
MS-LS4-3,Analyze displays of pictorial data to compare patterns of similarities in the embryological development across multiple species to identify relationships not evident in the fully formed anatomy.,MS-LS4,8,Llama 3.1 8b,0.583,0.667,12
MS-LS4-4,Construct an explanation based on evidence that describes how genetic variations of traits in a population increase some individuals' probability of surviving and reproducing in a specific environment.,MS-LS4,8,OSS 20b,0.889,1.0,9
MS-LS4-5,Gather and synthesize information about technologies that have changed the way humans influence the inheritance of desired traits in organisms.,MS-LS4,8,OSS 20b,0.8,1.0,5
MS-LS4-6,Use mathematical representations to support explanations of how natural selection may lead to increases and decreases of specific traits in populations over time.,MS-LS4,8,Granite 3.3 Instruct,0.909,1.0,11
MS-LS4-1,"Analyze and interpret data for patterns in the fossil record that document the existence, diversity, extinction, and change of life forms throughout the history of life on Earth under the assumption that natural laws operate today as in the past.",MS-LS4,9,Llama 3.1 8b,0.778,0.815,27
MS-LS4-2,Apply scientific ideas to construct an explanation for the anatomical similarities and differences among modern organisms and between modern and fossil organisms to infer evolutionary relationships.,MS-LS4,9,OSS 20b,0.68,0.8,25
MS-LS4-3,Analyze displays of pictorial data to compare patterns of similarities in the embryological development across multiple species to identify relationships not evident in the fully formed anatomy.,MS-LS4,9,Granite 3.3 Instruct,0.5,0.583,12
MS-LS4-4,Construct an explanation based on evidence that describes how genetic variations of traits in a population increase some individuals' probability of surviving and reproducing in a specific environment.,MS-LS4,9,Granite 3.3 Instruct,0.889,0.889,9
MS-LS4-5,Gather and synthesize information about technologies that have changed the way humans influence the inheritance of desired traits in organisms.,MS-LS4,9,Llama 3.1 8b,0.6,0.6,5
MS-LS4-6,Use mathematical representations to support explanations of how natural selection may lead to increases and decreases of specific traits in populations over time.,MS-LS4,9,Llama 3.1 8b,0.909,1.0,11
MS-ESS1-1,"Develop and use a model of the Earth-sun-moon system to describe the cyclic patterns of lunar phases, eclipses of the sun and moon, and seasons.",MS-ESS1,1,Gemma 3 27b,1.0,1.0,26
MS-ESS1-2,Develop and use a model to describe the role of gravity in the motions within galaxies and the solar system.,MS-ESS1,1,Nemotron 3 Nano 30ba3,1.0,1.0,22
MS-ESS1-3,Analyze and interpret data to determine scale properties of objects in the solar system.,MS-ESS1,1,Nemotron 3 Nano 30ba3,0.931,1.0,29
MS-ESS1-4,Construct a scientific explanation based on evidence from rock strata for how the geologic time scale is used to organize Earth's 4.6-billion-year-old history.,MS-ESS1,1,Llama 3.3 70b,1.0,1.0,19
MS-ESS1-1,"Develop and use a model of the Earth-sun-moon system to describe the cyclic patterns of lunar phases, eclipses of the sun and moon, and seasons.",MS-ESS1,2,Gemma 4 31b,1.0,1.0,26
MS-ESS1-2,Develop and use a model to describe the role of gravity in the motions within galaxies and the solar system.,MS-ESS1,2,OSS 120b,1.0,1.0,22
MS-ESS1-3,Analyze and interpret data to determine scale properties of objects in the solar system.,MS-ESS1,2,OSS 120b,0.931,1.0,29
MS-ESS1-4,Construct a scientific explanation based on evidence from rock strata for how the geologic time scale is used to organize Earth's 4.6-billion-year-old history.,MS-ESS1,2,OSS 20b,1.0,1.0,19
MS-ESS1-1,"Develop and use a model of the Earth-sun-moon system to describe the cyclic patterns of lunar phases, eclipses of the sun and moon, and seasons.",MS-ESS1,3,OSS 120b,1.0,1.0,26
MS-ESS1-2,Develop and use a model to describe the role of gravity in the motions within galaxies and the solar system.,MS-ESS1,3,Mistral Small 3.1,0.909,1.0,22
MS-ESS1-3,Analyze and interpret data to determine scale properties of objects in the solar system.,MS-ESS1,3,Gemma 4 31b,0.966,0.966,29
MS-ESS1-4,Construct a scientific explanation based on evidence from rock strata for how the geologic time scale is used to organize Earth's 4.6-billion-year-old history.,MS-ESS1,3,Gemma 4 31b,0.947,1.0,19
MS-ESS1-1,"Develop and use a model of the Earth-sun-moon system to describe the cyclic patterns of lunar phases, eclipses of the sun and moon, and seasons.",MS-ESS1,4,OSS 20b,0.923,1.0,26
MS-ESS1-2,Develop and use a model to describe the role of gravity in the motions within galaxies and the solar system.,MS-ESS1,4,Gemma 4 31b,0.955,0.955,22
MS-ESS1-3,Analyze and interpret data to determine scale properties of objects in the solar system.,MS-ESS1,4,OSS 20b,0.897,0.966,29
MS-ESS1-4,Construct a scientific explanation based on evidence from rock strata for how the geologic time scale is used to organize Earth's 4.6-billion-year-old history.,MS-ESS1,4,Nemotron 3 Nano 30ba3,0.947,1.0,19
MS-ESS1-1,"Develop and use a model of the Earth-sun-moon system to describe the cyclic patterns of lunar phases, eclipses of the sun and moon, and seasons.",MS-ESS1,5,Llama 3.3 70b,0.962,0.962,26
MS-ESS1-2,Develop and use a model to describe the role of gravity in the motions within galaxies and the solar system.,MS-ESS1,5,Granite 3.3 Instruct,0.955,0.955,22
MS-ESS1-3,Analyze and interpret data to determine scale properties of objects in the solar system.,MS-ESS1,5,Llama 3.3 70b,0.931,0.931,29
MS-ESS1-4,Construct a scientific explanation based on evidence from rock strata for how the geologic time scale is used to organize Earth's 4.6-billion-year-old history.,MS-ESS1,5,OSS 120b,0.947,1.0,19
MS-ESS1-1,"Develop and use a model of the Earth-sun-moon system to describe the cyclic patterns of lunar phases, eclipses of the sun and moon, and seasons.",MS-ESS1,6,Nemotron 3 Nano 30ba3,0.962,0.962,26
MS-ESS1-2,Develop and use a model to describe the role of gravity in the motions within galaxies and the solar system.,MS-ESS1,6,Gemma 3 27b,0.909,0.955,22
MS-ESS1-3,Analyze and interpret data to determine scale properties of objects in the solar system.,MS-ESS1,6,Gemma 3 27b,0.862,0.897,29
MS-ESS1-4,Construct a scientific explanation based on evidence from rock strata for how the geologic time scale is used to organize Earth's 4.6-billion-year-old history.,MS-ESS1,6,Gemma 3 27b,0.895,0.895,19
MS-ESS1-1,"Develop and use a model of the Earth-sun-moon system to describe the cyclic patterns of lunar phases, eclipses of the sun and moon, and seasons.",MS-ESS1,7,Mistral Small 3.1,0.885,0.923,26
MS-ESS1-2,Develop and use a model to describe the role of gravity in the motions within galaxies and the solar system.,MS-ESS1,7,OSS 20b,0.909,0.955,22
MS-ESS1-3,Analyze and interpret data to determine scale properties of objects in the solar system.,MS-ESS1,7,Mistral Small 3.1,0.793,0.897,29
MS-ESS1-4,Construct a scientific explanation based on evidence from rock strata for how the geologic time scale is used to organize Earth's 4.6-billion-year-old history.,MS-ESS1,7,Mistral Small 3.1,0.842,0.895,19
MS-ESS1-1,"Develop and use a model of the Earth-sun-moon system to describe the cyclic patterns of lunar phases, eclipses of the sun and moon, and seasons.",MS-ESS1,8,Granite 3.3 Instruct,0.808,0.769,26
MS-ESS1-2,Develop and use a model to describe the role of gravity in the motions within galaxies and the solar system.,MS-ESS1,8,Llama 3.3 70b,0.864,0.955,22
MS-ESS1-3,Analyze and interpret data to determine scale properties of objects in the solar system.,MS-ESS1,8,Granite 3.3 Instruct,0.69,0.69,29
MS-ESS1-4,Construct a scientific explanation based on evidence from rock strata for how the geologic time scale is used to organize Earth's 4.6-billion-year-old history.,MS-ESS1,8,Granite 3.3 Instruct,0.842,0.789,19
MS-ESS1-1,"Develop and use a model of the Earth-sun-moon system to describe the cyclic patterns of lunar phases, eclipses of the sun and moon, and seasons.",MS-ESS1,9,Llama 3.1 8b,0.615,0.769,26
MS-ESS1-2,Develop and use a model to describe the role of gravity in the motions within galaxies and the solar system.,MS-ESS1,9,Llama 3.1 8b,0.636,0.727,22
MS-ESS1-3,Analyze and interpret data to determine scale properties of objects in the solar system.,MS-ESS1,9,Llama 3.1 8b,0.586,0.621,29
MS-ESS1-4,Construct a scientific explanation based on evidence from rock strata for how the geologic time scale is used to organize Earth's 4.6-billion-year-old history.,MS-ESS1,9,Llama 3.1 8b,0.789,0.684,19
MS-ESS2-1,Develop a model to describe the cycling of Earth's materials and the flow of energy that drives this process.,MS-ESS2,1,OSS 120b,1.0,1.0,16
MS-ESS2-2,Construct an explanation based on evidence for how geoscience processes have changed Earth's surface at varying time and spatial scales.,MS-ESS2,1,OSS 120b,1.0,1.0,20
MS-ESS2-3,"Analyze and interpret data on the distribution of fossils and rocks, continental shapes, and seafloor structures to provide evidence of the past plate motions.",MS-ESS2,1,Nemotron 3 Nano 30ba3,1.0,1.0,13
MS-ESS2-4,Develop a model to describe the cycling of water through Earth's systems driven by energy from the sun and the force of gravity.,MS-ESS2,1,Nemotron 3 Nano 30ba3,1.0,1.0,18
MS-ESS2-5,Collect data to provide evidence for how the motions and complex interactions of air masses result in changes in weather conditions.,MS-ESS2,1,Gemma 4 31b,1.0,1.0,15
MS-ESS2-6,Develop and use a model to describe how unequal heating and rotation of the Earth cause patterns of atmospheric and oceanic circulation that determine regional climates.,MS-ESS2,1,Gemma 4 31b,1.0,1.0,12
MS-ESS2-1,Develop a model to describe the cycling of Earth's materials and the flow of energy that drives this process.,MS-ESS2,2,Granite 3.3 Instruct,0.938,1.0,16
MS-ESS2-2,Construct an explanation based on evidence for how geoscience processes have changed Earth's surface at varying time and spatial scales.,MS-ESS2,2,Nemotron 3 Nano 30ba3,0.95,1.0,20
MS-ESS2-3,"Analyze and interpret data on the distribution of fossils and rocks, continental shapes, and seafloor structures to provide evidence of the past plate motions.",MS-ESS2,2,OSS 120b,1.0,1.0,13
MS-ESS2-4,Develop a model to describe the cycling of water through Earth's systems driven by energy from the sun and the force of gravity.,MS-ESS2,2,OSS 120b,1.0,1.0,18
MS-ESS2-5,Collect data to provide evidence for how the motions and complex interactions of air masses result in changes in weather conditions.,MS-ESS2,2,Mistral Small 3.1,0.933,1.0,15
MS-ESS2-6,Develop and use a model to describe how unequal heating and rotation of the Earth cause patterns of atmospheric and oceanic circulation that determine regional climates.,MS-ESS2,2,OSS 120b,1.0,1.0,12
MS-ESS2-1,Develop a model to describe the cycling of Earth's materials and the flow of energy that drives this process.,MS-ESS2,3,Nemotron 3 Nano 30ba3,0.938,1.0,16
MS-ESS2-2,Construct an explanation based on evidence for how geoscience processes have changed Earth's surface at varying time and spatial scales.,MS-ESS2,3,OSS 20b,0.9,1.0,20
MS-ESS2-3,"Analyze and interpret data on the distribution of fossils and rocks, continental shapes, and seafloor structures to provide evidence of the past plate motions.",MS-ESS2,3,OSS 20b,1.0,1.0,13
MS-ESS2-4,Develop a model to describe the cycling of water through Earth's systems driven by energy from the sun and the force of gravity.,MS-ESS2,3,Gemma 3 27b,0.944,1.0,18
MS-ESS2-5,Collect data to provide evidence for how the motions and complex interactions of air masses result in changes in weather conditions.,MS-ESS2,3,OSS 120b,0.933,1.0,15
MS-ESS2-6,Develop and use a model to describe how unequal heating and rotation of the Earth cause patterns of atmospheric and oceanic circulation that determine regional climates.,MS-ESS2,3,Nemotron 3 Nano 30ba3,0.917,1.0,12
MS-ESS2-1,Develop a model to describe the cycling of Earth's materials and the flow of energy that drives this process.,MS-ESS2,4,Gemma 4 31b,0.875,1.0,16
MS-ESS2-2,Construct an explanation based on evidence for how geoscience processes have changed Earth's surface at varying time and spatial scales.,MS-ESS2,4,Gemma 4 31b,1.0,0.95,20
MS-ESS2-3,"Analyze and interpret data on the distribution of fossils and rocks, continental shapes, and seafloor structures to provide evidence of the past plate motions.",MS-ESS2,4,Gemma 3 27b,0.923,1.0,13
MS-ESS2-4,Develop a model to describe the cycling of water through Earth's systems driven by energy from the sun and the force of gravity.,MS-ESS2,4,Llama 3.3 70b,0.944,1.0,18
MS-ESS2-5,Collect data to provide evidence for how the motions and complex interactions of air masses result in changes in weather conditions.,MS-ESS2,4,OSS 20b,0.933,1.0,15
MS-ESS2-6,Develop and use a model to describe how unequal heating and rotation of the Earth cause patterns of atmospheric and oceanic circulation that determine regional climates.,MS-ESS2,4,Mistral Small 3.1,0.5,0.917,12
MS-ESS2-1,Develop a model to describe the cycling of Earth's materials and the flow of energy that drives this process.,MS-ESS2,5,Llama 3.3 70b,0.938,0.938,16
MS-ESS2-2,Construct an explanation based on evidence for how geoscience processes have changed Earth's surface at varying time and spatial scales.,MS-ESS2,5,Llama 3.3 70b,0.95,0.95,20
MS-ESS2-3,"Analyze and interpret data on the distribution of fossils and rocks, continental shapes, and seafloor structures to provide evidence of the past plate motions.",MS-ESS2,5,Gemma 4 31b,0.923,1.0,13
MS-ESS2-4,Develop a model to describe the cycling of water through Earth's systems driven by energy from the sun and the force of gravity.,MS-ESS2,5,Gemma 4 31b,0.944,0.944,18
MS-ESS2-5,Collect data to provide evidence for how the motions and complex interactions of air masses result in changes in weather conditions.,MS-ESS2,5,Llama 3.3 70b,0.933,0.933,15
MS-ESS2-6,Develop and use a model to describe how unequal heating and rotation of the Earth cause patterns of atmospheric and oceanic circulation that determine regional climates.,MS-ESS2,5,Llama 3.3 70b,0.833,0.833,12
MS-ESS2-1,Develop a model to describe the cycling of Earth's materials and the flow of energy that drives this process.,MS-ESS2,6,Mistral Small 3.1,0.688,0.938,16
MS-ESS2-2,Construct an explanation based on evidence for how geoscience processes have changed Earth's surface at varying time and spatial scales.,MS-ESS2,6,Granite 3.3 Instruct,0.9,0.95,20
MS-ESS2-3,"Analyze and interpret data on the distribution of fossils and rocks, continental shapes, and seafloor structures to provide evidence of the past plate motions.",MS-ESS2,6,Granite 3.3 Instruct,0.923,1.0,13
MS-ESS2-4,Develop a model to describe the cycling of water through Earth's systems driven by energy from the sun and the force of gravity.,MS-ESS2,6,OSS 20b,0.944,0.944,18
MS-ESS2-5,Collect data to provide evidence for how the motions and complex interactions of air masses result in changes in weather conditions.,MS-ESS2,6,Nemotron 3 Nano 30ba3,0.933,0.933,15
MS-ESS2-6,Develop and use a model to describe how unequal heating and rotation of the Earth cause patterns of atmospheric and oceanic circulation that determine regional climates.,MS-ESS2,6,Gemma 3 27b,0.75,0.75,12
MS-ESS2-1,Develop a model to describe the cycling of Earth's materials and the flow of energy that drives this process.,MS-ESS2,7,Gemma 3 27b,0.938,0.875,16
MS-ESS2-2,Construct an explanation based on evidence for how geoscience processes have changed Earth's surface at varying time and spatial scales.,MS-ESS2,7,Mistral Small 3.1,0.9,0.95,20
MS-ESS2-3,"Analyze and interpret data on the distribution of fossils and rocks, continental shapes, and seafloor structures to provide evidence of the past plate motions.",MS-ESS2,7,Mistral Small 3.1,0.923,1.0,13
MS-ESS2-4,Develop a model to describe the cycling of water through Earth's systems driven by energy from the sun and the force of gravity.,MS-ESS2,7,Granite 3.3 Instruct,0.833,0.944,18
MS-ESS2-5,Collect data to provide evidence for how the motions and complex interactions of air masses result in changes in weather conditions.,MS-ESS2,7,Gemma 3 27b,0.867,0.933,15
MS-ESS2-6,Develop and use a model to describe how unequal heating and rotation of the Earth cause patterns of atmospheric and oceanic circulation that determine regional climates.,MS-ESS2,7,OSS 20b,0.75,0.75,12
MS-ESS2-1,Develop a model to describe the cycling of Earth's materials and the flow of energy that drives this process.,MS-ESS2,8,OSS 20b,0.938,0.875,16
MS-ESS2-2,Construct an explanation based on evidence for how geoscience processes have changed Earth's surface at varying time and spatial scales.,MS-ESS2,8,Gemma 3 27b,0.85,0.85,20
MS-ESS2-3,"Analyze and interpret data on the distribution of fossils and rocks, continental shapes, and seafloor structures to provide evidence of the past plate motions.",MS-ESS2,8,Llama 3.3 70b,0.923,0.923,13
MS-ESS2-4,Develop a model to describe the cycling of water through Earth's systems driven by energy from the sun and the force of gravity.,MS-ESS2,8,Llama 3.1 8b,0.833,0.889,18
MS-ESS2-5,Collect data to provide evidence for how the motions and complex interactions of air masses result in changes in weather conditions.,MS-ESS2,8,Granite 3.3 Instruct,0.533,0.933,15
MS-ESS2-6,Develop and use a model to describe how unequal heating and rotation of the Earth cause patterns of atmospheric and oceanic circulation that determine regional climates.,MS-ESS2,8,Llama 3.1 8b,0.75,0.667,12
MS-ESS2-1,Develop a model to describe the cycling of Earth's materials and the flow of energy that drives this process.,MS-ESS2,9,Llama 3.1 8b,0.75,0.688,16
MS-ESS2-2,Construct an explanation based on evidence for how geoscience processes have changed Earth's surface at varying time and spatial scales.,MS-ESS2,9,Llama 3.1 8b,0.75,0.8,20
MS-ESS2-3,"Analyze and interpret data on the distribution of fossils and rocks, continental shapes, and seafloor structures to provide evidence of the past plate motions.",MS-ESS2,9,Llama 3.1 8b,0.615,0.769,13
MS-ESS2-4,Develop a model to describe the cycling of water through Earth's systems driven by energy from the sun and the force of gravity.,MS-ESS2,9,Mistral Small 3.1,0.833,0.889,18
MS-ESS2-5,Collect data to provide evidence for how the motions and complex interactions of air masses result in changes in weather conditions.,MS-ESS2,9,Llama 3.1 8b,0.733,0.867,15
MS-ESS2-6,Develop and use a model to describe how unequal heating and rotation of the Earth cause patterns of atmospheric and oceanic circulation that determine regional climates.,MS-ESS2,9,Granite 3.3 Instruct,0.583,0.5,12
MS-ESS3-1,"Construct a scientific explanation based on evidence for how the uneven distributions of Earth's mineral, energy, and groundwater resources are the result of past and current geoscience processes.",MS-ESS3,1,Gemma 4 31b,1.0,1.0,25
MS-ESS3-2,Analyze and interpret data on natural hazards to forecast future catastrophic events and inform the development of technologies to mitigate their effects.,MS-ESS3,1,Gemma 4 31b,1.0,1.0,23
MS-ESS3-3,Apply scientific principles to design a method for monitoring and minimizing a human impact on the environment.,MS-ESS3,1,Gemma 4 31b,1.0,1.0,15
MS-ESS3-4,Construct an argument supported by evidence for how increases in human population and per-capita consumption of natural resources impact Earth's systems.,MS-ESS3,1,Mistral Small 3.1,1.0,1.0,15
MS-ESS3-5,Ask questions to clarify evidence of the factors that have caused the rise in global temperatures over the past century.,MS-ESS3,1,Gemma 4 31b,1.0,1.0,13
MS-ESS3-1,"Construct a scientific explanation based on evidence for how the uneven distributions of Earth's mineral, energy, and groundwater resources are the result of past and current geoscience processes.",MS-ESS3,2,Nemotron 3 Nano 30ba3,1.0,1.0,25
MS-ESS3-2,Analyze and interpret data on natural hazards to forecast future catastrophic events and inform the development of technologies to mitigate their effects.,MS-ESS3,2,Granite 3.3 Instruct,1.0,1.0,23
MS-ESS3-3,Apply scientific principles to design a method for monitoring and minimizing a human impact on the environment.,MS-ESS3,2,Llama 3.3 70b,1.0,1.0,15
MS-ESS3-4,Construct an argument supported by evidence for how increases in human population and per-capita consumption of natural resources impact Earth's systems.,MS-ESS3,2,OSS 20b,1.0,1.0,15
MS-ESS3-5,Ask questions to clarify evidence of the factors that have caused the rise in global temperatures over the past century.,MS-ESS3,2,Llama 3.3 70b,1.0,1.0,13
MS-ESS3-1,"Construct a scientific explanation based on evidence for how the uneven distributions of Earth's mineral, energy, and groundwater resources are the result of past and current geoscience processes.",MS-ESS3,3,OSS 120b,1.0,1.0,25
MS-ESS3-2,Analyze and interpret data on natural hazards to forecast future catastrophic events and inform the development of technologies to mitigate their effects.,MS-ESS3,3,OSS 120b,0.957,1.0,23
MS-ESS3-3,Apply scientific principles to design a method for monitoring and minimizing a human impact on the environment.,MS-ESS3,3,Mistral Small 3.1,1.0,1.0,15
MS-ESS3-4,Construct an argument supported by evidence for how increases in human population and per-capita consumption of natural resources impact Earth's systems.,MS-ESS3,3,Llama 3.3 70b,0.933,1.0,15
MS-ESS3-5,Ask questions to clarify evidence of the factors that have caused the rise in global temperatures over the past century.,MS-ESS3,3,Mistral Small 3.1,1.0,1.0,13
MS-ESS3-1,"Construct a scientific explanation based on evidence for how the uneven distributions of Earth's mineral, energy, and groundwater resources are the result of past and current geoscience processes.",MS-ESS3,4,OSS 20b,0.92,1.0,25
MS-ESS3-2,Analyze and interpret data on natural hazards to forecast future catastrophic events and inform the development of technologies to mitigate their effects.,MS-ESS3,4,Nemotron 3 Nano 30ba3,0.957,0.957,23
MS-ESS3-3,Apply scientific principles to design a method for monitoring and minimizing a human impact on the environment.,MS-ESS3,4,Nemotron 3 Nano 30ba3,1.0,1.0,15
MS-ESS3-4,Construct an argument supported by evidence for how increases in human population and per-capita consumption of natural resources impact Earth's systems.,MS-ESS3,4,Gemma 4 31b,1.0,0.933,15
MS-ESS3-5,Ask questions to clarify evidence of the factors that have caused the rise in global temperatures over the past century.,MS-ESS3,4,OSS 20b,1.0,1.0,13
MS-ESS3-1,"Construct a scientific explanation based on evidence for how the uneven distributions of Earth's mineral, energy, and groundwater resources are the result of past and current geoscience processes.",MS-ESS3,5,Mistral Small 3.1,0.88,1.0,25
MS-ESS3-2,Analyze and interpret data on natural hazards to forecast future catastrophic events and inform the development of technologies to mitigate their effects.,MS-ESS3,5,OSS 20b,0.957,0.957,23
MS-ESS3-3,Apply scientific principles to design a method for monitoring and minimizing a human impact on the environment.,MS-ESS3,5,OSS 120b,1.0,1.0,15
MS-ESS3-4,Construct an argument supported by evidence for how increases in human population and per-capita consumption of natural resources impact Earth's systems.,MS-ESS3,5,Granite 3.3 Instruct,0.933,0.933,15
MS-ESS3-5,Ask questions to clarify evidence of the factors that have caused the rise in global temperatures over the past century.,MS-ESS3,5,Granite 3.3 Instruct,0.923,1.0,13
MS-ESS3-1,"Construct a scientific explanation based on evidence for how the uneven distributions of Earth's mineral, energy, and groundwater resources are the result of past and current geoscience processes.",MS-ESS3,6,Llama 3.3 70b,1.0,0.96,25
MS-ESS3-2,Analyze and interpret data on natural hazards to forecast future catastrophic events and inform the development of technologies to mitigate their effects.,MS-ESS3,6,Mistral Small 3.1,0.913,0.957,23
MS-ESS3-3,Apply scientific principles to design a method for monitoring and minimizing a human impact on the environment.,MS-ESS3,6,Granite 3.3 Instruct,0.933,1.0,15
MS-ESS3-4,Construct an argument supported by evidence for how increases in human population and per-capita consumption of natural resources impact Earth's systems.,MS-ESS3,6,Llama 3.1 8b,0.933,0.933,15
MS-ESS3-5,Ask questions to clarify evidence of the factors that have caused the rise in global temperatures over the past century.,MS-ESS3,6,Nemotron 3 Nano 30ba3,0.923,1.0,13
MS-ESS3-1,"Construct a scientific explanation based on evidence for how the uneven distributions of Earth's mineral, energy, and groundwater resources are the result of past and current geoscience processes.",MS-ESS3,7,Granite 3.3 Instruct,0.84,0.92,25
MS-ESS3-2,Analyze and interpret data on natural hazards to forecast future catastrophic events and inform the development of technologies to mitigate their effects.,MS-ESS3,7,Llama 3.3 70b,0.826,0.957,23
MS-ESS3-3,Apply scientific principles to design a method for monitoring and minimizing a human impact on the environment.,MS-ESS3,7,Llama 3.1 8b,0.933,1.0,15
MS-ESS3-4,Construct an argument supported by evidence for how increases in human population and per-capita consumption of natural resources impact Earth's systems.,MS-ESS3,7,Nemotron 3 Nano 30ba3,0.933,0.933,15
MS-ESS3-5,Ask questions to clarify evidence of the factors that have caused the rise in global temperatures over the past century.,MS-ESS3,7,OSS 120b,0.846,1.0,13
MS-ESS3-1,"Construct a scientific explanation based on evidence for how the uneven distributions of Earth's mineral, energy, and groundwater resources are the result of past and current geoscience processes.",MS-ESS3,8,Llama 3.1 8b,0.8,0.92,25
MS-ESS3-2,Analyze and interpret data on natural hazards to forecast future catastrophic events and inform the development of technologies to mitigate their effects.,MS-ESS3,8,Llama 3.1 8b,0.913,0.913,23
MS-ESS3-3,Apply scientific principles to design a method for monitoring and minimizing a human impact on the environment.,MS-ESS3,8,OSS 20b,0.933,1.0,15
MS-ESS3-4,Construct an argument supported by evidence for how increases in human population and per-capita consumption of natural resources impact Earth's systems.,MS-ESS3,8,OSS 120b,0.933,0.933,15
MS-ESS3-5,Ask questions to clarify evidence of the factors that have caused the rise in global temperatures over the past century.,MS-ESS3,8,Llama 3.1 8b,0.923,0.923,13
MS-ESS3-1,"Construct a scientific explanation based on evidence for how the uneven distributions of Earth's mineral, energy, and groundwater resources are the result of past and current geoscience processes.",MS-ESS3,9,Gemma 3 27b,0.92,0.84,25
MS-ESS3-2,Analyze and interpret data on natural hazards to forecast future catastrophic events and inform the development of technologies to mitigate their effects.,MS-ESS3,9,Gemma 3 27b,0.913,0.826,23
MS-ESS3-3,Apply scientific principles to design a method for monitoring and minimizing a human impact on the environment.,MS-ESS3,9,Gemma 3 27b,0.8,0.867,15
MS-ESS3-4,Construct an argument supported by evidence for how increases in human population and per-capita consumption of natural resources impact Earth's systems.,MS-ESS3,9,Gemma 3 27b,0.867,0.867,15
MS-ESS3-5,Ask questions to clarify evidence of the factors that have caused the rise in global temperatures over the past century.,MS-ESS3,9,Gemma 3 27b,0.846,0.923,13
MS-ETS1-1,"Define the criteria and constraints of a design problem with sufficient precision to ensure a successful solution, taking into account relevant scientific principles and potential impacts on people and the natural environment that may limit possible solutions.",MS-ETS1,1,Gemma 3 27b,1.0,1.0,28
MS-ETS1-2,Evaluate competing design solutions using a systematic process to determine how well they meet the criteria and constraints of the problem.,MS-ETS1,1,Gemma 3 27b,1.0,1.0,18
MS-ETS1-3,Analyze data from tests to determine similarities and differences among several design solutions to identify the best characteristics of each that can be combined into a new solution to better meet the criteria for success.,MS-ETS1,1,Llama 3.3 70b,1.0,1.0,19
MS-ETS1-4,"Develop a model to generate data for iterative testing and modification of a proposed object, tool, or process such that an optimal design can be achieved.",MS-ETS1,1,Gemma 4 31b,1.0,1.0,23
MS-ETS1-1,"Define the criteria and constraints of a design problem with sufficient precision to ensure a successful solution, taking into account relevant scientific principles and potential impacts on people and the natural environment that may limit possible solutions.",MS-ETS1,2,Gemma 4 31b,1.0,1.0,28
MS-ETS1-2,Evaluate competing design solutions using a systematic process to determine how well they meet the criteria and constraints of the problem.,MS-ETS1,2,Gemma 4 31b,1.0,1.0,18
MS-ETS1-3,Analyze data from tests to determine similarities and differences among several design solutions to identify the best characteristics of each that can be combined into a new solution to better meet the criteria for success.,MS-ETS1,2,OSS 20b,1.0,1.0,19
MS-ETS1-4,"Develop a model to generate data for iterative testing and modification of a proposed object, tool, or process such that an optimal design can be achieved.",MS-ETS1,2,Llama 3.1 8b,1.0,1.0,23
MS-ETS1-1,"Define the criteria and constraints of a design problem with sufficient precision to ensure a successful solution, taking into account relevant scientific principles and potential impacts on people and the natural environment that may limit possible solutions.",MS-ETS1,3,Mistral Small 3.1,1.0,1.0,28
MS-ETS1-2,Evaluate competing design solutions using a systematic process to determine how well they meet the criteria and constraints of the problem.,MS-ETS1,3,Llama 3.1 8b,1.0,1.0,18
MS-ETS1-3,Analyze data from tests to determine similarities and differences among several design solutions to identify the best characteristics of each that can be combined into a new solution to better meet the criteria for success.,MS-ETS1,3,OSS 120b,0.947,1.0,19
MS-ETS1-4,"Develop a model to generate data for iterative testing and modification of a proposed object, tool, or process such that an optimal design can be achieved.",MS-ETS1,3,Mistral Small 3.1,1.0,1.0,23
MS-ETS1-1,"Define the criteria and constraints of a design problem with sufficient precision to ensure a successful solution, taking into account relevant scientific principles and potential impacts on people and the natural environment that may limit possible solutions.",MS-ETS1,4,Nemotron 3 Nano 30ba3,1.0,1.0,28
MS-ETS1-2,Evaluate competing design solutions using a systematic process to determine how well they meet the criteria and constraints of the problem.,MS-ETS1,4,Llama 3.3 70b,1.0,1.0,18
MS-ETS1-3,Analyze data from tests to determine similarities and differences among several design solutions to identify the best characteristics of each that can be combined into a new solution to better meet the criteria for success.,MS-ETS1,4,Nemotron 3 Nano 30ba3,1.0,0.947,19
MS-ETS1-4,"Develop a model to generate data for iterative testing and modification of a proposed object, tool, or process such that an optimal design can be achieved.",MS-ETS1,4,Nemotron 3 Nano 30ba3,1.0,1.0,23
MS-ETS1-1,"Define the criteria and constraints of a design problem with sufficient precision to ensure a successful solution, taking into account relevant scientific principles and potential impacts on people and the natural environment that may limit possible solutions.",MS-ETS1,5,OSS 120b,1.0,1.0,28
MS-ETS1-2,Evaluate competing design solutions using a systematic process to determine how well they meet the criteria and constraints of the problem.,MS-ETS1,5,Mistral Small 3.1,1.0,1.0,18
MS-ETS1-3,Analyze data from tests to determine similarities and differences among several design solutions to identify the best characteristics of each that can be combined into a new solution to better meet the criteria for success.,MS-ETS1,5,Gemma 4 31b,0.947,0.947,19
MS-ETS1-4,"Develop a model to generate data for iterative testing and modification of a proposed object, tool, or process such that an optimal design can be achieved.",MS-ETS1,5,OSS 120b,1.0,1.0,23
MS-ETS1-1,"Define the criteria and constraints of a design problem with sufficient precision to ensure a successful solution, taking into account relevant scientific principles and potential impacts on people and the natural environment that may limit possible solutions.",MS-ETS1,6,OSS 20b,1.0,1.0,28
MS-ETS1-2,Evaluate competing design solutions using a systematic process to determine how well they meet the criteria and constraints of the problem.,MS-ETS1,6,Nemotron 3 Nano 30ba3,1.0,1.0,18
MS-ETS1-3,Analyze data from tests to determine similarities and differences among several design solutions to identify the best characteristics of each that can be combined into a new solution to better meet the criteria for success.,MS-ETS1,6,Granite 3.3 Instruct,0.947,0.947,19
MS-ETS1-4,"Develop a model to generate data for iterative testing and modification of a proposed object, tool, or process such that an optimal design can be achieved.",MS-ETS1,6,OSS 20b,1.0,1.0,23
MS-ETS1-1,"Define the criteria and constraints of a design problem with sufficient precision to ensure a successful solution, taking into account relevant scientific principles and potential impacts on people and the natural environment that may limit possible solutions.",MS-ETS1,7,Llama 3.1 8b,0.964,1.0,28
MS-ETS1-2,Evaluate competing design solutions using a systematic process to determine how well they meet the criteria and constraints of the problem.,MS-ETS1,7,OSS 120b,1.0,1.0,18
MS-ETS1-3,Analyze data from tests to determine similarities and differences among several design solutions to identify the best characteristics of each that can be combined into a new solution to better meet the criteria for success.,MS-ETS1,7,Llama 3.1 8b,0.947,0.947,19
MS-ETS1-4,"Develop a model to generate data for iterative testing and modification of a proposed object, tool, or process such that an optimal design can be achieved.",MS-ETS1,7,Granite 3.3 Instruct,0.957,0.957,23
MS-ETS1-1,"Define the criteria and constraints of a design problem with sufficient precision to ensure a successful solution, taking into account relevant scientific principles and potential impacts on people and the natural environment that may limit possible solutions.",MS-ETS1,8,Llama 3.3 70b,0.964,1.0,28
MS-ETS1-2,Evaluate competing design solutions using a systematic process to determine how well they meet the criteria and constraints of the problem.,MS-ETS1,8,OSS 20b,1.0,1.0,18
MS-ETS1-3,Analyze data from tests to determine similarities and differences among several design solutions to identify the best characteristics of each that can be combined into a new solution to better meet the criteria for success.,MS-ETS1,8,Mistral Small 3.1,0.947,0.947,19
MS-ETS1-4,"Develop a model to generate data for iterative testing and modification of a proposed object, tool, or process such that an optimal design can be achieved.",MS-ETS1,8,Llama 3.3 70b,0.957,0.957,23
MS-ETS1-1,"Define the criteria and constraints of a design problem with sufficient precision to ensure a successful solution, taking into account relevant scientific principles and potential impacts on people and the natural environment that may limit possible solutions.",MS-ETS1,9,Granite 3.3 Instruct,0.929,0.964,28
MS-ETS1-2,Evaluate competing design solutions using a systematic process to determine how well they meet the criteria and constraints of the problem.,MS-ETS1,9,Granite 3.3 Instruct,0.889,0.944,18
MS-ETS1-3,Analyze data from tests to determine similarities and differences among several design solutions to identify the best characteristics of each that can be combined into a new solution to better meet the criteria for success.,MS-ETS1,9,Gemma 3 27b,0.895,0.842,19
MS-ETS1-4,"Develop a model to generate data for iterative testing and modification of a proposed object, tool, or process such that an optimal design can be achieved.",MS-ETS1,9,Gemma 3 27b,0.739,0.783,23
